scope,window,case,side,report,report_sha256,module_sha256,point,protocol,sample,repetitions,perCallMs,executionMs,firstCallMs,importMs,peakRssKiB,halfDriftPercent,warmupCalls,warmupMs,halves,halfCostMs
original-program,mandelbrot-timing,mandelbrot,typescript,/home/ai/bend2/build/publish/bend/selfhost/build/phase30/final-transfer-plan-14/mandelbrot-timing/report.json,fee9553bc7a10d96bae841c0d4d6ff7a549c3cc7dc5a6c30597c2b1ab15fe39d,037f070e948ab7701364b7413c624bca4327db0bc6171ac4523b906d2ae9e222,"{""args"":[2,0],""expected"":887240761,""exportName"":""bench"",""warmupCalls"":3,""warmupMs"":1000,""calibrationMs"":100}",transfer,0,6633,0.04581537132519223,303.89335800000003,5.6115469999999945,1.1317099999999982,61008,-0.7098268924725315,20756,1000.0586040000001,"[{""calls"":3316,""ms"":152.44509199999993},{""calls"":3317,""ms"":151.40864199999987}]","[0.04597258504221952,0.045646259270425045]"
original-program,mandelbrot-timing,mandelbrot,typescript,/home/ai/bend2/build/publish/bend/selfhost/build/phase30/final-transfer-plan-14/mandelbrot-timing/report.json,fee9553bc7a10d96bae841c0d4d6ff7a549c3cc7dc5a6c30597c2b1ab15fe39d,037f070e948ab7701364b7413c624bca4327db0bc6171ac4523b906d2ae9e222,"{""args"":[2,0],""expected"":887240761,""exportName"":""bench"",""warmupCalls"":3,""warmupMs"":1000,""calibrationMs"":100}",transfer,1,6633,0.04530154831901103,300.48517000000015,5.614346999999995,1.127673999999999,61596,-0.08589824336239227,20789,1000.046675,"[{""calls"":3316,""ms"":150.26897799999983},{""calls"":3317,""ms"":150.18517700000007}]","[0.04531633835946919,0.045277412420862244]"
original-program,mandelbrot-timing,mandelbrot,typescript,/home/ai/bend2/build/publish/bend/selfhost/build/phase30/final-transfer-plan-14/mandelbrot-timing/report.json,fee9553bc7a10d96bae841c0d4d6ff7a549c3cc7dc5a6c30597c2b1ab15fe39d,037f070e948ab7701364b7413c624bca4327db0bc6171ac4523b906d2ae9e222,"{""args"":[2,0],""expected"":887240761,""exportName"":""bench"",""warmupCalls"":3,""warmupMs"":1000,""calibrationMs"":100}",transfer,2,6633,0.045967031509121056,304.89932,5.740835000000004,1.1633720000000025,61008,1.2941554393308463,20717,1000.064384,"[{""calls"":3316,""ms"":151.42863799999986},{""calls"":3317,""ms"":153.43461700000012}]","[0.04566605488540406,0.04625704461863133]"
original-program,mandelbrot-timing,mandelbrot,typescript,/home/ai/bend2/build/publish/bend/selfhost/build/phase30/final-transfer-plan-14/mandelbrot-timing/report.json,fee9553bc7a10d96bae841c0d4d6ff7a549c3cc7dc5a6c30597c2b1ab15fe39d,037f070e948ab7701364b7413c624bca4327db0bc6171ac4523b906d2ae9e222,"{""args"":[2,0],""expected"":887240761,""exportName"":""bench"",""warmupCalls"":3,""warmupMs"":1000,""calibrationMs"":100}",transfer,3,6633,0.045686719583898694,303.04001100000005,5.877322000000007,1.1497659999999996,61152,-0.060891585073019616,20762,1000.04721,"[{""calls"":3316,""ms"":151.5260270000001},{""calls"":3317,""ms"":151.47942799999987}]","[0.04569542430639328,0.04566759963822727]"
original-program,mandelbrot-timing,mandelbrot,typescript,/home/ai/bend2/build/publish/bend/selfhost/build/phase30/final-transfer-plan-14/mandelbrot-timing/report.json,fee9553bc7a10d96bae841c0d4d6ff7a549c3cc7dc5a6c30597c2b1ab15fe39d,037f070e948ab7701364b7413c624bca4327db0bc6171ac4523b906d2ae9e222,"{""args"":[2,0],""expected"":887240761,""exportName"":""bench"",""warmupCalls"":3,""warmupMs"":1000,""calibrationMs"":100}",transfer,4,6633,0.04535714895220865,300.853969,5.719616999999992,1.1368579999999966,61048,0.028695182141014186,20737,1000.0475400000001,"[{""calls"":3316,""ms"":150.36700799999994},{""calls"":3317,""ms"":150.4555150000001}]","[0.04534590108564534,0.04535891317455535]"
original-program,mandelbrot-timing,mandelbrot,phase29,/home/ai/bend2/build/publish/bend/selfhost/build/phase30/final-transfer-plan-14/mandelbrot-timing/report.json,fee9553bc7a10d96bae841c0d4d6ff7a549c3cc7dc5a6c30597c2b1ab15fe39d,11977282d5c364224eb3ac540fe3885345531d5819a68e5facfc72b03a836033,"{""args"":[2,0],""expected"":887240761,""exportName"":""bench"",""warmupCalls"":3,""warmupMs"":1000,""calibrationMs"":100}",transfer,0,14,21.473749928571433,300.63249900000005,76.30495200000001,19.730821000000006,72696,-1.1156292301539028,41,1021.6755459999999,"[{""calls"":7,""ms"":151.13811600000008},{""calls"":7,""ms"":149.45197500000017}]","[21.59115942857144,21.350282142857168]"
original-program,mandelbrot-timing,mandelbrot,phase29,/home/ai/bend2/build/publish/bend/selfhost/build/phase30/final-transfer-plan-14/mandelbrot-timing/report.json,fee9553bc7a10d96bae841c0d4d6ff7a549c3cc7dc5a6c30597c2b1ab15fe39d,11977282d5c364224eb3ac540fe3885345531d5819a68e5facfc72b03a836033,"{""args"":[2,0],""expected"":887240761,""exportName"":""bench"",""warmupCalls"":3,""warmupMs"":1000,""calibrationMs"":100}",transfer,1,14,21.358437571428585,299.01812600000017,76.972427,19.815915000000004,74688,-0.8224178057531173,41,1016.3051790000001,"[{""calls"":7,""ms"":150.10375399999998},{""calls"":7,""ms"":148.86927400000013}]","[21.443393428571426,21.26703914285716]"
original-program,mandelbrot-timing,mandelbrot,phase29,/home/ai/bend2/build/publish/bend/selfhost/build/phase30/final-transfer-plan-14/mandelbrot-timing/report.json,fee9553bc7a10d96bae841c0d4d6ff7a549c3cc7dc5a6c30597c2b1ab15fe39d,11977282d5c364224eb3ac540fe3885345531d5819a68e5facfc72b03a836033,"{""args"":[2,0],""expected"":887240761,""exportName"":""bench"",""warmupCalls"":3,""warmupMs"":1000,""calibrationMs"":100}",transfer,2,14,21.33789735714286,298.7305630000001,76.048442,19.734095999999994,72788,-1.4971124646401601,41,1015.8134799999999,"[{""calls"":7,""ms"":150.470192},{""calls"":7,""ms"":148.217484}]","[21.495741714285714,21.173926285714288]"
original-program,mandelbrot-timing,mandelbrot,phase29,/home/ai/bend2/build/publish/bend/selfhost/build/phase30/final-transfer-plan-14/mandelbrot-timing/report.json,fee9553bc7a10d96bae841c0d4d6ff7a549c3cc7dc5a6c30597c2b1ab15fe39d,11977282d5c364224eb3ac540fe3885345531d5819a68e5facfc72b03a836033,"{""args"":[2,0],""expected"":887240761,""exportName"":""bench"",""warmupCalls"":3,""warmupMs"":1000,""calibrationMs"":100}",transfer,3,14,23.09766557142856,323.36731799999984,76.473069,19.684779,75724,-9.203243498229774,41,1025.9614100000001,"[{""calls"":7,""ms"":169.458887},{""calls"":7,""ms"":153.86317299999996}]","[24.208412428571428,21.98045328571428]"
original-program,mandelbrot-timing,mandelbrot,phase29,/home/ai/bend2/build/publish/bend/selfhost/build/phase30/final-transfer-plan-14/mandelbrot-timing/report.json,fee9553bc7a10d96bae841c0d4d6ff7a549c3cc7dc5a6c30597c2b1ab15fe39d,11977282d5c364224eb3ac540fe3885345531d5819a68e5facfc72b03a836033,"{""args"":[2,0],""expected"":887240761,""exportName"":""bench"",""warmupCalls"":3,""warmupMs"":1000,""calibrationMs"":100}",transfer,4,14,21.511459071428572,301.160427,75.86185900000001,19.833194000000006,74332,-2.819106172504837,41,1020.6682280000001,"[{""calls"":7,""ms"":152.71092099999987},{""calls"":7,""ms"":148.4058379999999}]","[21.81584585714284,21.200833999999986]"
original-program,mandelbrot-timing,mandelbrot,candidate,/home/ai/bend2/build/publish/bend/selfhost/build/phase30/final-transfer-plan-14/mandelbrot-timing/report.json,fee9553bc7a10d96bae841c0d4d6ff7a549c3cc7dc5a6c30597c2b1ab15fe39d,5beb848e33306470aa9ddd8f160067b3b1ebfbc4181601a27a9d1b8fbfb064c9,"{""args"":[2,0],""expected"":887240761,""exportName"":""bench"",""warmupCalls"":3,""warmupMs"":1000,""calibrationMs"":100}",transfer,0,1364,0.22059066715542514,300.8856699999999,10.607107,20.866356000000003,71608,-0.8949797988209163,3666,1000.0096730000001,"[{""calls"":682,""ms"":151.09860600000002},{""calls"":682,""ms"":149.746304}]","[0.22155220821114371,0.21956936070381233]"
original-program,mandelbrot-timing,mandelbrot,candidate,/home/ai/bend2/build/publish/bend/selfhost/build/phase30/final-transfer-plan-14/mandelbrot-timing/report.json,fee9553bc7a10d96bae841c0d4d6ff7a549c3cc7dc5a6c30597c2b1ab15fe39d,5beb848e33306470aa9ddd8f160067b3b1ebfbc4181601a27a9d1b8fbfb064c9,"{""args"":[2,0],""expected"":887240761,""exportName"":""bench"",""warmupCalls"":3,""warmupMs"":1000,""calibrationMs"":100}",transfer,1,1364,0.2191498636363636,298.92041399999994,10.605439000000004,20.731157000000003,71328,0.039016160142235634,3674,1000.137162,"[{""calls"":682,""ms"":149.40988500000003},{""calls"":682,""ms"":149.46817899999996}]","[0.21907607771261,0.2191615527859237]"
original-program,mandelbrot-timing,mandelbrot,candidate,/home/ai/bend2/build/publish/bend/selfhost/build/phase30/final-transfer-plan-14/mandelbrot-timing/report.json,fee9553bc7a10d96bae841c0d4d6ff7a549c3cc7dc5a6c30597c2b1ab15fe39d,5beb848e33306470aa9ddd8f160067b3b1ebfbc4181601a27a9d1b8fbfb064c9,"{""args"":[2,0],""expected"":887240761,""exportName"":""bench"",""warmupCalls"":3,""warmupMs"":1000,""calibrationMs"":100}",transfer,2,1364,0.22303885410557187,304.22499700000003,10.660350999999991,20.83744,71512,-2.1452456452416446,3659,1000.3143420000001,"[{""calls"":682,""ms"":153.74038900000005},{""calls"":682,""ms"":150.44227999999998}]","[0.22542579032258073,0.220589853372434]"
original-program,mandelbrot-timing,mandelbrot,candidate,/home/ai/bend2/build/publish/bend/selfhost/build/phase30/final-transfer-plan-14/mandelbrot-timing/report.json,fee9553bc7a10d96bae841c0d4d6ff7a549c3cc7dc5a6c30597c2b1ab15fe39d,5beb848e33306470aa9ddd8f160067b3b1ebfbc4181601a27a9d1b8fbfb064c9,"{""args"":[2,0],""expected"":887240761,""exportName"":""bench"",""warmupCalls"":3,""warmupMs"":1000,""calibrationMs"":100}",transfer,3,1364,0.22609933211143687,308.3994889999999,10.858750999999998,20.908422,71796,-0.20577438218370991,3666,1000.537712,"[{""calls"":682,""ms"":154.336996},{""calls"":682,""ms"":154.0194100000001}]","[0.2263005806451613,0.22583491202346057]"
original-program,mandelbrot-timing,mandelbrot,candidate,/home/ai/bend2/build/publish/bend/selfhost/build/phase30/final-transfer-plan-14/mandelbrot-timing/report.json,fee9553bc7a10d96bae841c0d4d6ff7a549c3cc7dc5a6c30597c2b1ab15fe39d,5beb848e33306470aa9ddd8f160067b3b1ebfbc4181601a27a9d1b8fbfb064c9,"{""args"":[2,0],""expected"":887240761,""exportName"":""bench"",""warmupCalls"":3,""warmupMs"":1000,""calibrationMs"":100}",transfer,4,1364,0.21959820454545467,299.53195100000016,10.707131000000004,20.826610000000002,70928,-0.9848111445708296,3666,1002.2624870000001,"[{""calls"":682,""ms"":150.4854009999999},{""calls"":682,""ms"":149.00340399999982}]","[0.22065308064516115,0.21848006451612875]"
original-program,editdist-timing,editdist,typescript,/home/ai/bend2/build/publish/bend/selfhost/build/phase30/final-transfer-plan-14/editdist-timing/report.json,710952a899721a80331973b69fa5c97606835937f74f74ee03faf80312f8d574,33721b7770aa4e367896cf1b842cc8ec309dced3a2608e25c5709217474eabc6,"{""args"":[2,0],""expected"":2065873279,""exportName"":""bench"",""warmupCalls"":3,""warmupMs"":1000,""calibrationMs"":100}",transfer,0,61,4.941105836065576,301.40745600000014,25.407193000000007,1.0786090000000002,76712,-0.924189086592353,194,1000.523113,"[{""calls"":30,""ms"":148.90940999999998},{""calls"":31,""ms"":152.45097899999996}]","[4.963646999999999,4.917773516129031]"
original-program,editdist-timing,editdist,typescript,/home/ai/bend2/build/publish/bend/selfhost/build/phase30/final-transfer-plan-14/editdist-timing/report.json,710952a899721a80331973b69fa5c97606835937f74f74ee03faf80312f8d574,33721b7770aa4e367896cf1b842cc8ec309dced3a2608e25c5709217474eabc6,"{""args"":[2,0],""expected"":2065873279,""exportName"":""bench"",""warmupCalls"":3,""warmupMs"":1000,""calibrationMs"":100}",transfer,1,61,4.921688803278689,300.223017,25.455540999999997,1.065066999999999,76616,-0.10382743474202094,187,1000.2889309999999,"[{""calls"":30,""ms"":147.70423300000016},{""calls"":31,""ms"":152.4692379999999}]","[4.923474433333339,4.918362516129029]"
original-program,editdist-timing,editdist,typescript,/home/ai/bend2/build/publish/bend/selfhost/build/phase30/final-transfer-plan-14/editdist-timing/report.json,710952a899721a80331973b69fa5c97606835937f74f74ee03faf80312f8d574,33721b7770aa4e367896cf1b842cc8ec309dced3a2608e25c5709217474eabc6,"{""args"":[2,0],""expected"":2065873279,""exportName"":""bench"",""warmupCalls"":3,""warmupMs"":1000,""calibrationMs"":100}",transfer,2,61,4.949878557377051,301.9425920000001,25.411125999999996,1.049984000000002,76756,-1.7039831827299845,195,1004.332954,"[{""calls"":30,""ms"":149.7690970000001},{""calls"":31,""ms"":152.12429199999997}]","[4.992303233333336,4.907235225806451]"
original-program,editdist-timing,editdist,typescript,/home/ai/bend2/build/publish/bend/selfhost/build/phase30/final-transfer-plan-14/editdist-timing/report.json,710952a899721a80331973b69fa5c97606835937f74f74ee03faf80312f8d574,33721b7770aa4e367896cf1b842cc8ec309dced3a2608e25c5709217474eabc6,"{""args"":[2,0],""expected"":2065873279,""exportName"":""bench"",""warmupCalls"":3,""warmupMs"":1000,""calibrationMs"":100}",transfer,3,61,4.929327377049179,300.6889699999999,25.454398999999995,1.0484200000000001,76832,0.8263353866466483,194,1000.353762,"[{""calls"":30,""ms"":147.23749799999996},{""calls"":31,""ms"":153.402646}]","[4.907916599999998,4.948472451612903]"
original-program,editdist-timing,editdist,typescript,/home/ai/bend2/build/publish/bend/selfhost/build/phase30/final-transfer-plan-14/editdist-timing/report.json,710952a899721a80331973b69fa5c97606835937f74f74ee03faf80312f8d574,33721b7770aa4e367896cf1b842cc8ec309dced3a2608e25c5709217474eabc6,"{""args"":[2,0],""expected"":2065873279,""exportName"":""bench"",""warmupCalls"":3,""warmupMs"":1000,""calibrationMs"":100}",transfer,4,61,4.912445213114753,299.65915799999993,25.372310999999996,1.0496079999999992,76876,0.0675744864550687,194,1001.817746,"[{""calls"":30,""ms"":147.29905600000006},{""calls"":31,""ms"":152.3118790000001}]","[4.909968533333336,4.913286419354842]"
original-program,editdist-timing,editdist,phase29,/home/ai/bend2/build/publish/bend/selfhost/build/phase30/final-transfer-plan-14/editdist-timing/report.json,710952a899721a80331973b69fa5c97606835937f74f74ee03faf80312f8d574,b8ef74706cdc0fc6c9205046b34b4a686ca501cee847ea43a2fcd830a0383ac3,"{""args"":[2,0],""expected"":2065873279,""exportName"":""bench"",""warmupCalls"":3,""warmupMs"":1000,""calibrationMs"":100}",transfer,0,1,2047.244956999999,2047.244956999999,2290.380816,19.763675000000006,79148,,3,6183.455280999999,"[{""calls"":1,""ms"":2047.2074150000008}]",[2047.2074150000008]
original-program,editdist-timing,editdist,phase29,/home/ai/bend2/build/publish/bend/selfhost/build/phase30/final-transfer-plan-14/editdist-timing/report.json,710952a899721a80331973b69fa5c97606835937f74f74ee03faf80312f8d574,b8ef74706cdc0fc6c9205046b34b4a686ca501cee847ea43a2fcd830a0383ac3,"{""args"":[2,0],""expected"":2065873279,""exportName"":""bench"",""warmupCalls"":3,""warmupMs"":1000,""calibrationMs"":100}",transfer,1,1,2020.7146869999997,2020.7146869999997,2230.192653,20.21307499999999,79840,,3,6110.798387000001,"[{""calls"":1,""ms"":2020.675503999999}]",[2020.675503999999]
original-program,editdist-timing,editdist,phase29,/home/ai/bend2/build/publish/bend/selfhost/build/phase30/final-transfer-plan-14/editdist-timing/report.json,710952a899721a80331973b69fa5c97606835937f74f74ee03faf80312f8d574,b8ef74706cdc0fc6c9205046b34b4a686ca501cee847ea43a2fcd830a0383ac3,"{""args"":[2,0],""expected"":2065873279,""exportName"":""bench"",""warmupCalls"":3,""warmupMs"":1000,""calibrationMs"":100}",transfer,2,1,2025.1835530000008,2025.1835530000008,2233.629114,20.30708200000001,79528,,3,6092.631551,"[{""calls"":1,""ms"":2025.1487670000006}]",[2025.1487670000006]
original-program,editdist-timing,editdist,phase29,/home/ai/bend2/build/publish/bend/selfhost/build/phase30/final-transfer-plan-14/editdist-timing/report.json,710952a899721a80331973b69fa5c97606835937f74f74ee03faf80312f8d574,b8ef74706cdc0fc6c9205046b34b4a686ca501cee847ea43a2fcd830a0383ac3,"{""args"":[2,0],""expected"":2065873279,""exportName"":""bench"",""warmupCalls"":3,""warmupMs"":1000,""calibrationMs"":100}",transfer,3,1,2050.5096810000014,2050.5096810000014,2258.724707,20.334351999999996,79440,,3,6192.768211,"[{""calls"":1,""ms"":2050.4739329999993}]",[2050.4739329999993]
original-program,editdist-timing,editdist,phase29,/home/ai/bend2/build/publish/bend/selfhost/build/phase30/final-transfer-plan-14/editdist-timing/report.json,710952a899721a80331973b69fa5c97606835937f74f74ee03faf80312f8d574,b8ef74706cdc0fc6c9205046b34b4a686ca501cee847ea43a2fcd830a0383ac3,"{""args"":[2,0],""expected"":2065873279,""exportName"":""bench"",""warmupCalls"":3,""warmupMs"":1000,""calibrationMs"":100}",transfer,4,1,2029.574745,2029.574745,2234.604749,20.08659,79104,,3,6125.831805999999,"[{""calls"":1,""ms"":2029.5384880000001}]",[2029.5384880000001]
original-program,editdist-timing,editdist,candidate,/home/ai/bend2/build/publish/bend/selfhost/build/phase30/final-transfer-plan-14/editdist-timing/report.json,710952a899721a80331973b69fa5c97606835937f74f74ee03faf80312f8d574,10c684a5ff9768630848afd3b9ec455cc24fad3a265a37c7d095d1736afe3e32,"{""args"":[2,0],""expected"":2065873279,""exportName"":""bench"",""warmupCalls"":3,""warmupMs"":1000,""calibrationMs"":100}",transfer,0,1,2435.4807679999994,2435.4807679999994,2700.390365,24.188716,78600,,3,7419.941595999999,"[{""calls"":1,""ms"":2435.446925}]",[2435.446925]
original-program,editdist-timing,editdist,candidate,/home/ai/bend2/build/publish/bend/selfhost/build/phase30/final-transfer-plan-14/editdist-timing/report.json,710952a899721a80331973b69fa5c97606835937f74f74ee03faf80312f8d574,10c684a5ff9768630848afd3b9ec455cc24fad3a265a37c7d095d1736afe3e32,"{""args"":[2,0],""expected"":2065873279,""exportName"":""bench"",""warmupCalls"":3,""warmupMs"":1000,""calibrationMs"":100}",transfer,1,1,2444.7423470000012,2444.7423470000012,2654.186679,20.250116000000006,78916,,3,7378.717150999999,"[{""calls"":1,""ms"":2444.7100839999985}]",[2444.7100839999985]
original-program,editdist-timing,editdist,candidate,/home/ai/bend2/build/publish/bend/selfhost/build/phase30/final-transfer-plan-14/editdist-timing/report.json,710952a899721a80331973b69fa5c97606835937f74f74ee03faf80312f8d574,10c684a5ff9768630848afd3b9ec455cc24fad3a265a37c7d095d1736afe3e32,"{""args"":[2,0],""expected"":2065873279,""exportName"":""bench"",""warmupCalls"":3,""warmupMs"":1000,""calibrationMs"":100}",transfer,2,1,2418.8257780000004,2418.8257780000004,2638.071433,20.053736,79312,,3,7312.386682,"[{""calls"":1,""ms"":2418.792956000001}]",[2418.792956000001]
original-program,editdist-timing,editdist,candidate,/home/ai/bend2/build/publish/bend/selfhost/build/phase30/final-transfer-plan-14/editdist-timing/report.json,710952a899721a80331973b69fa5c97606835937f74f74ee03faf80312f8d574,10c684a5ff9768630848afd3b9ec455cc24fad3a265a37c7d095d1736afe3e32,"{""args"":[2,0],""expected"":2065873279,""exportName"":""bench"",""warmupCalls"":3,""warmupMs"":1000,""calibrationMs"":100}",transfer,3,1,2461.217501000001,2461.217501000001,2655.463798,20.010761000000002,79748,,3,7404.504306,"[{""calls"":1,""ms"":2461.184368}]",[2461.184368]
original-program,editdist-timing,editdist,candidate,/home/ai/bend2/build/publish/bend/selfhost/build/phase30/final-transfer-plan-14/editdist-timing/report.json,710952a899721a80331973b69fa5c97606835937f74f74ee03faf80312f8d574,10c684a5ff9768630848afd3b9ec455cc24fad3a265a37c7d095d1736afe3e32,"{""args"":[2,0],""expected"":2065873279,""exportName"":""bench"",""warmupCalls"":3,""warmupMs"":1000,""calibrationMs"":100}",transfer,4,1,2430.203708000001,2430.203708000001,2635.817716,20.134979,79140,,3,7293.470819,"[{""calls"":1,""ms"":2430.1708369999997}]",[2430.1708369999997]
original-program,tree-bitonic-timing,tree-bitonic,typescript,/home/ai/bend2/build/publish/bend/selfhost/build/phase30/final-transfer-plan-14/tree-bitonic-timing/report.json,b8001e18308d196e3b84c80f18f94382064ed0cb9d431438a50ff11d27fc6a09,c24fff66dd20c4579b7912b42450f1574e4c0b7a84e5d8b2d3d1d1345ef2b159,"{""args"":[8,0],""expected"":971629740,""exportName"":""bench"",""warmupCalls"":3,""warmupMs"":1000,""calibrationMs"":100}",transfer,0,1056,0.312280675189394,329.76839300000006,5.199061999999991,0.9744710000000012,91720,5.206634106063057,3393,1000.224411,"[{""calls"":528,""ms"":160.67720200000008},{""calls"":528,""ms"":169.04307599999993}]","[0.3043128825757577,0.32015734090909076]"
original-program,tree-bitonic-timing,tree-bitonic,typescript,/home/ai/bend2/build/publish/bend/selfhost/build/phase30/final-transfer-plan-14/tree-bitonic-timing/report.json,b8001e18308d196e3b84c80f18f94382064ed0cb9d431438a50ff11d27fc6a09,c24fff66dd20c4579b7912b42450f1574e4c0b7a84e5d8b2d3d1d1345ef2b159,"{""args"":[8,0],""expected"":971629740,""exportName"":""bench"",""warmupCalls"":3,""warmupMs"":1000,""calibrationMs"":100}",transfer,1,1056,0.2789658882575758,294.587978,5.199943999999995,0.9701199999999943,91748,2.2130666614837757,3437,1000.1691429999998,"[{""calls"":528,""ms"":145.65986900000007},{""calls"":528,""ms"":148.883419}]","[0.27587096401515165,0.2819761723484849]"
original-program,tree-bitonic-timing,tree-bitonic,typescript,/home/ai/bend2/build/publish/bend/selfhost/build/phase30/final-transfer-plan-14/tree-bitonic-timing/report.json,b8001e18308d196e3b84c80f18f94382064ed0cb9d431438a50ff11d27fc6a09,c24fff66dd20c4579b7912b42450f1574e4c0b7a84e5d8b2d3d1d1345ef2b159,"{""args"":[8,0],""expected"":971629740,""exportName"":""bench"",""warmupCalls"":3,""warmupMs"":1000,""calibrationMs"":100}",transfer,2,1056,0.280754540719697,296.47679500000004,5.202356999999992,0.9763109999999955,91752,1.8577200686273665,3399,1000.073939,"[{""calls"":528,""ms"":146.8513499999999},{""calls"":528,""ms"":149.5794370000001}]","[0.27812755681818163,0.28329438825757597]"
original-program,tree-bitonic-timing,tree-bitonic,typescript,/home/ai/bend2/build/publish/bend/selfhost/build/phase30/final-transfer-plan-14/tree-bitonic-timing/report.json,b8001e18308d196e3b84c80f18f94382064ed0cb9d431438a50ff11d27fc6a09,c24fff66dd20c4579b7912b42450f1574e4c0b7a84e5d8b2d3d1d1345ef2b159,"{""args"":[8,0],""expected"":971629740,""exportName"":""bench"",""warmupCalls"":3,""warmupMs"":1000,""calibrationMs"":100}",transfer,3,1056,0.28679970265151516,302.86048600000004,5.334697000000006,1.001129000000006,91760,7.194984974436114,3394,1000.1007319999999,"[{""calls"":528,""ms"":146.14992299999994},{""calls"":528,""ms"":156.6653879999999}]","[0.276799096590909,0.2967147499999998]"
original-program,tree-bitonic-timing,tree-bitonic,typescript,/home/ai/bend2/build/publish/bend/selfhost/build/phase30/final-transfer-plan-14/tree-bitonic-timing/report.json,b8001e18308d196e3b84c80f18f94382064ed0cb9d431438a50ff11d27fc6a09,c24fff66dd20c4579b7912b42450f1574e4c0b7a84e5d8b2d3d1d1345ef2b159,"{""args"":[8,0],""expected"":971629740,""exportName"":""bench"",""warmupCalls"":3,""warmupMs"":1000,""calibrationMs"":100}",transfer,4,1056,0.28002385795454554,295.7051940000001,5.1989480000000015,0.9692040000000048,91812,1.9743879094103578,3419,1000.151447,"[{""calls"":528,""ms"":146.385317},{""calls"":528,""ms"":149.275531}]","[0.277244918560606,0.28271880871212124]"
original-program,tree-bitonic-timing,tree-bitonic,phase29,/home/ai/bend2/build/publish/bend/selfhost/build/phase30/final-transfer-plan-14/tree-bitonic-timing/report.json,b8001e18308d196e3b84c80f18f94382064ed0cb9d431438a50ff11d27fc6a09,c9e05243ea537eaa63fd394ba7e90ae67269045cddebd1a272374ab13552c867,"{""args"":[8,0],""expected"":971629740,""exportName"":""bench"",""warmupCalls"":3,""warmupMs"":1000,""calibrationMs"":100}",transfer,0,10,26.020736599999985,260.20736599999987,74.471578,23.294110000000003,100144,-20.091083156708333,37,1015.743735,"[{""calls"":5,""ms"":144.6067579999999},{""calls"":5,""ms"":115.55369399999995}]","[28.92135159999998,23.11073879999999]"
original-program,tree-bitonic-timing,tree-bitonic,phase29,/home/ai/bend2/build/publish/bend/selfhost/build/phase30/final-transfer-plan-14/tree-bitonic-timing/report.json,b8001e18308d196e3b84c80f18f94382064ed0cb9d431438a50ff11d27fc6a09,c9e05243ea537eaa63fd394ba7e90ae67269045cddebd1a272374ab13552c867,"{""args"":[8,0],""expected"":971629740,""exportName"":""bench"",""warmupCalls"":3,""warmupMs"":1000,""calibrationMs"":100}",transfer,1,10,26.097304399999985,260.97304399999985,69.14174000000001,19.817457999999995,100380,-17.630632078567153,36,1014.639057,"[{""calls"":5,""ms"":143.07406500000002},{""calls"":5,""ms"":117.84920299999999}]","[28.614813000000005,23.5698406]"
original-program,tree-bitonic-timing,tree-bitonic,phase29,/home/ai/bend2/build/publish/bend/selfhost/build/phase30/final-transfer-plan-14/tree-bitonic-timing/report.json,b8001e18308d196e3b84c80f18f94382064ed0cb9d431438a50ff11d27fc6a09,c9e05243ea537eaa63fd394ba7e90ae67269045cddebd1a272374ab13552c867,"{""args"":[8,0],""expected"":971629740,""exportName"":""bench"",""warmupCalls"":3,""warmupMs"":1000,""calibrationMs"":100}",transfer,2,10,26.0281285,260.281285,70.313991,19.94234,100224,-17.681342433404467,36,1005.2803060000001,"[{""calls"":5,""ms"":142.73309900000004},{""calls"":5,""ms"":117.49597099999983}]","[28.54661980000001,23.499194199999966]"
original-program,tree-bitonic-timing,tree-bitonic,phase29,/home/ai/bend2/build/publish/bend/selfhost/build/phase30/final-transfer-plan-14/tree-bitonic-timing/report.json,b8001e18308d196e3b84c80f18f94382064ed0cb9d431438a50ff11d27fc6a09,c9e05243ea537eaa63fd394ba7e90ae67269045cddebd1a272374ab13552c867,"{""args"":[8,0],""expected"":971629740,""exportName"":""bench"",""warmupCalls"":3,""warmupMs"":1000,""calibrationMs"":100}",transfer,3,10,26.239657599999987,262.39657599999987,68.82970600000002,19.688174000000004,100152,-20.0837249032194,37,1013.08188,"[{""calls"":5,""ms"":145.81730800000014},{""calls"":5,""ms"":116.53176099999996}]","[29.163461600000026,23.306352199999992]"
original-program,tree-bitonic-timing,tree-bitonic,phase29,/home/ai/bend2/build/publish/bend/selfhost/build/phase30/final-transfer-plan-14/tree-bitonic-timing/report.json,b8001e18308d196e3b84c80f18f94382064ed0cb9d431438a50ff11d27fc6a09,c9e05243ea537eaa63fd394ba7e90ae67269045cddebd1a272374ab13552c867,"{""args"":[8,0],""expected"":971629740,""exportName"":""bench"",""warmupCalls"":3,""warmupMs"":1000,""calibrationMs"":100}",transfer,4,10,26.205198999999993,262.05198999999993,69.46537200000002,19.940971999999995,100304,-20.018151085973745,37,1011.015613,"[{""calls"":5,""ms"":145.57365900000013},{""calls"":5,""ms"":116.43250399999988}]","[29.114731800000026,23.286500799999978]"
original-program,tree-bitonic-timing,tree-bitonic,candidate,/home/ai/bend2/build/publish/bend/selfhost/build/phase30/final-transfer-plan-14/tree-bitonic-timing/report.json,b8001e18308d196e3b84c80f18f94382064ed0cb9d431438a50ff11d27fc6a09,abb50d18f514bd9322084c1193a4e8e7fdd45d01adb8d19e8a3470bdc19bb487,"{""args"":[8,0],""expected"":971629740,""exportName"":""bench"",""warmupCalls"":3,""warmupMs"":1000,""calibrationMs"":100}",transfer,0,10,31.405050499999994,314.05050499999993,81.47291,19.966427000000003,99968,-0.05030558556095022,28,1008.6831549999999,"[{""calls"":5,""ms"":157.03425199999992},{""calls"":5,""ms"":156.95525500000008}]","[31.406850399999986,31.391051000000015]"
original-program,tree-bitonic-timing,tree-bitonic,candidate,/home/ai/bend2/build/publish/bend/selfhost/build/phase30/final-transfer-plan-14/tree-bitonic-timing/report.json,b8001e18308d196e3b84c80f18f94382064ed0cb9d431438a50ff11d27fc6a09,abb50d18f514bd9322084c1193a4e8e7fdd45d01adb8d19e8a3470bdc19bb487,"{""args"":[8,0],""expected"":971629740,""exportName"":""bench"",""warmupCalls"":3,""warmupMs"":1000,""calibrationMs"":100}",transfer,1,10,31.86505490000002,318.6505490000002,81.39915600000002,19.871661999999993,99784,-0.8516861263830999,28,1025.557953,"[{""calls"":5,""ms"":159.98323300000015},{""calls"":5,""ms"":158.620678}]","[31.99664660000003,31.7241356]"
original-program,tree-bitonic-timing,tree-bitonic,candidate,/home/ai/bend2/build/publish/bend/selfhost/build/phase30/final-transfer-plan-14/tree-bitonic-timing/report.json,b8001e18308d196e3b84c80f18f94382064ed0cb9d431438a50ff11d27fc6a09,abb50d18f514bd9322084c1193a4e8e7fdd45d01adb8d19e8a3470bdc19bb487,"{""args"":[8,0],""expected"":971629740,""exportName"":""bench"",""warmupCalls"":3,""warmupMs"":1000,""calibrationMs"":100}",transfer,2,10,31.799471500000003,317.99471500000004,82.824474,19.805347999999995,99480,-0.922098421235118,28,1017.1598309999999,"[{""calls"":5,""ms"":159.71071700000016},{""calls"":5,""ms"":158.23802699999987}]","[31.94214340000003,31.647605399999975]"
original-program,tree-bitonic-timing,tree-bitonic,candidate,/home/ai/bend2/build/publish/bend/selfhost/build/phase30/final-transfer-plan-14/tree-bitonic-timing/report.json,b8001e18308d196e3b84c80f18f94382064ed0cb9d431438a50ff11d27fc6a09,abb50d18f514bd9322084c1193a4e8e7fdd45d01adb8d19e8a3470bdc19bb487,"{""args"":[8,0],""expected"":971629740,""exportName"":""bench"",""warmupCalls"":3,""warmupMs"":1000,""calibrationMs"":100}",transfer,3,10,32.35396860000001,323.5396860000001,81.43580899999999,19.949241,99560,0.06807762717242483,27,1000.097548,"[{""calls"":5,""ms"":161.69188699999995},{""calls"":5,""ms"":161.8019629999999}]","[32.33837739999999,32.360392599999976]"
original-program,tree-bitonic-timing,tree-bitonic,candidate,/home/ai/bend2/build/publish/bend/selfhost/build/phase30/final-transfer-plan-14/tree-bitonic-timing/report.json,b8001e18308d196e3b84c80f18f94382064ed0cb9d431438a50ff11d27fc6a09,abb50d18f514bd9322084c1193a4e8e7fdd45d01adb8d19e8a3470bdc19bb487,"{""args"":[8,0],""expected"":971629740,""exportName"":""bench"",""warmupCalls"":3,""warmupMs"":1000,""calibrationMs"":100}",transfer,4,10,32.3617117,323.617117,82.05821300000001,19.982102999999995,100052,-2.2323886341103383,28,1031.7494860000002,"[{""calls"":5,""ms"":163.61196900000004},{""calls"":5,""ms"":159.9595139999999}]","[32.722393800000006,31.99190279999998]"
original-program,lexer-timing,lexer,typescript,/home/ai/bend2/build/publish/bend/selfhost/build/phase30/final-transfer-plan-14/lexer-timing/report.json,3de1e28f69c498e2847ca7fcb3ed47574d6a5bd531e20ca8a11c2f9b4b251830,2d9378dfdcacc5904f4b2ac65fd90ba1dcc4a51d9c68b00f6042c42aaeadbbba,"{""args"":[8,0],""expected"":1822208108,""exportName"":""bench"",""warmupCalls"":3,""warmupMs"":1000,""calibrationMs"":100}",transfer,0,158,1.9124805759493662,302.17193099999986,21.231537999999993,1.128855999999999,63648,-1.0712999596035444,507,1001.721321,"[{""calls"":79,""ms"":151.88005799999996},{""calls"":79,""ms"":150.25296700000013}]","[1.922532379746835,1.9019362911392421]"
original-program,lexer-timing,lexer,typescript,/home/ai/bend2/build/publish/bend/selfhost/build/phase30/final-transfer-plan-14/lexer-timing/report.json,3de1e28f69c498e2847ca7fcb3ed47574d6a5bd531e20ca8a11c2f9b4b251830,2d9378dfdcacc5904f4b2ac65fd90ba1dcc4a51d9c68b00f6042c42aaeadbbba,"{""args"":[8,0],""expected"":1822208108,""exportName"":""bench"",""warmupCalls"":3,""warmupMs"":1000,""calibrationMs"":100}",transfer,1,158,1.9077405949367086,301.42301399999997,20.06849400000001,1.135902999999999,63700,-0.41656560847079804,506,1000.99561,"[{""calls"":79,""ms"":151.00622499999986},{""calls"":79,""ms"":150.37718499999983}]","[1.9114712025316438,1.9035086708860738]"
original-program,lexer-timing,lexer,typescript,/home/ai/bend2/build/publish/bend/selfhost/build/phase30/final-transfer-plan-14/lexer-timing/report.json,3de1e28f69c498e2847ca7fcb3ed47574d6a5bd531e20ca8a11c2f9b4b251830,2d9378dfdcacc5904f4b2ac65fd90ba1dcc4a51d9c68b00f6042c42aaeadbbba,"{""args"":[8,0],""expected"":1822208108,""exportName"":""bench"",""warmupCalls"":3,""warmupMs"":1000,""calibrationMs"":100}",transfer,2,158,1.913968943037975,302.40709300000003,20.239119999999993,1.1158040000000042,63428,-0.011687748752453597,507,1000.3824729999999,"[{""calls"":79,""ms"":151.1925040000001},{""calls"":79,""ms"":151.17483300000004}]","[1.9138291645569632,1.9136054810126586]"
original-program,lexer-timing,lexer,typescript,/home/ai/bend2/build/publish/bend/selfhost/build/phase30/final-transfer-plan-14/lexer-timing/report.json,3de1e28f69c498e2847ca7fcb3ed47574d6a5bd531e20ca8a11c2f9b4b251830,2d9378dfdcacc5904f4b2ac65fd90ba1dcc4a51d9c68b00f6042c42aaeadbbba,"{""args"":[8,0],""expected"":1822208108,""exportName"":""bench"",""warmupCalls"":3,""warmupMs"":1000,""calibrationMs"":100}",transfer,3,158,1.9013225822784823,300.4089680000002,20.119034,1.1189370000000025,63412,-0.4905486224837108,507,1000.779429,"[{""calls"":79,""ms"":150.55551400000013},{""calls"":79,""ms"":149.81696599999987}]","[1.9057660000000016,1.8964172911392387]"
original-program,lexer-timing,lexer,typescript,/home/ai/bend2/build/publish/bend/selfhost/build/phase30/final-transfer-plan-14/lexer-timing/report.json,3de1e28f69c498e2847ca7fcb3ed47574d6a5bd531e20ca8a11c2f9b4b251830,2d9378dfdcacc5904f4b2ac65fd90ba1dcc4a51d9c68b00f6042c42aaeadbbba,"{""args"":[8,0],""expected"":1822208108,""exportName"":""bench"",""warmupCalls"":3,""warmupMs"":1000,""calibrationMs"":100}",transfer,4,158,1.9179196392405062,303.031303,20.022099000000004,1.1385760000000005,63488,-0.9401354942929707,502,1000.990783,"[{""calls"":79,""ms"":152.212315},{""calls"":79,""ms"":150.78131299999995}]","[1.926738164556962,1.908624215189873]"
original-program,lexer-timing,lexer,phase29,/home/ai/bend2/build/publish/bend/selfhost/build/phase30/final-transfer-plan-14/lexer-timing/report.json,3de1e28f69c498e2847ca7fcb3ed47574d6a5bd531e20ca8a11c2f9b4b251830,1f5e140803c8a6f19eadc7dd8880b7a9372f9a70fc80a81dd98b886104d85d7d,"{""args"":[8,0],""expected"":1822208108,""exportName"":""bench"",""warmupCalls"":3,""warmupMs"":1000,""calibrationMs"":100}",transfer,0,2,176.62190800000008,353.24381600000015,318.761995,20.013455999999998,72184,-0.22231194090303052,5,1027.961391,"[{""calls"":1,""ms"":176.79707099999996},{""calls"":1,""ms"":176.40403000000015}]","[176.79707099999996,176.40403000000015]"
original-program,lexer-timing,lexer,phase29,/home/ai/bend2/build/publish/bend/selfhost/build/phase30/final-transfer-plan-14/lexer-timing/report.json,3de1e28f69c498e2847ca7fcb3ed47574d6a5bd531e20ca8a11c2f9b4b251830,1f5e140803c8a6f19eadc7dd8880b7a9372f9a70fc80a81dd98b886104d85d7d,"{""args"":[8,0],""expected"":1822208108,""exportName"":""bench"",""warmupCalls"":3,""warmupMs"":1000,""calibrationMs"":100}",transfer,1,2,175.53635050000003,351.07270100000005,319.59868500000005,20.346527000000002,72256,-0.43984091270168335,5,1019.9247209999999,"[{""calls"":1,""ms"":175.902918},{""calls"":1,""ms"":175.1292249999999}]","[175.902918,175.1292249999999]"
original-program,lexer-timing,lexer,phase29,/home/ai/bend2/build/publish/bend/selfhost/build/phase30/final-transfer-plan-14/lexer-timing/report.json,3de1e28f69c498e2847ca7fcb3ed47574d6a5bd531e20ca8a11c2f9b4b251830,1f5e140803c8a6f19eadc7dd8880b7a9372f9a70fc80a81dd98b886104d85d7d,"{""args"":[8,0],""expected"":1822208108,""exportName"":""bench"",""warmupCalls"":3,""warmupMs"":1000,""calibrationMs"":100}",transfer,2,2,174.94487100000003,349.88974200000007,318.50316899999996,19.968978000000007,72076,-0.38152358086878113,5,1018.6275599999999,"[{""calls"":1,""ms"":175.256795},{""calls"":1,""ms"":174.58814900000016}]","[175.256795,174.58814900000016]"
original-program,lexer-timing,lexer,phase29,/home/ai/bend2/build/publish/bend/selfhost/build/phase30/final-transfer-plan-14/lexer-timing/report.json,3de1e28f69c498e2847ca7fcb3ed47574d6a5bd531e20ca8a11c2f9b4b251830,1f5e140803c8a6f19eadc7dd8880b7a9372f9a70fc80a81dd98b886104d85d7d,"{""args"":[8,0],""expected"":1822208108,""exportName"":""bench"",""warmupCalls"":3,""warmupMs"":1000,""calibrationMs"":100}",transfer,3,2,175.07392600000003,350.14785200000006,318.08588399999996,19.866580999999996,72556,-1.306542759630469,5,1017.1369440000001,"[{""calls"":1,""ms"":176.20242299999995},{""calls"":1,""ms"":173.900263}]","[176.20242299999995,173.900263]"
original-program,lexer-timing,lexer,phase29,/home/ai/bend2/build/publish/bend/selfhost/build/phase30/final-transfer-plan-14/lexer-timing/report.json,3de1e28f69c498e2847ca7fcb3ed47574d6a5bd531e20ca8a11c2f9b4b251830,1f5e140803c8a6f19eadc7dd8880b7a9372f9a70fc80a81dd98b886104d85d7d,"{""args"":[8,0],""expected"":1822208108,""exportName"":""bench"",""warmupCalls"":3,""warmupMs"":1000,""calibrationMs"":100}",transfer,4,2,174.9903395,349.980679,320.472902,19.830709999999996,72272,0.07179387850109187,5,1031.956138,"[{""calls"":1,""ms"":174.90627700000005},{""calls"":1,""ms"":175.0318490000002}]","[174.90627700000005,175.0318490000002]"
original-program,lexer-timing,lexer,candidate,/home/ai/bend2/build/publish/bend/selfhost/build/phase30/final-transfer-plan-14/lexer-timing/report.json,3de1e28f69c498e2847ca7fcb3ed47574d6a5bd531e20ca8a11c2f9b4b251830,c1ec72635240e43b605ef97894369631d1d6118c7358f1794fd44192ea8e0982,"{""args"":[8,0],""expected"":1822208108,""exportName"":""bench"",""warmupCalls"":3,""warmupMs"":1000,""calibrationMs"":100}",transfer,0,2,210.31069550000007,420.62139100000013,349.679347,20.33398499999999,71556,0.5190349766450719,5,1190.081238,"[{""calls"":1,""ms"":209.74501699999996},{""calls"":1,""ms"":210.8336670000001}]","[209.74501699999996,210.8336670000001]"
original-program,lexer-timing,lexer,candidate,/home/ai/bend2/build/publish/bend/selfhost/build/phase30/final-transfer-plan-14/lexer-timing/report.json,3de1e28f69c498e2847ca7fcb3ed47574d6a5bd531e20ca8a11c2f9b4b251830,c1ec72635240e43b605ef97894369631d1d6118c7358f1794fd44192ea8e0982,"{""args"":[8,0],""expected"":1822208108,""exportName"":""bench"",""warmupCalls"":3,""warmupMs"":1000,""calibrationMs"":100}",transfer,1,2,210.06813499999998,420.13626999999997,347.863682,20.84118,71384,-0.07170415715775924,5,1187.423932,"[{""calls"":1,""ms"":210.1231029999999},{""calls"":1,""ms"":209.97243600000002}]","[210.1231029999999,209.97243600000002]"
original-program,lexer-timing,lexer,candidate,/home/ai/bend2/build/publish/bend/selfhost/build/phase30/final-transfer-plan-14/lexer-timing/report.json,3de1e28f69c498e2847ca7fcb3ed47574d6a5bd531e20ca8a11c2f9b4b251830,c1ec72635240e43b605ef97894369631d1d6118c7358f1794fd44192ea8e0982,"{""args"":[8,0],""expected"":1822208108,""exportName"":""bench"",""warmupCalls"":3,""warmupMs"":1000,""calibrationMs"":100}",transfer,2,2,210.84746799999994,421.69493599999987,348.702452,20.365498000000002,71864,-0.20062523682273792,5,1196.436545,"[{""calls"":1,""ms"":211.03875399999993},{""calls"":1,""ms"":210.61535699999968}]","[211.03875399999993,210.61535699999968]"
original-program,lexer-timing,lexer,candidate,/home/ai/bend2/build/publish/bend/selfhost/build/phase30/final-transfer-plan-14/lexer-timing/report.json,3de1e28f69c498e2847ca7fcb3ed47574d6a5bd531e20ca8a11c2f9b4b251830,c1ec72635240e43b605ef97894369631d1d6118c7358f1794fd44192ea8e0982,"{""args"":[8,0],""expected"":1822208108,""exportName"":""bench"",""warmupCalls"":3,""warmupMs"":1000,""calibrationMs"":100}",transfer,3,2,217.61164499999995,435.2232899999999,350.851584,20.259434,71624,2.9524226172968238,5,1206.754811,"[{""calls"":1,""ms"":214.42272400000002},{""calls"":1,""ms"":220.75338899999997}]","[214.42272400000002,220.75338899999997]"
original-program,lexer-timing,lexer,candidate,/home/ai/bend2/build/publish/bend/selfhost/build/phase30/final-transfer-plan-14/lexer-timing/report.json,3de1e28f69c498e2847ca7fcb3ed47574d6a5bd531e20ca8a11c2f9b4b251830,c1ec72635240e43b605ef97894369631d1d6118c7358f1794fd44192ea8e0982,"{""args"":[8,0],""expected"":1822208108,""exportName"":""bench"",""warmupCalls"":3,""warmupMs"":1000,""calibrationMs"":100}",transfer,4,2,214.375132,428.750264,353.712175,20.156024000000002,71628,-1.5877509411032165,4,1038.975944,"[{""calls"":1,""ms"":216.06688499999996},{""calls"":1,""ms"":212.63628100000005}]","[216.06688499999996,212.63628100000005]"
original-program,symreg-timing,symreg,typescript,/home/ai/bend2/build/publish/bend/selfhost/build/phase30/final-transfer-plan-14/symreg-timing/report.json,86a88360edb80baeda1d276895c1de9b1fa47d8f54328283bf29ddcab72fea98,545d6112dbbb0cc66074407a0daf7076b148f9d311e7e9bbffff3376f8e00651,"{""args"":[6,42],""expected"":2490246820,""exportName"":""bench"",""warmupCalls"":3,""warmupMs"":1000,""calibrationMs"":100}",transfer,0,273,1.1034816996337,301.2505040000001,9.220756000000002,1.0766130000000018,62956,-0.404242739150551,873,1000.237096,"[{""calls"":136,""ms"":150.36042899999984},{""calls"":137,""ms"":150.85373000000004}]","[1.1055913897058811,1.1011221167883214]"
original-program,symreg-timing,symreg,typescript,/home/ai/bend2/build/publish/bend/selfhost/build/phase30/final-transfer-plan-14/symreg-timing/report.json,86a88360edb80baeda1d276895c1de9b1fa47d8f54328283bf29ddcab72fea98,545d6112dbbb0cc66074407a0daf7076b148f9d311e7e9bbffff3376f8e00651,"{""args"":[6,42],""expected"":2490246820,""exportName"":""bench"",""warmupCalls"":3,""warmupMs"":1000,""calibrationMs"":100}",transfer,1,273,1.1050942014652012,301.69071699999995,9.280127,1.066227000000005,65192,-0.7367908800950396,857,1000.3971849999999,"[{""calls"":136,""ms"":150.83140700000013},{""calls"":137,""ms"":150.82097799999997}]","[1.109054463235295,1.1008830510948904]"
original-program,symreg-timing,symreg,typescript,/home/ai/bend2/build/publish/bend/selfhost/build/phase30/final-transfer-plan-14/symreg-timing/report.json,86a88360edb80baeda1d276895c1de9b1fa47d8f54328283bf29ddcab72fea98,545d6112dbbb0cc66074407a0daf7076b148f9d311e7e9bbffff3376f8e00651,"{""args"":[6,42],""expected"":2490246820,""exportName"":""bench"",""warmupCalls"":3,""warmupMs"":1000,""calibrationMs"":100}",transfer,2,273,1.1030985897435899,301.14591500000006,9.19193,1.0570319999999995,65116,-0.14189032668685542,873,1000.291052,"[{""calls"":136,""ms"":150.10960899999986},{""calls"":137,""ms"":150.99879899999996}]","[1.103747124999999,1.1021810145985398]"
original-program,symreg-timing,symreg,typescript,/home/ai/bend2/build/publish/bend/selfhost/build/phase30/final-transfer-plan-14/symreg-timing/report.json,86a88360edb80baeda1d276895c1de9b1fa47d8f54328283bf29ddcab72fea98,545d6112dbbb0cc66074407a0daf7076b148f9d311e7e9bbffff3376f8e00651,"{""args"":[6,42],""expected"":2490246820,""exportName"":""bench"",""warmupCalls"":3,""warmupMs"":1000,""calibrationMs"":100}",transfer,3,273,1.1042088205128198,301.4490079999998,14.432893000000007,1.917494000000005,62488,0.8372318046920624,867,1000.5396830000001,"[{""calls"":136,""ms"":149.52390300000002},{""calls"":137,""ms"":151.88441000000012}]","[1.0994404632352943,1.108645328467154]"
original-program,symreg-timing,symreg,typescript,/home/ai/bend2/build/publish/bend/selfhost/build/phase30/final-transfer-plan-14/symreg-timing/report.json,86a88360edb80baeda1d276895c1de9b1fa47d8f54328283bf29ddcab72fea98,545d6112dbbb0cc66074407a0daf7076b148f9d311e7e9bbffff3376f8e00651,"{""args"":[6,42],""expected"":2490246820,""exportName"":""bench"",""warmupCalls"":3,""warmupMs"":1000,""calibrationMs"":100}",transfer,4,273,1.1096291245421241,302.9287509999999,9.184695000000005,1.072099999999999,63092,-0.09864914496235944,874,1000.8265670000001,"[{""calls"":136,""ms"":150.96405000000004},{""calls"":137,""ms"":151.92406000000005}]","[1.110029779411765,1.1089347445255477]"
original-program,symreg-timing,symreg,phase29,/home/ai/bend2/build/publish/bend/selfhost/build/phase30/final-transfer-plan-14/symreg-timing/report.json,86a88360edb80baeda1d276895c1de9b1fa47d8f54328283bf29ddcab72fea98,d252d573449d06ab88d88243c0a18b237e3643de94b4cbd75141086b9f57661e,"{""args"":[6,42],""expected"":2490246820,""exportName"":""bench"",""warmupCalls"":3,""warmupMs"":1000,""calibrationMs"":100}",transfer,0,3,106.45799200000003,319.3739760000001,224.01749399999997,19.697233000000004,78400,-1.1778759591327348,9,1084.367628,"[{""calls"":1,""ms"":107.2812879999999},{""calls"":2,""ms"":212.0352949999999}]","[107.2812879999999,106.01764749999995]"
original-program,symreg-timing,symreg,phase29,/home/ai/bend2/build/publish/bend/selfhost/build/phase30/final-transfer-plan-14/symreg-timing/report.json,86a88360edb80baeda1d276895c1de9b1fa47d8f54328283bf29ddcab72fea98,d252d573449d06ab88d88243c0a18b237e3643de94b4cbd75141086b9f57661e,"{""args"":[6,42],""expected"":2490246820,""exportName"":""bench"",""warmupCalls"":3,""warmupMs"":1000,""calibrationMs"":100}",transfer,1,3,105.75848199999996,317.2754459999999,221.605299,19.959302000000008,78320,-0.6806438649549662,9,1072.6191319999998,"[{""calls"":1,""ms"":106.22500799999989},{""calls"":2,""ms"":211.00398799999994}]","[106.22500799999989,105.50199399999997]"
original-program,symreg-timing,symreg,phase29,/home/ai/bend2/build/publish/bend/selfhost/build/phase30/final-transfer-plan-14/symreg-timing/report.json,86a88360edb80baeda1d276895c1de9b1fa47d8f54328283bf29ddcab72fea98,d252d573449d06ab88d88243c0a18b237e3643de94b4cbd75141086b9f57661e,"{""args"":[6,42],""expected"":2490246820,""exportName"":""bench"",""warmupCalls"":3,""warmupMs"":1000,""calibrationMs"":100}",transfer,2,3,107.50892466666664,322.52677399999993,221.747679,19.84464700000001,80484,-0.7769368890654604,9,1072.374089,"[{""calls"":1,""ms"":108.05208399999992},{""calls"":2,""ms"":214.42517499999985}]","[108.05208399999992,107.21258749999993]"
original-program,symreg-timing,symreg,phase29,/home/ai/bend2/build/publish/bend/selfhost/build/phase30/final-transfer-plan-14/symreg-timing/report.json,86a88360edb80baeda1d276895c1de9b1fa47d8f54328283bf29ddcab72fea98,d252d573449d06ab88d88243c0a18b237e3643de94b4cbd75141086b9f57661e,"{""args"":[6,42],""expected"":2490246820,""exportName"":""bench"",""warmupCalls"":3,""warmupMs"":1000,""calibrationMs"":100}",transfer,3,3,106.22878199999998,318.68634599999996,221.43461499999998,19.873278,78484,-1.0860645557425164,9,1076.0243409999998,"[{""calls"":1,""ms"":106.98521499999993},{""calls"":2,""ms"":211.646573}]","[106.98521499999993,105.8232865]"
original-program,symreg-timing,symreg,phase29,/home/ai/bend2/build/publish/bend/selfhost/build/phase30/final-transfer-plan-14/symreg-timing/report.json,86a88360edb80baeda1d276895c1de9b1fa47d8f54328283bf29ddcab72fea98,d252d573449d06ab88d88243c0a18b237e3643de94b4cbd75141086b9f57661e,"{""args"":[6,42],""expected"":2490246820,""exportName"":""bench"",""warmupCalls"":3,""warmupMs"":1000,""calibrationMs"":100}",transfer,4,3,105.92071299999998,317.76213899999993,224.27079699999996,19.63168900000001,78224,-1.101381608365093,9,1073.292357,"[{""calls"":1,""ms"":106.68913399999997},{""calls"":2,""ms"":211.02815899999996}]","[106.68913399999997,105.51407949999998]"
original-program,symreg-timing,symreg,candidate,/home/ai/bend2/build/publish/bend/selfhost/build/phase30/final-transfer-plan-14/symreg-timing/report.json,86a88360edb80baeda1d276895c1de9b1fa47d8f54328283bf29ddcab72fea98,c979699da6161e2b184f74308b2e22ae708bb1466eaaf651079ac416f35e1f98,"{""args"":[6,42],""expected"":2490246820,""exportName"":""bench"",""warmupCalls"":3,""warmupMs"":1000,""calibrationMs"":100}",transfer,0,3,134.07992166666668,402.23976500000003,253.251291,20.25254199999999,78540,-1.679200650568069,7,1022.853978,"[{""calls"":1,""ms"":135.5824570000002},{""calls"":2,""ms"":266.61151100000006}]","[135.5824570000002,133.30575550000003]"
original-program,symreg-timing,symreg,candidate,/home/ai/bend2/build/publish/bend/selfhost/build/phase30/final-transfer-plan-14/symreg-timing/report.json,86a88360edb80baeda1d276895c1de9b1fa47d8f54328283bf29ddcab72fea98,c979699da6161e2b184f74308b2e22ae708bb1466eaaf651079ac416f35e1f98,"{""args"":[6,42],""expected"":2490246820,""exportName"":""bench"",""warmupCalls"":3,""warmupMs"":1000,""calibrationMs"":100}",transfer,1,3,132.56862500000003,397.7058750000001,251.33321999999998,20.212628999999993,78556,-1.8156626378428853,7,1016.050917,"[{""calls"":1,""ms"":134.17820299999994},{""calls"":2,""ms"":263.4839589999999}]","[134.17820299999994,131.74197949999996]"
original-program,symreg-timing,symreg,candidate,/home/ai/bend2/build/publish/bend/selfhost/build/phase30/final-transfer-plan-14/symreg-timing/report.json,86a88360edb80baeda1d276895c1de9b1fa47d8f54328283bf29ddcab72fea98,c979699da6161e2b184f74308b2e22ae708bb1466eaaf651079ac416f35e1f98,"{""args"":[6,42],""expected"":2490246820,""exportName"":""bench"",""warmupCalls"":3,""warmupMs"":1000,""calibrationMs"":100}",transfer,2,3,132.85685566666666,398.570567,251.019591,20.293501999999997,78480,-0.9164563134564818,7,1015.365327,"[{""calls"":1,""ms"":133.65852599999994},{""calls"":2,""ms"":264.8672080000001}]","[133.65852599999994,132.43360400000006]"
original-program,symreg-timing,symreg,candidate,/home/ai/bend2/build/publish/bend/selfhost/build/phase30/final-transfer-plan-14/symreg-timing/report.json,86a88360edb80baeda1d276895c1de9b1fa47d8f54328283bf29ddcab72fea98,c979699da6161e2b184f74308b2e22ae708bb1466eaaf651079ac416f35e1f98,"{""args"":[6,42],""expected"":2490246820,""exportName"":""bench"",""warmupCalls"":3,""warmupMs"":1000,""calibrationMs"":100}",transfer,3,3,185.16439833333334,555.493195,253.63671399999998,20.257373,78656,-26.866715840971466,7,1027.3936589999998,"[{""calls"":1,""ms"":225.5459780000001},{""calls"":2,""ms"":329.89836200000013}]","[225.5459780000001,164.94918100000007]"
original-program,symreg-timing,symreg,candidate,/home/ai/bend2/build/publish/bend/selfhost/build/phase30/final-transfer-plan-14/symreg-timing/report.json,86a88360edb80baeda1d276895c1de9b1fa47d8f54328283bf29ddcab72fea98,c979699da6161e2b184f74308b2e22ae708bb1466eaaf651079ac416f35e1f98,"{""args"":[6,42],""expected"":2490246820,""exportName"":""bench"",""warmupCalls"":3,""warmupMs"":1000,""calibrationMs"":100}",transfer,4,3,133.37793299999998,400.13379899999995,250.61162399999998,19.984427999999994,77988,-1.6520855537549783,7,1035.133116,"[{""calls"":1,""ms"":134.84864600000014},{""calls"":2,""ms"":265.2416619999999}]","[134.84864600000014,132.62083099999995]"
original-program,test-morning-program-timing,test-morning-program,typescript,/home/ai/bend2/build/publish/bend/selfhost/build/phase30/final-transfer-plan-14/test-morning-program-timing/report.json,46b553678bd1877efdaa56f5df929ac8acef8e9013c6b3b406d7231f2b01a70e,faff88b122b84d0d18698210c66233cae52493e3cc68c92d95e0c639e20990ad,"{""args"":[],""expected"":""a-bb-ccc 8 1877 42 lo hello 3"",""exportName"":""main.out"",""warmupCalls"":3,""warmupMs"":1000,""calibrationMs"":100}",transfer,0,84094,0.003816697421932601,320.96135300000014,2.1657259999999923,2.678481000000005,66152,1.4515831545212077,210516,1000.0246999999999,"[{""calls"":42047,""ms"":159.302138},{""calls"":42047,""ms"":161.61454100000014}]","[0.003788668347325612,0.003843664018836068]"
original-program,test-morning-program-timing,test-morning-program,typescript,/home/ai/bend2/build/publish/bend/selfhost/build/phase30/final-transfer-plan-14/test-morning-program-timing/report.json,46b553678bd1877efdaa56f5df929ac8acef8e9013c6b3b406d7231f2b01a70e,faff88b122b84d0d18698210c66233cae52493e3cc68c92d95e0c639e20990ad,"{""args"":[],""expected"":""a-bb-ccc 8 1877 42 lo hello 3"",""exportName"":""main.out"",""warmupCalls"":3,""warmupMs"":1000,""calibrationMs"":100}",transfer,1,84094,0.0036780963921326133,309.305838,2.173611000000001,2.6612539999999996,67276,2.210850988195312,215928,1000.0264300000001,"[{""calls"":42047,""ms"":152.9389369999999},{""calls"":42047,""ms"":156.3201889999998}]","[0.0036373329131685946,0.003717748923823336]"
original-program,test-morning-program-timing,test-morning-program,typescript,/home/ai/bend2/build/publish/bend/selfhost/build/phase30/final-transfer-plan-14/test-morning-program-timing/report.json,46b553678bd1877efdaa56f5df929ac8acef8e9013c6b3b406d7231f2b01a70e,faff88b122b84d0d18698210c66233cae52493e3cc68c92d95e0c639e20990ad,"{""args"":[],""expected"":""a-bb-ccc 8 1877 42 lo hello 3"",""exportName"":""main.out"",""warmupCalls"":3,""warmupMs"":1000,""calibrationMs"":100}",transfer,2,84094,0.0036756162151877656,309.09727,2.2082090000000036,2.633547,67720,2.165288838624768,220858,1000.026142,"[{""calls"":42047,""ms"":152.87055199999986},{""calls"":42047,""ms"":156.18064099999992}]","[0.0036357065188955184,0.003714430066354316]"
original-program,test-morning-program-timing,test-morning-program,typescript,/home/ai/bend2/build/publish/bend/selfhost/build/phase30/final-transfer-plan-14/test-morning-program-timing/report.json,46b553678bd1877efdaa56f5df929ac8acef8e9013c6b3b406d7231f2b01a70e,faff88b122b84d0d18698210c66233cae52493e3cc68c92d95e0c639e20990ad,"{""args"":[],""expected"":""a-bb-ccc 8 1877 42 lo hello 3"",""exportName"":""main.out"",""warmupCalls"":3,""warmupMs"":1000,""calibrationMs"":100}",transfer,3,84094,0.003684293243275381,309.8269559999999,2.1925600000000003,2.6756500000000045,66488,1.2638489324421132,223512,1000.0280389999999,"[{""calls"":42047,""ms"":153.918633},{""calls"":42047,""ms"":155.86393199999998}]","[0.0036606329345732157,0.0037068978048374434]"
original-program,test-morning-program-timing,test-morning-program,typescript,/home/ai/bend2/build/publish/bend/selfhost/build/phase30/final-transfer-plan-14/test-morning-program-timing/report.json,46b553678bd1877efdaa56f5df929ac8acef8e9013c6b3b406d7231f2b01a70e,faff88b122b84d0d18698210c66233cae52493e3cc68c92d95e0c639e20990ad,"{""args"":[],""expected"":""a-bb-ccc 8 1877 42 lo hello 3"",""exportName"":""main.out"",""warmupCalls"":3,""warmupMs"":1000,""calibrationMs"":100}",transfer,4,84094,0.0038254431588460535,321.696817,2.250396000000009,2.6583360000000056,67692,-0.03680974371378376,210219,1000.0283330000001,"[{""calls"":42047,""ms"":160.854149},{""calls"":42047,""ms"":160.7949390000001}]","[0.0038255796846386188,0.0038241714985611367]"
original-program,test-morning-program-timing,test-morning-program,phase29,/home/ai/bend2/build/publish/bend/selfhost/build/phase30/final-transfer-plan-14/test-morning-program-timing/report.json,46b553678bd1877efdaa56f5df929ac8acef8e9013c6b3b406d7231f2b01a70e,f9431ea138f00f8913c09c9aaca21f599a9a50c7a9ba3ff194f4748ab9f06ac0,"{""args"":[],""expected"":""a-bb-ccc 8 1877 42 lo hello 3"",""exportName"":""main.out"",""warmupCalls"":3,""warmupMs"":1000,""calibrationMs"":100}",transfer,0,1483,0.22535837963587318,334.20647699999995,9.967262000000005,20.897812000000002,72292,-21.818593958730702,3521,1000.0996700000001,"[{""calls"":741,""ms"":187.4304279999999},{""calls"":742,""ms"":146.73349800000005}]","[0.25294254790823195,0.19775404043126693]"
original-program,test-morning-program-timing,test-morning-program,phase29,/home/ai/bend2/build/publish/bend/selfhost/build/phase30/final-transfer-plan-14/test-morning-program-timing/report.json,46b553678bd1877efdaa56f5df929ac8acef8e9013c6b3b406d7231f2b01a70e,f9431ea138f00f8913c09c9aaca21f599a9a50c7a9ba3ff194f4748ab9f06ac0,"{""args"":[],""expected"":""a-bb-ccc 8 1877 42 lo hello 3"",""exportName"":""main.out"",""warmupCalls"":3,""warmupMs"":1000,""calibrationMs"":100}",transfer,1,1483,0.2248940438300742,333.517867,9.942533999999995,21.082198000000005,72452,-20.59041440799325,3525,1000.0683640000001,"[{""calls"":741,""ms"":185.76308400000016},{""calls"":742,""ms"":147.71276899999998}]","[0.2506924210526318,0.19907381266846358]"
original-program,test-morning-program-timing,test-morning-program,phase29,/home/ai/bend2/build/publish/bend/selfhost/build/phase30/final-transfer-plan-14/test-morning-program-timing/report.json,46b553678bd1877efdaa56f5df929ac8acef8e9013c6b3b406d7231f2b01a70e,f9431ea138f00f8913c09c9aaca21f599a9a50c7a9ba3ff194f4748ab9f06ac0,"{""args"":[],""expected"":""a-bb-ccc 8 1877 42 lo hello 3"",""exportName"":""main.out"",""warmupCalls"":3,""warmupMs"":1000,""calibrationMs"":100}",transfer,2,1483,0.22457399393122057,333.0432330000001,9.940200999999988,21.056129999999996,72204,-19.745190764419018,3519,1000.0077949999999,"[{""calls"":741,""ms"":184.62768200000005},{""calls"":742,""ms"":148.37255699999992}]","[0.24916016464237523,0.19996301482479772]"
original-program,test-morning-program-timing,test-morning-program,phase29,/home/ai/bend2/build/publish/bend/selfhost/build/phase30/final-transfer-plan-14/test-morning-program-timing/report.json,46b553678bd1877efdaa56f5df929ac8acef8e9013c6b3b406d7231f2b01a70e,f9431ea138f00f8913c09c9aaca21f599a9a50c7a9ba3ff194f4748ab9f06ac0,"{""args"":[],""expected"":""a-bb-ccc 8 1877 42 lo hello 3"",""exportName"":""main.out"",""warmupCalls"":3,""warmupMs"":1000,""calibrationMs"":100}",transfer,3,1483,0.22285169318948078,330.489061,11.140968,23.15442800000001,72200,-20.2422453903769,3474,1000.0078189999999,"[{""calls"":741,""ms"":183.718169},{""calls"":742,""ms"":146.72723199999996}]","[0.24793275168690956,0.1977455956873315]"
original-program,test-morning-program-timing,test-morning-program,phase29,/home/ai/bend2/build/publish/bend/selfhost/build/phase30/final-transfer-plan-14/test-morning-program-timing/report.json,46b553678bd1877efdaa56f5df929ac8acef8e9013c6b3b406d7231f2b01a70e,f9431ea138f00f8913c09c9aaca21f599a9a50c7a9ba3ff194f4748ab9f06ac0,"{""args"":[],""expected"":""a-bb-ccc 8 1877 42 lo hello 3"",""exportName"":""main.out"",""warmupCalls"":3,""warmupMs"":1000,""calibrationMs"":100}",transfer,4,1483,0.21397156574511136,317.31983200000013,9.812027999999998,21.241664,72136,-14.36516797692471,3527,1009.851628,"[{""calls"":741,""ms"":170.80805499999997},{""calls"":742,""ms"":146.46858799999995}]","[0.23051019568151143,0.19739701886792446]"
original-program,test-morning-program-timing,test-morning-program,candidate,/home/ai/bend2/build/publish/bend/selfhost/build/phase30/final-transfer-plan-14/test-morning-program-timing/report.json,46b553678bd1877efdaa56f5df929ac8acef8e9013c6b3b406d7231f2b01a70e,68420fc6c4a9f457d156a819a7aa6d3e8f5cea50f3599b8bebfb11732c4fc263,"{""args"":[],""expected"":""a-bb-ccc 8 1877 42 lo hello 3"",""exportName"":""main.out"",""warmupCalls"":3,""warmupMs"":1000,""calibrationMs"":100}",transfer,0,889,0.3050272823397077,271.16925400000014,10.253430999999992,21.523086,72504,18.204774208338126,2724,1000.0990639999999,"[{""calls"":444,""ms"":124.10260700000003},{""calls"":445,""ms"":147.02560100000005}]","[0.2795103761261262,0.33039460898876416]"
original-program,test-morning-program-timing,test-morning-program,candidate,/home/ai/bend2/build/publish/bend/selfhost/build/phase30/final-transfer-plan-14/test-morning-program-timing/report.json,46b553678bd1877efdaa56f5df929ac8acef8e9013c6b3b406d7231f2b01a70e,68420fc6c4a9f457d156a819a7aa6d3e8f5cea50f3599b8bebfb11732c4fc263,"{""args"":[],""expected"":""a-bb-ccc 8 1877 42 lo hello 3"",""exportName"":""main.out"",""warmupCalls"":3,""warmupMs"":1000,""calibrationMs"":100}",transfer,1,889,0.29741442969628784,264.4014279999999,10.223483000000002,21.254148999999998,72544,25.185383628329582,2741,1000.82553,"[{""calls"":444,""ms"":117.24944800000003},{""calls"":445,""ms"":147.10975499999995}]","[0.2640753333333334,0.3305837191011235]"
original-program,test-morning-program-timing,test-morning-program,candidate,/home/ai/bend2/build/publish/bend/selfhost/build/phase30/final-transfer-plan-14/test-morning-program-timing/report.json,46b553678bd1877efdaa56f5df929ac8acef8e9013c6b3b406d7231f2b01a70e,68420fc6c4a9f457d156a819a7aa6d3e8f5cea50f3599b8bebfb11732c4fc263,"{""args"":[],""expected"":""a-bb-ccc 8 1877 42 lo hello 3"",""exportName"":""main.out"",""warmupCalls"":3,""warmupMs"":1000,""calibrationMs"":100}",transfer,2,889,0.29573250281214825,262.9061949999998,10.186768,21.451318,72880,25.416184769002914,2741,1002.999144,"[{""calls"":444,""ms"":116.4666850000001},{""calls"":445,""ms"":146.39705500000014}]","[0.26231235360360383,0.32898214606741605]"
original-program,test-morning-program-timing,test-morning-program,candidate,/home/ai/bend2/build/publish/bend/selfhost/build/phase30/final-transfer-plan-14/test-morning-program-timing/report.json,46b553678bd1877efdaa56f5df929ac8acef8e9013c6b3b406d7231f2b01a70e,68420fc6c4a9f457d156a819a7aa6d3e8f5cea50f3599b8bebfb11732c4fc263,"{""args"":[],""expected"":""a-bb-ccc 8 1877 42 lo hello 3"",""exportName"":""main.out"",""warmupCalls"":3,""warmupMs"":1000,""calibrationMs"":100}",transfer,3,889,0.30367280202474684,269.96512099999995,10.700565000000012,21.299443999999994,72540,20.02944849835484,2739,1000.044815,"[{""calls"":444,""ms"":122.52523799999994},{""calls"":445,""ms"":147.39759800000002}]","[0.2759577432432431,0.3312305573033708]"
original-program,test-morning-program-timing,test-morning-program,candidate,/home/ai/bend2/build/publish/bend/selfhost/build/phase30/final-transfer-plan-14/test-morning-program-timing/report.json,46b553678bd1877efdaa56f5df929ac8acef8e9013c6b3b406d7231f2b01a70e,68420fc6c4a9f457d156a819a7aa6d3e8f5cea50f3599b8bebfb11732c4fc263,"{""args"":[],""expected"":""a-bb-ccc 8 1877 42 lo hello 3"",""exportName"":""main.out"",""warmupCalls"":3,""warmupMs"":1000,""calibrationMs"":100}",transfer,4,889,0.2950708098987625,262.3179499999999,10.203575999999998,21.429549,72400,25.367889457695682,2741,1002.5695880000001,"[{""calls"":444,""ms"":116.23114200000009},{""calls"":445,""ms"":146.04471999999987}]","[0.26178185135135157,0.32819038202247164]"
original-program,test-evening-program-timing,test-evening-program,typescript,/home/ai/bend2/build/publish/bend/selfhost/build/phase30/final-transfer-plan-14/test-evening-program-timing/report.json,906ba05d5768d5d5f99d6ef4bf73ad1660892ce6bd985747218ffe7d96e0970d,0c1d34b107501041c6e5a3bb5b896e91b8ab56b8826c3f616ea6b4e3a3e1d6d0,"{""args"":[],""expected"":81111,""exportName"":""main.out"",""warmupCalls"":3,""warmupMs"":1000,""calibrationMs"":100}",transfer,0,97137,0.00314634665472477,305.626675,2.5028760000000005,3.025051000000005,65492,-0.7107357292313932,261611,1000.0258709999999,"[{""calls"":48568,""ms"":153.33345499999996},{""calls"":48569,""ms"":152.24679400000014}]","[0.0031570881032778777,0.003134649550124568]"
original-program,test-evening-program-timing,test-evening-program,typescript,/home/ai/bend2/build/publish/bend/selfhost/build/phase30/final-transfer-plan-14/test-evening-program-timing/report.json,906ba05d5768d5d5f99d6ef4bf73ad1660892ce6bd985747218ffe7d96e0970d,0c1d34b107501041c6e5a3bb5b896e91b8ab56b8826c3f616ea6b4e3a3e1d6d0,"{""args"":[],""expected"":81111,""exportName"":""main.out"",""warmupCalls"":3,""warmupMs"":1000,""calibrationMs"":100}",transfer,1,97137,0.003165829385301172,307.5191689999999,2.518065,2.9957080000000005,66320,-2.8287933381952457,254097,1000.027306,"[{""calls"":48568,""ms"":155.9373680000001},{""calls"":48569,""ms"":151.52934200000004}]","[0.003210701861307859,0.0031198777409458716]"
original-program,test-evening-program-timing,test-evening-program,typescript,/home/ai/bend2/build/publish/bend/selfhost/build/phase30/final-transfer-plan-14/test-evening-program-timing/report.json,906ba05d5768d5d5f99d6ef4bf73ad1660892ce6bd985747218ffe7d96e0970d,0c1d34b107501041c6e5a3bb5b896e91b8ab56b8826c3f616ea6b4e3a3e1d6d0,"{""args"":[],""expected"":81111,""exportName"":""main.out"",""warmupCalls"":3,""warmupMs"":1000,""calibrationMs"":100}",transfer,2,97137,0.0031335827645490393,304.38682900000003,2.4827860000000044,2.978952999999997,65752,-0.6124571181165717,262642,1000.0263369999999,"[{""calls"":48568,""ms"":152.635088},{""calls"":48569,""ms"":151.70338700000002}]","[0.003142708944160764,0.0031234611995305654]"
original-program,test-evening-program-timing,test-evening-program,typescript,/home/ai/bend2/build/publish/bend/selfhost/build/phase30/final-transfer-plan-14/test-evening-program-timing/report.json,906ba05d5768d5d5f99d6ef4bf73ad1660892ce6bd985747218ffe7d96e0970d,0c1d34b107501041c6e5a3bb5b896e91b8ab56b8826c3f616ea6b4e3a3e1d6d0,"{""args"":[],""expected"":81111,""exportName"":""main.out"",""warmupCalls"":3,""warmupMs"":1000,""calibrationMs"":100}",transfer,3,97137,0.00316639804605866,307.57440700000006,2.5125420000000034,2.914119999999997,65584,-1.0222001813591564,254108,1000.026463,"[{""calls"":48568,""ms"":154.548454},{""calls"":48569,""ms"":152.97180900000012}]","[0.003182104554439137,0.003149577075912622]"
original-program,test-evening-program-timing,test-evening-program,typescript,/home/ai/bend2/build/publish/bend/selfhost/build/phase30/final-transfer-plan-14/test-evening-program-timing/report.json,906ba05d5768d5d5f99d6ef4bf73ad1660892ce6bd985747218ffe7d96e0970d,0c1d34b107501041c6e5a3bb5b896e91b8ab56b8826c3f616ea6b4e3a3e1d6d0,"{""args"":[],""expected"":81111,""exportName"":""main.out"",""warmupCalls"":3,""warmupMs"":1000,""calibrationMs"":100}",transfer,4,97137,0.0031416940197864867,305.17473199999995,2.525700999999998,2.9602450000000005,65740,-1.0583387977391778,262111,1000.025079,"[{""calls"":48568,""ms"":153.3753210000002},{""calls"":48569,""ms"":151.75521500000013}]","[0.003157950111184323,0.003124528299944412]"
original-program,test-evening-program-timing,test-evening-program,phase29,/home/ai/bend2/build/publish/bend/selfhost/build/phase30/final-transfer-plan-14/test-evening-program-timing/report.json,906ba05d5768d5d5f99d6ef4bf73ad1660892ce6bd985747218ffe7d96e0970d,96bf6ad0006eed050ba8213858e4fe72282483622be3dcdc5a6948f9790a4291,"{""args"":[],""expected"":81111,""exportName"":""main.out"",""warmupCalls"":3,""warmupMs"":1000,""calibrationMs"":100}",transfer,0,760,0.3111837447368424,236.4996460000002,12.294194000000005,22.814529999999998,73208,213.18848133085123,4866,1000.06165,"[{""calls"":380,""ms"":57.22751399999993},{""calls"":380,""ms"":179.22998200000006}]","[0.1505987210526314,0.4716578473684212]"
original-program,test-evening-program-timing,test-evening-program,phase29,/home/ai/bend2/build/publish/bend/selfhost/build/phase30/final-transfer-plan-14/test-evening-program-timing/report.json,906ba05d5768d5d5f99d6ef4bf73ad1660892ce6bd985747218ffe7d96e0970d,96bf6ad0006eed050ba8213858e4fe72282483622be3dcdc5a6948f9790a4291,"{""args"":[],""expected"":81111,""exportName"":""main.out"",""warmupCalls"":3,""warmupMs"":1000,""calibrationMs"":100}",transfer,1,760,0.2956179500000001,224.66964200000007,12.324572000000003,23.033450999999992,73444,191.17521854121034,4822,1000.140326,"[{""calls"":380,""ms"":57.42360899999994},{""calls"":380,""ms"":167.20331899999996}]","[0.15111476052631564,0.4400087342105262]"
original-program,test-evening-program-timing,test-evening-program,phase29,/home/ai/bend2/build/publish/bend/selfhost/build/phase30/final-transfer-plan-14/test-evening-program-timing/report.json,906ba05d5768d5d5f99d6ef4bf73ad1660892ce6bd985747218ffe7d96e0970d,96bf6ad0006eed050ba8213858e4fe72282483622be3dcdc5a6948f9790a4291,"{""args"":[],""expected"":81111,""exportName"":""main.out"",""warmupCalls"":3,""warmupMs"":1000,""calibrationMs"":100}",transfer,2,760,0.3035794078947369,230.72035000000005,12.394507999999988,23.038845999999992,73720,200.9067319444418,4781,1000.06104,"[{""calls"":380,""ms"":57.53872500000011},{""calls"":380,""ms"":173.13789699999984}]","[0.15141769736842134,0.4556260447368417]"
original-program,test-evening-program-timing,test-evening-program,phase29,/home/ai/bend2/build/publish/bend/selfhost/build/phase30/final-transfer-plan-14/test-evening-program-timing/report.json,906ba05d5768d5d5f99d6ef4bf73ad1660892ce6bd985747218ffe7d96e0970d,96bf6ad0006eed050ba8213858e4fe72282483622be3dcdc5a6948f9790a4291,"{""args"":[],""expected"":81111,""exportName"":""main.out"",""warmupCalls"":3,""warmupMs"":1000,""calibrationMs"":100}",transfer,3,760,0.31541929999999996,239.71866799999998,12.361571999999995,22.806655999999997,72604,215.23653114165745,4802,1000.1380909999999,"[{""calls"":380,""ms"":57.72083500000008},{""calls"":380,""ms"":181.95715799999994}]","[0.15189693421052652,0.4788346263157893]"
original-program,test-evening-program-timing,test-evening-program,phase29,/home/ai/bend2/build/publish/bend/selfhost/build/phase30/final-transfer-plan-14/test-evening-program-timing/report.json,906ba05d5768d5d5f99d6ef4bf73ad1660892ce6bd985747218ffe7d96e0970d,96bf6ad0006eed050ba8213858e4fe72282483622be3dcdc5a6948f9790a4291,"{""args"":[],""expected"":81111,""exportName"":""main.out"",""warmupCalls"":3,""warmupMs"":1000,""calibrationMs"":100}",transfer,4,760,0.30036111447368424,228.274447,12.325266999999997,22.664648999999997,73828,195.61740368108457,4765,1000.00519,"[{""calls"":380,""ms"":57.690278000000035},{""calls"":380,""ms"":170.542502}]","[0.15181652105263166,0.44879605789473687]"
original-program,test-evening-program-timing,test-evening-program,candidate,/home/ai/bend2/build/publish/bend/selfhost/build/phase30/final-transfer-plan-14/test-evening-program-timing/report.json,906ba05d5768d5d5f99d6ef4bf73ad1660892ce6bd985747218ffe7d96e0970d,b658083a83b833157e90a4787a9c531a1095f0f0ef13d8a134679b53ffaf844a,"{""args"":[],""expected"":81111,""exportName"":""main.out"",""warmupCalls"":3,""warmupMs"":1000,""calibrationMs"":100}",transfer,0,1060,0.18849911415094353,199.80906100000016,12.685513,23.110539999999993,71828,1.7939407136791097,4129,1000.1351970000001,"[{""calls"":530,""ms"":98.99106399999982},{""calls"":530,""ms"":100.76690499999995}]","[0.18677559245282985,0.19012623584905652]"
original-program,test-evening-program-timing,test-evening-program,candidate,/home/ai/bend2/build/publish/bend/selfhost/build/phase30/final-transfer-plan-14/test-evening-program-timing/report.json,906ba05d5768d5d5f99d6ef4bf73ad1660892ce6bd985747218ffe7d96e0970d,b658083a83b833157e90a4787a9c531a1095f0f0ef13d8a134679b53ffaf844a,"{""args"":[],""expected"":81111,""exportName"":""main.out"",""warmupCalls"":3,""warmupMs"":1000,""calibrationMs"":100}",transfer,1,1060,0.18165435377358494,192.55361500000004,12.572320000000005,23.234327999999998,71580,-4.234728078403305,4103,1000.0315440000002,"[{""calls"":530,""ms"":98.33863999999994},{""calls"":530,""ms"":94.17426599999999}]","[0.18554460377358478,0.17768729433962263]"
original-program,test-evening-program-timing,test-evening-program,candidate,/home/ai/bend2/build/publish/bend/selfhost/build/phase30/final-transfer-plan-14/test-evening-program-timing/report.json,906ba05d5768d5d5f99d6ef4bf73ad1660892ce6bd985747218ffe7d96e0970d,b658083a83b833157e90a4787a9c531a1095f0f0ef13d8a134679b53ffaf844a,"{""args"":[],""expected"":81111,""exportName"":""main.out"",""warmupCalls"":3,""warmupMs"":1000,""calibrationMs"":100}",transfer,2,1060,0.1881574292452829,199.44687499999986,12.631006000000014,23.215024,70920,-3.742803715344578,4076,1000.043005,"[{""calls"":530,""ms"":101.60468700000001},{""calls"":530,""ms"":97.80182299999979}]","[0.1917069566037736,0.18453174150943355]"
original-program,test-evening-program-timing,test-evening-program,candidate,/home/ai/bend2/build/publish/bend/selfhost/build/phase30/final-transfer-plan-14/test-evening-program-timing/report.json,906ba05d5768d5d5f99d6ef4bf73ad1660892ce6bd985747218ffe7d96e0970d,b658083a83b833157e90a4787a9c531a1095f0f0ef13d8a134679b53ffaf844a,"{""args"":[],""expected"":81111,""exportName"":""main.out"",""warmupCalls"":3,""warmupMs"":1000,""calibrationMs"":100}",transfer,3,1060,0.17918370283018875,189.93472500000007,12.698606999999996,23.207266999999995,71804,-3.668557512470727,4169,1000.2886000000001,"[{""calls"":530,""ms"":96.72003199999995},{""calls"":530,""ms"":93.17180199999984}]","[0.18249062641509423,0.1757958528301884]"
original-program,test-evening-program-timing,test-evening-program,candidate,/home/ai/bend2/build/publish/bend/selfhost/build/phase30/final-transfer-plan-14/test-evening-program-timing/report.json,906ba05d5768d5d5f99d6ef4bf73ad1660892ce6bd985747218ffe7d96e0970d,b658083a83b833157e90a4787a9c531a1095f0f0ef13d8a134679b53ffaf844a,"{""args"":[],""expected"":81111,""exportName"":""main.out"",""warmupCalls"":3,""warmupMs"":1000,""calibrationMs"":100}",transfer,4,1060,0.18104622735849055,191.909001,12.636368000000004,23.284281,71924,-3.6767047026058597,4128,1000.1160629999999,"[{""calls"":530,""ms"":97.73063899999988},{""calls"":530,""ms"":94.13737200000014}]","[0.1843974320754715,0.17761768301886818]"
original-program,test-rle-roundtrip-timing,test-rle-roundtrip,typescript,/home/ai/bend2/build/publish/bend/selfhost/build/phase30/final-transfer-plan-14/test-rle-roundtrip-timing/report.json,9c6d5845851b8b91d222412d5859c7af31c39a40f9254e42fc6c4d9e85f35ea4,f21a8eb4239ff0db7fbfda6121f24b04b48c5478fe6de5798660ca5b417c80a8,"{""args"":[],""expected"":11,""exportName"":""main.out"",""warmupCalls"":3,""warmupMs"":1000,""calibrationMs"":100}",transfer,0,505192,0.0006000577384439972,303.14436899999987,0.5055349999999947,0.896765000000002,63120,1.9476025060184643,1399874,1000.025557,"[{""calls"":252596,""ms"":150.08652899999993},{""calls"":252596,""ms"":153.00961800000005}]","[0.0005941761904384865,0.0006057483808136314]"
original-program,test-rle-roundtrip-timing,test-rle-roundtrip,typescript,/home/ai/bend2/build/publish/bend/selfhost/build/phase30/final-transfer-plan-14/test-rle-roundtrip-timing/report.json,9c6d5845851b8b91d222412d5859c7af31c39a40f9254e42fc6c4d9e85f35ea4,f21a8eb4239ff0db7fbfda6121f24b04b48c5478fe6de5798660ca5b417c80a8,"{""args"":[],""expected"":11,""exportName"":""main.out"",""warmupCalls"":3,""warmupMs"":1000,""calibrationMs"":100}",transfer,1,505192,0.0005949647124261665,300.5714129999999,0.5071979999999954,0.8944529999999986,62976,-0.1326302320048489,1400387,1000.0252049999999,"[{""calls"":252596,""ms"":150.3631539999999},{""calls"":252596,""ms"":150.16372699999988}]","[0.0005952713186273729,0.0005944818088964191]"
original-program,test-rle-roundtrip-timing,test-rle-roundtrip,typescript,/home/ai/bend2/build/publish/bend/selfhost/build/phase30/final-transfer-plan-14/test-rle-roundtrip-timing/report.json,9c6d5845851b8b91d222412d5859c7af31c39a40f9254e42fc6c4d9e85f35ea4,f21a8eb4239ff0db7fbfda6121f24b04b48c5478fe6de5798660ca5b417c80a8,"{""args"":[],""expected"":11,""exportName"":""main.out"",""warmupCalls"":3,""warmupMs"":1000,""calibrationMs"":100}",transfer,2,505192,0.0005937637512074614,299.9646969999999,0.517832999999996,0.9097379999999973,63104,1.644184882109645,1398836,1000.0252670000001,"[{""calls"":252596,""ms"":148.7378960000001},{""calls"":252596,""ms"":151.18342200000006}]","[0.0005888370995581881,0.0005985186701293768]"
original-program,test-rle-roundtrip-timing,test-rle-roundtrip,typescript,/home/ai/bend2/build/publish/bend/selfhost/build/phase30/final-transfer-plan-14/test-rle-roundtrip-timing/report.json,9c6d5845851b8b91d222412d5859c7af31c39a40f9254e42fc6c4d9e85f35ea4,f21a8eb4239ff0db7fbfda6121f24b04b48c5478fe6de5798660ca5b417c80a8,"{""args"":[],""expected"":11,""exportName"":""main.out"",""warmupCalls"":3,""warmupMs"":1000,""calibrationMs"":100}",transfer,3,505192,0.0006094440648307974,307.8862660000002,0.5075909999999979,0.9301480000000026,67128,-1.4068827910919568,1387243,1000.0246369999999,"[{""calls"":252596,""ms"":155.01092299999982},{""calls"":252596,""ms"":152.830101}]","[0.0006136713289204889,0.0006050376926000412]"
original-program,test-rle-roundtrip-timing,test-rle-roundtrip,typescript,/home/ai/bend2/build/publish/bend/selfhost/build/phase30/final-transfer-plan-14/test-rle-roundtrip-timing/report.json,9c6d5845851b8b91d222412d5859c7af31c39a40f9254e42fc6c4d9e85f35ea4,f21a8eb4239ff0db7fbfda6121f24b04b48c5478fe6de5798660ca5b417c80a8,"{""args"":[],""expected"":11,""exportName"":""main.out"",""warmupCalls"":3,""warmupMs"":1000,""calibrationMs"":100}",transfer,4,505192,0.000591189413134016,298.6641619999998,0.5048559999999966,0.8990239999999972,65044,1.1494547707885605,1378563,1000.025357,"[{""calls"":252596,""ms"":148.4566460000001},{""calls"":252596,""ms"":150.1630879999998}]","[0.0005877236614989948,0.0005944792791651482]"
original-program,test-rle-roundtrip-timing,test-rle-roundtrip,phase29,/home/ai/bend2/build/publish/bend/selfhost/build/phase30/final-transfer-plan-14/test-rle-roundtrip-timing/report.json,9c6d5845851b8b91d222412d5859c7af31c39a40f9254e42fc6c4d9e85f35ea4,ad8657b5b37a6a1fc1cf2054b37cd19a9626e0c26737887a2000bae08d05e483,"{""args"":[],""expected"":11,""exportName"":""main.out"",""warmupCalls"":3,""warmupMs"":1000,""calibrationMs"":100}",transfer,0,6669,0.044569090268406074,297.2312630000001,3.200687000000002,19.60696,69608,-0.2364405578129225,16778,1000.033951,"[{""calls"":3334,""ms"":148.74964},{""calls"":3335,""ms"":148.44244600000002}]","[0.044615968806238755,0.044510478560719643]"
original-program,test-rle-roundtrip-timing,test-rle-roundtrip,phase29,/home/ai/bend2/build/publish/bend/selfhost/build/phase30/final-transfer-plan-14/test-rle-roundtrip-timing/report.json,9c6d5845851b8b91d222412d5859c7af31c39a40f9254e42fc6c4d9e85f35ea4,ad8657b5b37a6a1fc1cf2054b37cd19a9626e0c26737887a2000bae08d05e483,"{""args"":[],""expected"":11,""exportName"":""main.out"",""warmupCalls"":3,""warmupMs"":1000,""calibrationMs"":100}",transfer,1,6669,0.04516675003748687,301.21705599999996,3.158242999999999,19.782604999999997,69404,-0.8535606017970543,17151,1000.030677,"[{""calls"":3334,""ms"":151.21119199999998},{""calls"":3335,""ms"":149.96548000000007}]","[0.04535428674265146,0.044967160419790125]"
original-program,test-rle-roundtrip-timing,test-rle-roundtrip,phase29,/home/ai/bend2/build/publish/bend/selfhost/build/phase30/final-transfer-plan-14/test-rle-roundtrip-timing/report.json,9c6d5845851b8b91d222412d5859c7af31c39a40f9254e42fc6c4d9e85f35ea4,ad8657b5b37a6a1fc1cf2054b37cd19a9626e0c26737887a2000bae08d05e483,"{""args"":[],""expected"":11,""exportName"":""main.out"",""warmupCalls"":3,""warmupMs"":1000,""calibrationMs"":100}",transfer,2,6669,0.04760188918878393,317.456999,3.192998000000003,19.473283000000002,69080,11.296733364344114,17160,1000.0584030000001,"[{""calls"":3334,""ms"":150.19979000000012},{""calls"":3335,""ms"":167.21759999999995}]","[0.045050926814637106,0.05014020989505246]"
original-program,test-rle-roundtrip-timing,test-rle-roundtrip,phase29,/home/ai/bend2/build/publish/bend/selfhost/build/phase30/final-transfer-plan-14/test-rle-roundtrip-timing/report.json,9c6d5845851b8b91d222412d5859c7af31c39a40f9254e42fc6c4d9e85f35ea4,ad8657b5b37a6a1fc1cf2054b37cd19a9626e0c26737887a2000bae08d05e483,"{""args"":[],""expected"":11,""exportName"":""main.out"",""warmupCalls"":3,""warmupMs"":1000,""calibrationMs"":100}",transfer,3,6669,0.04496199880041986,299.85157000000004,3.241829999999993,20.018735000000007,73612,1.9370765389635336,17441,1000.0580010000001,"[{""calls"":3334,""ms"":148.44549099999995},{""calls"":3335,""ms"":151.36638099999982}]","[0.04452474235152968,0.04538722068965512]"
original-program,test-rle-roundtrip-timing,test-rle-roundtrip,phase29,/home/ai/bend2/build/publish/bend/selfhost/build/phase30/final-transfer-plan-14/test-rle-roundtrip-timing/report.json,9c6d5845851b8b91d222412d5859c7af31c39a40f9254e42fc6c4d9e85f35ea4,ad8657b5b37a6a1fc1cf2054b37cd19a9626e0c26737887a2000bae08d05e483,"{""args"":[],""expected"":11,""exportName"":""main.out"",""warmupCalls"":3,""warmupMs"":1000,""calibrationMs"":100}",transfer,4,6669,0.044131164342480135,294.310735,3.138258999999991,19.252364,70860,-0.45988065513433707,17514,1000.0532450000001,"[{""calls"":3334,""ms"":147.4534279999998},{""calls"":3335,""ms"":146.819342}]","[0.04422718296340726,0.04402379070464768]"
original-program,test-rle-roundtrip-timing,test-rle-roundtrip,candidate,/home/ai/bend2/build/publish/bend/selfhost/build/phase30/final-transfer-plan-14/test-rle-roundtrip-timing/report.json,9c6d5845851b8b91d222412d5859c7af31c39a40f9254e42fc6c4d9e85f35ea4,15f0597e68c8feeba7dcb502d8f7d2f241d470da98936f167825896549004f03,"{""args"":[],""expected"":11,""exportName"":""main.out"",""warmupCalls"":3,""warmupMs"":1000,""calibrationMs"":100}",transfer,0,4207,0.07981669812217733,335.788849,3.5893119999999925,19.659576,70464,-17.923664881715084,10576,1004.3306480000001,"[{""calls"":2103,""ms"":184.35980900000004},{""calls"":2104,""ms"":151.38772700000004}]","[0.08766514931050881,0.07195234173003805]"
original-program,test-rle-roundtrip-timing,test-rle-roundtrip,candidate,/home/ai/bend2/build/publish/bend/selfhost/build/phase30/final-transfer-plan-14/test-rle-roundtrip-timing/report.json,9c6d5845851b8b91d222412d5859c7af31c39a40f9254e42fc6c4d9e85f35ea4,15f0597e68c8feeba7dcb502d8f7d2f241d470da98936f167825896549004f03,"{""args"":[],""expected"":11,""exportName"":""main.out"",""warmupCalls"":3,""warmupMs"":1000,""calibrationMs"":100}",transfer,1,4207,0.07563695887806038,318.20468600000004,3.559018999999992,19.773707,70484,-7.026711906510153,10805,1000.058086,"[{""calls"":2103,""ms"":164.8381179999999},{""calls"":2104,""ms"":153.32829300000003}]","[0.07838236709462668,0.07287466397338405]"
original-program,test-rle-roundtrip-timing,test-rle-roundtrip,candidate,/home/ai/bend2/build/publish/bend/selfhost/build/phase30/final-transfer-plan-14/test-rle-roundtrip-timing/report.json,9c6d5845851b8b91d222412d5859c7af31c39a40f9254e42fc6c4d9e85f35ea4,15f0597e68c8feeba7dcb502d8f7d2f241d470da98936f167825896549004f03,"{""args"":[],""expected"":11,""exportName"":""main.out"",""warmupCalls"":3,""warmupMs"":1000,""calibrationMs"":100}",transfer,2,4207,0.07505278512003803,315.747067,3.7089280000000002,19.669578,70764,-6.552523180300451,10790,1000.0184439999999,"[{""calls"":2103,""ms"":163.162241},{""calls"":2104,""ms"":152.5434990000001}]","[0.07758546885401807,0.07250166302281374]"
original-program,test-rle-roundtrip-timing,test-rle-roundtrip,candidate,/home/ai/bend2/build/publish/bend/selfhost/build/phase30/final-transfer-plan-14/test-rle-roundtrip-timing/report.json,9c6d5845851b8b91d222412d5859c7af31c39a40f9254e42fc6c4d9e85f35ea4,15f0597e68c8feeba7dcb502d8f7d2f241d470da98936f167825896549004f03,"{""args"":[],""expected"":11,""exportName"":""main.out"",""warmupCalls"":3,""warmupMs"":1000,""calibrationMs"":100}",transfer,3,4207,0.0730932331827906,307.503232,3.5464780000000076,19.595389999999995,72388,-4.735564604219899,10919,1000.0671189999999,"[{""calls"":2103,""ms"":157.4246770000002},{""calls"":2104,""ms"":150.04104200000006}]","[0.07485719305753695,0.07131228231939167]"
original-program,test-rle-roundtrip-timing,test-rle-roundtrip,candidate,/home/ai/bend2/build/publish/bend/selfhost/build/phase30/final-transfer-plan-14/test-rle-roundtrip-timing/report.json,9c6d5845851b8b91d222412d5859c7af31c39a40f9254e42fc6c4d9e85f35ea4,15f0597e68c8feeba7dcb502d8f7d2f241d470da98936f167825896549004f03,"{""args"":[],""expected"":11,""exportName"":""main.out"",""warmupCalls"":3,""warmupMs"":1000,""calibrationMs"":100}",transfer,4,4207,0.07022199477062042,295.42393200000015,3.5478399999999937,19.748527000000003,71696,-2.9128286412125726,11223,1000.0246279999999,"[{""calls"":2103,""ms"":149.839782},{""calls"":2104,""ms"":145.54438100000016}]","[0.0712504907275321,0.06917508602661604]"
original-program,test-map-set-ops-timing,test-map-set-ops,typescript,/home/ai/bend2/build/publish/bend/selfhost/build/phase30/final-transfer-plan-14/test-map-set-ops-timing/report.json,ac7e87255a6d86010876d2f712a00f7490f2f81a00832164f65d1795b749c6ad,91812e3092688bdc609a2f9f21c1280120b8392eab7cd7148586702bf551e9bf,"{""args"":[],""expected"":11111,""exportName"":""main.out"",""warmupCalls"":3,""warmupMs"":1000,""calibrationMs"":100}",transfer,0,13140,0.022081825570776252,290.15518799999995,5.290478999999998,3.1828360000000018,69188,-0.8440468254293232,33491,1000.0433350000001,"[{""calls"":6570,""ms"":145.56893800000012},{""calls"":6570,""ms"":144.34026799999992}]","[0.022156611567732132,0.021969599391171983]"
original-program,test-map-set-ops-timing,test-map-set-ops,typescript,/home/ai/bend2/build/publish/bend/selfhost/build/phase30/final-transfer-plan-14/test-map-set-ops-timing/report.json,ac7e87255a6d86010876d2f712a00f7490f2f81a00832164f65d1795b749c6ad,91812e3092688bdc609a2f9f21c1280120b8392eab7cd7148586702bf551e9bf,"{""args"":[],""expected"":11111,""exportName"":""main.out"",""warmupCalls"":3,""warmupMs"":1000,""calibrationMs"":100}",transfer,1,13140,0.0226191199391172,297.215236,5.211376999999992,3.1858649999999997,78688,-0.8080690972570359,31294,1000.03446,"[{""calls"":6570,""ms"":149.09801700000003},{""calls"":6570,""ms"":147.89320199999997}]","[0.022693762100456625,0.022510380821917805]"
original-program,test-map-set-ops-timing,test-map-set-ops,typescript,/home/ai/bend2/build/publish/bend/selfhost/build/phase30/final-transfer-plan-14/test-map-set-ops-timing/report.json,ac7e87255a6d86010876d2f712a00f7490f2f81a00832164f65d1795b749c6ad,91812e3092688bdc609a2f9f21c1280120b8392eab7cd7148586702bf551e9bf,"{""args"":[],""expected"":11111,""exportName"":""main.out"",""warmupCalls"":3,""warmupMs"":1000,""calibrationMs"":100}",transfer,2,13140,0.022165119025875202,291.24966400000017,5.371651999999997,3.119563999999997,73816,-0.9308468577559514,32987,1000.1267560000001,"[{""calls"":6570,""ms"":146.191824},{""calls"":6570,""ms"":144.8310019999999}]","[0.022251419178082193,0.02204429254185691]"
original-program,test-map-set-ops-timing,test-map-set-ops,typescript,/home/ai/bend2/build/publish/bend/selfhost/build/phase30/final-transfer-plan-14/test-map-set-ops-timing/report.json,ac7e87255a6d86010876d2f712a00f7490f2f81a00832164f65d1795b749c6ad,91812e3092688bdc609a2f9f21c1280120b8392eab7cd7148586702bf551e9bf,"{""args"":[],""expected"":11111,""exportName"":""main.out"",""warmupCalls"":3,""warmupMs"":1000,""calibrationMs"":100}",transfer,3,13140,0.022070256849315056,290.0031749999998,5.24072799999999,3.094366999999991,71520,-0.9212878317525153,33286,1000.0415790000001,"[{""calls"":6570,""ms"":145.5652570000002},{""calls"":6570,""ms"":144.22418199999993}]","[0.022156051293759544,0.021951930289193292]"
original-program,test-map-set-ops-timing,test-map-set-ops,typescript,/home/ai/bend2/build/publish/bend/selfhost/build/phase30/final-transfer-plan-14/test-map-set-ops-timing/report.json,ac7e87255a6d86010876d2f712a00f7490f2f81a00832164f65d1795b749c6ad,91812e3092688bdc609a2f9f21c1280120b8392eab7cd7148586702bf551e9bf,"{""args"":[],""expected"":11111,""exportName"":""main.out"",""warmupCalls"":3,""warmupMs"":1000,""calibrationMs"":100}",transfer,4,13140,0.021950529071537286,288.42995199999996,5.493190000000006,3.1595470000000034,69432,-0.6897093240502139,33438,1000.033991,"[{""calls"":6570,""ms"":144.60033599999997},{""calls"":6570,""ms"":143.60301400000003}]","[0.02200918356164383,0.021857384170471846]"
original-program,test-map-set-ops-timing,test-map-set-ops,phase29,/home/ai/bend2/build/publish/bend/selfhost/build/phase30/final-transfer-plan-14/test-map-set-ops-timing/report.json,ac7e87255a6d86010876d2f712a00f7490f2f81a00832164f65d1795b749c6ad,a05e0f45be9d5aa3057c296ea767782798df49f582b4b17d80800589184388e5,"{""args"":[],""expected"":11111,""exportName"":""main.out"",""warmupCalls"":3,""warmupMs"":1000,""calibrationMs"":100}",transfer,0,120,2.2221877833333337,266.66253400000005,31.283408999999992,22.271054999999997,75184,42.380377874765564,433,1000.0346809999999,"[{""calls"":60,""ms"":109.99840100000006},{""calls"":60,""ms"":156.61613899999998}]","[1.8333066833333342,2.610268983333333]"
original-program,test-map-set-ops-timing,test-map-set-ops,phase29,/home/ai/bend2/build/publish/bend/selfhost/build/phase30/final-transfer-plan-14/test-map-set-ops-timing/report.json,ac7e87255a6d86010876d2f712a00f7490f2f81a00832164f65d1795b749c6ad,a05e0f45be9d5aa3057c296ea767782798df49f582b4b17d80800589184388e5,"{""args"":[],""expected"":11111,""exportName"":""main.out"",""warmupCalls"":3,""warmupMs"":1000,""calibrationMs"":100}",transfer,1,120,2.2247837583333347,266.97405100000014,32.86016000000001,22.53273399999999,74304,40.79512873336386,431,1000.2083209999998,"[{""calls"":60,""ms"":110.85133300000007},{""calls"":60,""ms"":156.07327699999996}]","[1.8475222166666678,2.6012212833333326]"
original-program,test-map-set-ops-timing,test-map-set-ops,phase29,/home/ai/bend2/build/publish/bend/selfhost/build/phase30/final-transfer-plan-14/test-map-set-ops-timing/report.json,ac7e87255a6d86010876d2f712a00f7490f2f81a00832164f65d1795b749c6ad,a05e0f45be9d5aa3057c296ea767782798df49f582b4b17d80800589184388e5,"{""args"":[],""expected"":11111,""exportName"":""main.out"",""warmupCalls"":3,""warmupMs"":1000,""calibrationMs"":100}",transfer,2,120,2.2405640249999994,268.86768299999994,30.963653000000008,22.073556000000004,76840,41.10673775968037,430,1000.4996070000001,"[{""calls"":60,""ms"":111.49318700000003},{""calls"":60,""ms"":157.32439900000008}]","[1.8582197833333338,2.622073316666668]"
original-program,test-map-set-ops-timing,test-map-set-ops,phase29,/home/ai/bend2/build/publish/bend/selfhost/build/phase30/final-transfer-plan-14/test-map-set-ops-timing/report.json,ac7e87255a6d86010876d2f712a00f7490f2f81a00832164f65d1795b749c6ad,a05e0f45be9d5aa3057c296ea767782798df49f582b4b17d80800589184388e5,"{""args"":[],""expected"":11111,""exportName"":""main.out"",""warmupCalls"":3,""warmupMs"":1000,""calibrationMs"":100}",transfer,3,120,2.1930443583333346,263.16532300000017,31.056275,21.814623999999995,77036,40.400634268121415,438,1000.4983119999999,"[{""calls"":60,""ms"":109.448351},{""calls"":60,""ms"":153.66617899999983}]","[1.8241391833333334,2.5611029833333303]"
original-program,test-map-set-ops-timing,test-map-set-ops,phase29,/home/ai/bend2/build/publish/bend/selfhost/build/phase30/final-transfer-plan-14/test-map-set-ops-timing/report.json,ac7e87255a6d86010876d2f712a00f7490f2f81a00832164f65d1795b749c6ad,a05e0f45be9d5aa3057c296ea767782798df49f582b4b17d80800589184388e5,"{""args"":[],""expected"":11111,""exportName"":""main.out"",""warmupCalls"":3,""warmupMs"":1000,""calibrationMs"":100}",transfer,4,120,2.2266007,267.192084,30.804339999999996,22.184661000000006,76052,39.31147347106296,437,1000.5089440000002,"[{""calls"":60,""ms"":111.63049899999987},{""calls"":60,""ms"":155.514093}]","[1.8605083166666645,2.59190155]"
original-program,test-map-set-ops-timing,test-map-set-ops,candidate,/home/ai/bend2/build/publish/bend/selfhost/build/phase30/final-transfer-plan-14/test-map-set-ops-timing/report.json,ac7e87255a6d86010876d2f712a00f7490f2f81a00832164f65d1795b749c6ad,847762cf5644d003fc941585bf0c8e98aaa05bc538ce29ed82f259a1bdd3eb5b,"{""args"":[],""expected"":11111,""exportName"":""main.out"",""warmupCalls"":3,""warmupMs"":1000,""calibrationMs"":100}",transfer,0,112,2.2312745535714282,249.90274999999997,32.736591000000004,22.531617999999995,73444,14.512988365770063,388,1000.421779,"[{""calls"":56,""ms"":116.47466099999997},{""calls"":56,""ms"":133.37861500000008}]","[2.079904660714285,2.3817609821428585]"
original-program,test-map-set-ops-timing,test-map-set-ops,candidate,/home/ai/bend2/build/publish/bend/selfhost/build/phase30/final-transfer-plan-14/test-map-set-ops-timing/report.json,ac7e87255a6d86010876d2f712a00f7490f2f81a00832164f65d1795b749c6ad,847762cf5644d003fc941585bf0c8e98aaa05bc538ce29ed82f259a1bdd3eb5b,"{""args"":[],""expected"":11111,""exportName"":""main.out"",""warmupCalls"":3,""warmupMs"":1000,""calibrationMs"":100}",transfer,1,112,2.0160431964285714,225.79683799999998,32.338049999999996,22.49033,74184,-2.114188248864879,389,1000.955014,"[{""calls"":56,""ms"":114.07650200000012},{""calls"":56,""ms"":111.66471000000001}]","[2.037080392857145,1.9940126785714287]"
original-program,test-map-set-ops-timing,test-map-set-ops,candidate,/home/ai/bend2/build/publish/bend/selfhost/build/phase30/final-transfer-plan-14/test-map-set-ops-timing/report.json,ac7e87255a6d86010876d2f712a00f7490f2f81a00832164f65d1795b749c6ad,847762cf5644d003fc941585bf0c8e98aaa05bc538ce29ed82f259a1bdd3eb5b,"{""args"":[],""expected"":11111,""exportName"":""main.out"",""warmupCalls"":3,""warmupMs"":1000,""calibrationMs"":100}",transfer,2,112,2.046543375000001,229.2128580000001,32.32498700000001,22.184576,73972,5.560741781470768,393,1000.747829,"[{""calls"":56,""ms"":111.48226700000009},{""calls"":56,""ms"":117.6815079999999}]","[1.9907547678571444,2.101455499999998]"
original-program,test-map-set-ops-timing,test-map-set-ops,candidate,/home/ai/bend2/build/publish/bend/selfhost/build/phase30/final-transfer-plan-14/test-map-set-ops-timing/report.json,ac7e87255a6d86010876d2f712a00f7490f2f81a00832164f65d1795b749c6ad,847762cf5644d003fc941585bf0c8e98aaa05bc538ce29ed82f259a1bdd3eb5b,"{""args"":[],""expected"":11111,""exportName"":""main.out"",""warmupCalls"":3,""warmupMs"":1000,""calibrationMs"":100}",transfer,3,112,2.0115091249999995,225.28902199999993,32.14841,22.390577,75624,1.4529179342008591,390,1000.657261,"[{""calls"":56,""ms"":111.80466300000012},{""calls"":56,""ms"":113.42909299999997}]","[1.9965118392857164,2.025519517857142]"
original-program,test-map-set-ops-timing,test-map-set-ops,candidate,/home/ai/bend2/build/publish/bend/selfhost/build/phase30/final-transfer-plan-14/test-map-set-ops-timing/report.json,ac7e87255a6d86010876d2f712a00f7490f2f81a00832164f65d1795b749c6ad,847762cf5644d003fc941585bf0c8e98aaa05bc538ce29ed82f259a1bdd3eb5b,"{""args"":[],""expected"":11111,""exportName"":""main.out"",""warmupCalls"":3,""warmupMs"":1000,""calibrationMs"":100}",transfer,4,112,2.2257420982142855,249.28311499999995,32.65925,22.478752,76500,-13.40897810876891,371,1001.644522,"[{""calls"":56,""ms"":133.56868699999995},{""calls"":56,""ms"":115.65849099999991}]","[2.3851551249999994,2.0653301964285697]"
original-program,raytrace-timing,raytrace,typescript,/home/ai/bend2/build/publish/bend/selfhost/build/phase30/final-transfer-plan-14/raytrace-timing/report.json,7c17fb85f7849b579c567df87b344d7574eedfd162c646496f87322d25572a10,87bd526f04705416db047a31eb4ccc186f1c90f5c911f57736a3216a7629ddd2,"{""args"":[80,0],""expected"":402971,""exportName"":""bench"",""warmupCalls"":3,""warmupMs"":1000,""calibrationMs"":100}",transfer,0,9,34.205018777777774,307.84516899999994,124.81577199999998,2.4405519999999967,70804,-1.2937911464357632,29,1010.5364010000001,"[{""calls"":4,""ms"":137.79200800000012},{""calls"":5,""ms"":170.01158400000008}]","[34.44800200000003,34.00231680000002]"
original-program,raytrace-timing,raytrace,typescript,/home/ai/bend2/build/publish/bend/selfhost/build/phase30/final-transfer-plan-14/raytrace-timing/report.json,7c17fb85f7849b579c567df87b344d7574eedfd162c646496f87322d25572a10,87bd526f04705416db047a31eb4ccc186f1c90f5c911f57736a3216a7629ddd2,"{""args"":[80,0],""expected"":402971,""exportName"":""bench"",""warmupCalls"":3,""warmupMs"":1000,""calibrationMs"":100}",transfer,1,9,34.14644577777777,307.31801199999995,126.709454,2.500439,69232,-0.5139755404895641,29,1010.5125660000001,"[{""calls"":4,""ms"":136.95842399999992},{""calls"":5,""ms"":170.31811399999992}]","[34.23960599999998,34.06362279999998]"
original-program,raytrace-timing,raytrace,typescript,/home/ai/bend2/build/publish/bend/selfhost/build/phase30/final-transfer-plan-14/raytrace-timing/report.json,7c17fb85f7849b579c567df87b344d7574eedfd162c646496f87322d25572a10,87bd526f04705416db047a31eb4ccc186f1c90f5c911f57736a3216a7629ddd2,"{""args"":[80,0],""expected"":402971,""exportName"":""bench"",""warmupCalls"":3,""warmupMs"":1000,""calibrationMs"":100}",transfer,2,9,34.172230333333346,307.5500730000001,126.15760399999999,2.425089000000007,68672,-1.4670290511693773,29,1010.3908180000001,"[{""calls"":4,""ms"":137.79397200000017},{""calls"":5,""ms"":169.71561799999995}]","[34.44849300000004,33.94312359999999]"
original-program,raytrace-timing,raytrace,typescript,/home/ai/bend2/build/publish/bend/selfhost/build/phase30/final-transfer-plan-14/raytrace-timing/report.json,7c17fb85f7849b579c567df87b344d7574eedfd162c646496f87322d25572a10,87bd526f04705416db047a31eb4ccc186f1c90f5c911f57736a3216a7629ddd2,"{""args"":[80,0],""expected"":402971,""exportName"":""bench"",""warmupCalls"":3,""warmupMs"":1000,""calibrationMs"":100}",transfer,3,9,34.14066077777779,307.2659470000001,126.22253599999999,2.4056289999999976,68672,-0.8555004689798751,29,1008.817959,"[{""calls"":4,""ms"":137.19777399999998},{""calls"":5,""ms"":170.03005800000005}]","[34.299443499999995,34.00601160000001]"
original-program,raytrace-timing,raytrace,typescript,/home/ai/bend2/build/publish/bend/selfhost/build/phase30/final-transfer-plan-14/raytrace-timing/report.json,7c17fb85f7849b579c567df87b344d7574eedfd162c646496f87322d25572a10,87bd526f04705416db047a31eb4ccc186f1c90f5c911f57736a3216a7629ddd2,"{""args"":[80,0],""expected"":402971,""exportName"":""bench"",""warmupCalls"":3,""warmupMs"":1000,""calibrationMs"":100}",transfer,4,9,34.12015588888888,307.0814029999999,123.55844900000001,2.4048930000000013,69080,-1.227163086412586,29,1008.4394540000001,"[{""calls"":4,""ms"":137.39942299999984},{""calls"":5,""ms"":169.64163499999995}]","[34.34985574999996,33.92832699999999]"
original-program,raytrace-timing,raytrace,phase29,/home/ai/bend2/build/publish/bend/selfhost/build/phase30/final-transfer-plan-14/raytrace-timing/report.json,7c17fb85f7849b579c567df87b344d7574eedfd162c646496f87322d25572a10,52a93a16fe13e01b7e6cbce350d0f22d7fe0c7581ed649482a5002bfa7d3454c,"{""args"":[80,0],""expected"":402971,""exportName"":""bench"",""warmupCalls"":3,""warmupMs"":1000,""calibrationMs"":100}",transfer,0,1,10503.224102,10503.224102,11526.917171,20.158119,136536,,3,31819.511096999995,"[{""calls"":1,""ms"":10503.188206000006}]",[10503.188206000006]
original-program,raytrace-timing,raytrace,phase29,/home/ai/bend2/build/publish/bend/selfhost/build/phase30/final-transfer-plan-14/raytrace-timing/report.json,7c17fb85f7849b579c567df87b344d7574eedfd162c646496f87322d25572a10,52a93a16fe13e01b7e6cbce350d0f22d7fe0c7581ed649482a5002bfa7d3454c,"{""args"":[80,0],""expected"":402971,""exportName"":""bench"",""warmupCalls"":3,""warmupMs"":1000,""calibrationMs"":100}",transfer,1,1,10451.736467000002,10451.736467000002,11524.51282,20.428941000000002,135304,,3,31702.271301,"[{""calls"":1,""ms"":10451.702167999996}]",[10451.702167999996]
original-program,raytrace-timing,raytrace,phase29,/home/ai/bend2/build/publish/bend/selfhost/build/phase30/final-transfer-plan-14/raytrace-timing/report.json,7c17fb85f7849b579c567df87b344d7574eedfd162c646496f87322d25572a10,52a93a16fe13e01b7e6cbce350d0f22d7fe0c7581ed649482a5002bfa7d3454c,"{""args"":[80,0],""expected"":402971,""exportName"":""bench"",""warmupCalls"":3,""warmupMs"":1000,""calibrationMs"":100}",transfer,2,1,10527.867178999993,10527.867178999993,11466.925921,20.340303,135512,,3,31851.290971000002,"[{""calls"":1,""ms"":10527.832325999996}]",[10527.832325999996]
original-program,raytrace-timing,raytrace,phase29,/home/ai/bend2/build/publish/bend/selfhost/build/phase30/final-transfer-plan-14/raytrace-timing/report.json,7c17fb85f7849b579c567df87b344d7574eedfd162c646496f87322d25572a10,52a93a16fe13e01b7e6cbce350d0f22d7fe0c7581ed649482a5002bfa7d3454c,"{""args"":[80,0],""expected"":402971,""exportName"":""bench"",""warmupCalls"":3,""warmupMs"":1000,""calibrationMs"":100}",transfer,3,1,10572.715087000004,10572.715087000004,11461.273829,20.217490000000005,137228,,3,31929.233712,"[{""calls"":1,""ms"":10572.679111000005}]",[10572.679111000005]
original-program,raytrace-timing,raytrace,phase29,/home/ai/bend2/build/publish/bend/selfhost/build/phase30/final-transfer-plan-14/raytrace-timing/report.json,7c17fb85f7849b579c567df87b344d7574eedfd162c646496f87322d25572a10,52a93a16fe13e01b7e6cbce350d0f22d7fe0c7581ed649482a5002bfa7d3454c,"{""args"":[80,0],""expected"":402971,""exportName"":""bench"",""warmupCalls"":3,""warmupMs"":1000,""calibrationMs"":100}",transfer,4,1,10624.052227,10624.052227,11552.737577,20.360755000000005,137060,,3,32112.800662999995,"[{""calls"":1,""ms"":10624.018726999995}]",[10624.018726999995]
original-program,raytrace-timing,raytrace,candidate,/home/ai/bend2/build/publish/bend/selfhost/build/phase30/final-transfer-plan-14/raytrace-timing/report.json,7c17fb85f7849b579c567df87b344d7574eedfd162c646496f87322d25572a10,fc22762988a5f28ffced35a47abc124d5716061e8a737caeabc8d10fe8b360a5,"{""args"":[80,0],""expected"":402971,""exportName"":""bench"",""warmupCalls"":3,""warmupMs"":1000,""calibrationMs"":100}",transfer,0,1,13042.129339,13042.129339,13903.494162,20.585554000000002,136548,,3,39307.553799,"[{""calls"":1,""ms"":13042.094934}]",[13042.094934]
original-program,raytrace-timing,raytrace,candidate,/home/ai/bend2/build/publish/bend/selfhost/build/phase30/final-transfer-plan-14/raytrace-timing/report.json,7c17fb85f7849b579c567df87b344d7574eedfd162c646496f87322d25572a10,fc22762988a5f28ffced35a47abc124d5716061e8a737caeabc8d10fe8b360a5,"{""args"":[80,0],""expected"":402971,""exportName"":""bench"",""warmupCalls"":3,""warmupMs"":1000,""calibrationMs"":100}",transfer,1,1,12716.265580000007,12716.265580000007,13515.504366,20.562846999999998,135768,,3,38263.358290000004,"[{""calls"":1,""ms"":12716.231454}]",[12716.231454]
original-program,raytrace-timing,raytrace,candidate,/home/ai/bend2/build/publish/bend/selfhost/build/phase30/final-transfer-plan-14/raytrace-timing/report.json,7c17fb85f7849b579c567df87b344d7574eedfd162c646496f87322d25572a10,fc22762988a5f28ffced35a47abc124d5716061e8a737caeabc8d10fe8b360a5,"{""args"":[80,0],""expected"":402971,""exportName"":""bench"",""warmupCalls"":3,""warmupMs"":1000,""calibrationMs"":100}",transfer,2,1,13027.829827999994,13027.829827999994,13839.580625,20.640802,136892,,3,39212.295581000006,"[{""calls"":1,""ms"":13027.795625999992}]",[13027.795625999992]
original-program,raytrace-timing,raytrace,candidate,/home/ai/bend2/build/publish/bend/selfhost/build/phase30/final-transfer-plan-14/raytrace-timing/report.json,7c17fb85f7849b579c567df87b344d7574eedfd162c646496f87322d25572a10,fc22762988a5f28ffced35a47abc124d5716061e8a737caeabc8d10fe8b360a5,"{""args"":[80,0],""expected"":402971,""exportName"":""bench"",""warmupCalls"":3,""warmupMs"":1000,""calibrationMs"":100}",transfer,3,1,12817.295412,12817.295412,13542.430389000001,20.776010999999997,135252,,3,38652.730849,"[{""calls"":1,""ms"":12817.263011999996}]",[12817.263011999996]
original-program,raytrace-timing,raytrace,candidate,/home/ai/bend2/build/publish/bend/selfhost/build/phase30/final-transfer-plan-14/raytrace-timing/report.json,7c17fb85f7849b579c567df87b344d7574eedfd162c646496f87322d25572a10,fc22762988a5f28ffced35a47abc124d5716061e8a737caeabc8d10fe8b360a5,"{""args"":[80,0],""expected"":402971,""exportName"":""bench"",""warmupCalls"":3,""warmupMs"":1000,""calibrationMs"":100}",transfer,4,1,13355.019947,13355.019947,13921.072193999998,20.691193,136080,,3,39189.72305,"[{""calls"":1,""ms"":13354.988212999997}]",[13354.988212999997]
scalar-helper,scalar-scaling-confirm-14,scalar-region-0,phase29,/home/ai/bend2/build/publish/bend/selfhost/build/phase30/scalar-scaling-confirm-14/report.json,7e380ae38815e505a54e8d793d814690431ca7e7da5a5390a7da76e46fac9314,4f5b099ece772ee85d8f721cb38fa062fdff556f87dc9181b9838450c100c0a4,"{""exportName"":""bench"",""args"":[0,524800],""expected"":0,""warmupCalls"":100,""warmupMs"":3000,""calibrationMs"":50}",confirm,0,180342,0.0016654515919752476,300.3508710000001,0.5158779999999865,19.351805,67500,1.7419991259586487,1638171,3000.028168,"[{""calls"":90171,""ms"":148.85564299999987},{""calls"":90171,""ms"":151.448707}]","[0.0016508150403122942,0.0016795722238857284]"
scalar-helper,scalar-scaling-confirm-14,scalar-region-0,phase29,/home/ai/bend2/build/publish/bend/selfhost/build/phase30/scalar-scaling-confirm-14/report.json,7e380ae38815e505a54e8d793d814690431ca7e7da5a5390a7da76e46fac9314,4f5b099ece772ee85d8f721cb38fa062fdff556f87dc9181b9838450c100c0a4,"{""exportName"":""bench"",""args"":[0,524800],""expected"":0,""warmupCalls"":100,""warmupMs"":3000,""calibrationMs"":50}",confirm,1,180342,0.0016835109569595537,303.6077329999998,0.5141139999999922,19.196070999999996,67860,1.9801865110118166,1628817,3000.027549,"[{""calls"":90171,""ms"":150.2940749999998},{""calls"":90171,""ms"":153.27017799999976}]","[0.0016667673087799825,0.0016997724101983983]"
scalar-helper,scalar-scaling-confirm-14,scalar-region-0,phase29,/home/ai/bend2/build/publish/bend/selfhost/build/phase30/scalar-scaling-confirm-14/report.json,7e380ae38815e505a54e8d793d814690431ca7e7da5a5390a7da76e46fac9314,4f5b099ece772ee85d8f721cb38fa062fdff556f87dc9181b9838450c100c0a4,"{""exportName"":""bench"",""args"":[0,524800],""expected"":0,""warmupCalls"":100,""warmupMs"":3000,""calibrationMs"":50}",confirm,2,180342,0.001700313177185569,306.6378789999999,0.5857149999999933,20.339703999999998,67924,0.17952924927042702,1615460,3000.0263090000003,"[{""calls"":90171,""ms"":153.1594439999999},{""calls"":90171,""ms"":153.43440999999984}]","[0.001698544365705159,0.0017015937496534345]"
scalar-helper,scalar-scaling-confirm-14,scalar-region-0,phase29,/home/ai/bend2/build/publish/bend/selfhost/build/phase30/scalar-scaling-confirm-14/report.json,7e380ae38815e505a54e8d793d814690431ca7e7da5a5390a7da76e46fac9314,4f5b099ece772ee85d8f721cb38fa062fdff556f87dc9181b9838450c100c0a4,"{""exportName"":""bench"",""args"":[0,524800],""expected"":0,""warmupCalls"":100,""warmupMs"":3000,""calibrationMs"":50}",confirm,3,180342,0.0017114369531224007,308.643963,0.5167320000000046,19.207913999999995,67756,2.0448817336582215,1606928,3000.026975,"[{""calls"":90171,""ms"":152.73817299999973},{""calls"":90171,""ms"":155.861488}]","[0.001693872453449554,0.0017285101418416122]"
scalar-helper,scalar-scaling-confirm-14,scalar-region-0,phase29,/home/ai/bend2/build/publish/bend/selfhost/build/phase30/scalar-scaling-confirm-14/report.json,7e380ae38815e505a54e8d793d814690431ca7e7da5a5390a7da76e46fac9314,4f5b099ece772ee85d8f721cb38fa062fdff556f87dc9181b9838450c100c0a4,"{""exportName"":""bench"",""args"":[0,524800],""expected"":0,""warmupCalls"":100,""warmupMs"":3000,""calibrationMs"":50}",confirm,4,180342,0.001664313493251712,300.1456240000002,0.5171580000000091,19.205275999999998,69748,1.606205636663649,1636692,3000.02667,"[{""calls"":90171,""ms"":148.85447699999986},{""calls"":90171,""ms"":151.24538600000005}]","[0.001650802109325613,0.0016773173858557636]"
scalar-helper,scalar-scaling-confirm-14,scalar-region-0,typescript,/home/ai/bend2/build/publish/bend/selfhost/build/phase30/scalar-scaling-confirm-14/report.json,7e380ae38815e505a54e8d793d814690431ca7e7da5a5390a7da76e46fac9314,752a5711b92b0ba8b0e146f41e70ac3934e50965f77950d009b5e738320b594a,"{""exportName"":""bench"",""args"":[0,524800],""expected"":0,""warmupCalls"":100,""warmupMs"":3000,""calibrationMs"":50}",confirm,0,1000000,9.65868129999999e-05,96.58681299999989,0.19779300000000433,0.8254990000000006,62464,3.8538498432793666,15477816,3000.02491,"[{""calls"":500000,""ms"":47.3597850000001},{""calls"":500000,""ms"":49.184960000000046}]","[9.47195700000002e-05,9.83699200000001e-05]"
scalar-helper,scalar-scaling-confirm-14,scalar-region-0,typescript,/home/ai/bend2/build/publish/bend/selfhost/build/phase30/scalar-scaling-confirm-14/report.json,7e380ae38815e505a54e8d793d814690431ca7e7da5a5390a7da76e46fac9314,752a5711b92b0ba8b0e146f41e70ac3934e50965f77950d009b5e738320b594a,"{""exportName"":""bench"",""args"":[0,524800],""expected"":0,""warmupCalls"":100,""warmupMs"":3000,""calibrationMs"":50}",confirm,1,1000000,9.723976799999991e-05,97.23976799999991,0.19587599999999838,0.8106829999999974,62376,3.6734384347407945,16015736,3000.023851,"[{""calls"":500000,""ms"":47.72210099999984},{""calls"":500000,""ms"":49.47514299999966}]","[9.544420199999968e-05,9.895028599999932e-05]"
scalar-helper,scalar-scaling-confirm-14,scalar-region-0,typescript,/home/ai/bend2/build/publish/bend/selfhost/build/phase30/scalar-scaling-confirm-14/report.json,7e380ae38815e505a54e8d793d814690431ca7e7da5a5390a7da76e46fac9314,752a5711b92b0ba8b0e146f41e70ac3934e50965f77950d009b5e738320b594a,"{""exportName"":""bench"",""args"":[0,524800],""expected"":0,""warmupCalls"":100,""warmupMs"":3000,""calibrationMs"":50}",confirm,2,1000000,9.720144500000015e-05,97.20144500000015,0.19448599999999772,0.835201000000005,60456,3.145568852606062,16013103,3000.024146,"[{""calls"":500000,""ms"":47.82823300000018},{""calls"":500000,""ms"":49.33270300000004}]","[9.565646600000037e-05,9.866540600000008e-05]"
scalar-helper,scalar-scaling-confirm-14,scalar-region-0,typescript,/home/ai/bend2/build/publish/bend/selfhost/build/phase30/scalar-scaling-confirm-14/report.json,7e380ae38815e505a54e8d793d814690431ca7e7da5a5390a7da76e46fac9314,752a5711b92b0ba8b0e146f41e70ac3934e50965f77950d009b5e738320b594a,"{""exportName"":""bench"",""args"":[0,524800],""expected"":0,""warmupCalls"":100,""warmupMs"":3000,""calibrationMs"":50}",confirm,3,1000000,9.680777600000011e-05,96.8077760000001,0.19818599999999975,0.8070379999999986,62564,3.0578374680480858,16030570,3000.025611,"[{""calls"":500000,""ms"":47.654593000000204},{""calls"":500000,""ms"":49.111793000000034}]","[9.530918600000041e-05,9.822358600000007e-05]"
scalar-helper,scalar-scaling-confirm-14,scalar-region-0,typescript,/home/ai/bend2/build/publish/bend/selfhost/build/phase30/scalar-scaling-confirm-14/report.json,7e380ae38815e505a54e8d793d814690431ca7e7da5a5390a7da76e46fac9314,752a5711b92b0ba8b0e146f41e70ac3934e50965f77950d009b5e738320b594a,"{""exportName"":""bench"",""args"":[0,524800],""expected"":0,""warmupCalls"":100,""warmupMs"":3000,""calibrationMs"":50}",confirm,4,1000000,9.697186699999975e-05,96.97186699999975,0.19587000000001353,0.8171569999999946,64732,3.537735284472876,15998979,3000.025082,"[{""calls"":500000,""ms"":47.622245999999905},{""calls"":500000,""ms"":49.30699500000037}]","[9.524449199999981e-05,9.861399000000075e-05]"
scalar-helper,scalar-scaling-confirm-14,scalar-region-0,candidate,/home/ai/bend2/build/publish/bend/selfhost/build/phase30/scalar-scaling-confirm-14/report.json,7e380ae38815e505a54e8d793d814690431ca7e7da5a5390a7da76e46fac9314,990a2a7568cdb40541883237b97e008ee785a8d8e890400b9890fe21274204f5,"{""exportName"":""bench"",""args"":[0,524800],""expected"":0,""warmupCalls"":100,""warmupMs"":3000,""calibrationMs"":50}",confirm,0,68039,0.004485570849071859,305.19375500000024,0.8227769999999879,19.911959000000003,68360,1.9998354057225054,639619,3000.025338,"[{""calls"":34019,""ms"":151.06121699999994},{""calls"":34020,""ms"":154.086722}]","[0.0044404955172109685,0.004529298118753675]"
scalar-helper,scalar-scaling-confirm-14,scalar-region-0,candidate,/home/ai/bend2/build/publish/bend/selfhost/build/phase30/scalar-scaling-confirm-14/report.json,7e380ae38815e505a54e8d793d814690431ca7e7da5a5390a7da76e46fac9314,990a2a7568cdb40541883237b97e008ee785a8d8e890400b9890fe21274204f5,"{""exportName"":""bench"",""args"":[0,524800],""expected"":0,""warmupCalls"":100,""warmupMs"":3000,""calibrationMs"":50}",confirm,1,68039,0.004503616425873396,306.421558,0.7842249999999922,19.867044999999997,65884,1.3368529072562696,626712,3000.030144,"[{""calls"":34019,""ms"":152.16985399999976},{""calls"":34020,""ms"":154.20867399999997}]","[0.0044730842764337505,0.004532882833627278]"
scalar-helper,scalar-scaling-confirm-14,scalar-region-0,candidate,/home/ai/bend2/build/publish/bend/selfhost/build/phase30/scalar-scaling-confirm-14/report.json,7e380ae38815e505a54e8d793d814690431ca7e7da5a5390a7da76e46fac9314,990a2a7568cdb40541883237b97e008ee785a8d8e890400b9890fe21274204f5,"{""exportName"":""bench"",""args"":[0,524800],""expected"":0,""warmupCalls"":100,""warmupMs"":3000,""calibrationMs"":50}",confirm,2,68039,0.0045151123032378514,307.2037260000002,0.7882800000000003,19.963122999999996,67068,0.6011456457194475,633172,3000.07543,"[{""calls"":34019,""ms"":153.11564899999985},{""calls"":34020,""ms"":154.0406250000001}]","[0.0045008862400423245,0.004527943121693125]"
scalar-helper,scalar-scaling-confirm-14,scalar-region-0,candidate,/home/ai/bend2/build/publish/bend/selfhost/build/phase30/scalar-scaling-confirm-14/report.json,7e380ae38815e505a54e8d793d814690431ca7e7da5a5390a7da76e46fac9314,990a2a7568cdb40541883237b97e008ee785a8d8e890400b9890fe21274204f5,"{""exportName"":""bench"",""args"":[0,524800],""expected"":0,""warmupCalls"":100,""warmupMs"":3000,""calibrationMs"":50}",confirm,3,68039,0.0044912514293273,305.5802560000002,0.7949509999999975,19.997078000000002,68120,1.8248404452720912,637097,3000.0256289999998,"[{""calls"":34019,""ms"":151.3833080000004},{""calls"":34020,""ms"":154.1503429999998}]","[0.004449963490990341,0.004531168224573774]"
scalar-helper,scalar-scaling-confirm-14,scalar-region-0,candidate,/home/ai/bend2/build/publish/bend/selfhost/build/phase30/scalar-scaling-confirm-14/report.json,7e380ae38815e505a54e8d793d814690431ca7e7da5a5390a7da76e46fac9314,990a2a7568cdb40541883237b97e008ee785a8d8e890400b9890fe21274204f5,"{""exportName"":""bench"",""args"":[0,524800],""expected"":0,""warmupCalls"":100,""warmupMs"":3000,""calibrationMs"":50}",confirm,4,68039,0.0045233899528211744,307.7669289999999,0.7940179999999941,19.938322,70272,2.706614115935424,636734,3000.026798,"[{""calls"":34019,""ms"":151.80508499999996},{""calls"":34020,""ms"":155.91844599999968}]","[0.004462361768423527,0.0045831406819517835]"
scalar-helper,scalar-scaling-confirm-14,scalar-region-128,phase29,/home/ai/bend2/build/publish/bend/selfhost/build/phase30/scalar-scaling-confirm-14/report.json,7e380ae38815e505a54e8d793d814690431ca7e7da5a5390a7da76e46fac9314,4f5b099ece772ee85d8f721cb38fa062fdff556f87dc9181b9838450c100c0a4,"{""exportName"":""bench"",""args"":[128,524800],""expected"":128,""warmupCalls"":100,""warmupMs"":3000,""calibrationMs"":50}",confirm,0,762,0.4048926286089238,308.5281829999999,6.612343999999993,19.359507999999998,73444,-0.26156649142392574,7119,3000.11185,"[{""calls"":381,""ms"":154.440654},{""calls"":381,""ms"":154.03668900000002}]","[0.40535604724409446,0.40429577165354336]"
scalar-helper,scalar-scaling-confirm-14,scalar-region-128,phase29,/home/ai/bend2/build/publish/bend/selfhost/build/phase30/scalar-scaling-confirm-14/report.json,7e380ae38815e505a54e8d793d814690431ca7e7da5a5390a7da76e46fac9314,4f5b099ece772ee85d8f721cb38fa062fdff556f87dc9181b9838450c100c0a4,"{""exportName"":""bench"",""args"":[128,524800],""expected"":128,""warmupCalls"":100,""warmupMs"":3000,""calibrationMs"":50}",confirm,1,762,0.38892806299212634,296.3631840000003,6.299198000000004,19.242847999999995,71836,-0.8516556794430752,7423,3000.07015,"[{""calls"":381,""ms"":148.78994299999977},{""calls"":381,""ms"":147.52276500000016}]","[0.3905247847769023,0.38719885826771694]"
scalar-helper,scalar-scaling-confirm-14,scalar-region-128,phase29,/home/ai/bend2/build/publish/bend/selfhost/build/phase30/scalar-scaling-confirm-14/report.json,7e380ae38815e505a54e8d793d814690431ca7e7da5a5390a7da76e46fac9314,4f5b099ece772ee85d8f721cb38fa062fdff556f87dc9181b9838450c100c0a4,"{""exportName"":""bench"",""args"":[128,524800],""expected"":128,""warmupCalls"":100,""warmupMs"":3000,""calibrationMs"":50}",confirm,2,762,0.4051174855643046,308.6995240000001,6.341663999999994,19.484894000000004,71684,-0.8870079826944433,7101,3000.2334269999997,"[{""calls"":381,""ms"":155.01157000000012},{""calls"":381,""ms"":153.63660500000015}]","[0.40685451443569587,0.40324568241469855]"
scalar-helper,scalar-scaling-confirm-14,scalar-region-128,phase29,/home/ai/bend2/build/publish/bend/selfhost/build/phase30/scalar-scaling-confirm-14/report.json,7e380ae38815e505a54e8d793d814690431ca7e7da5a5390a7da76e46fac9314,4f5b099ece772ee85d8f721cb38fa062fdff556f87dc9181b9838450c100c0a4,"{""exportName"":""bench"",""args"":[128,524800],""expected"":128,""warmupCalls"":100,""warmupMs"":3000,""calibrationMs"":50}",confirm,3,762,0.39007037401574784,297.23362499999985,6.385860000000008,19.269821999999998,70908,-0.7825517146072936,7346,3000.105191,"[{""calls"":381,""ms"":149.1800449999996},{""calls"":381,""ms"":148.01263400000016}]","[0.3915486745406814,0.38848460367454113]"
scalar-helper,scalar-scaling-confirm-14,scalar-region-128,phase29,/home/ai/bend2/build/publish/bend/selfhost/build/phase30/scalar-scaling-confirm-14/report.json,7e380ae38815e505a54e8d793d814690431ca7e7da5a5390a7da76e46fac9314,4f5b099ece772ee85d8f721cb38fa062fdff556f87dc9181b9838450c100c0a4,"{""exportName"":""bench"",""args"":[128,524800],""expected"":128,""warmupCalls"":100,""warmupMs"":3000,""calibrationMs"":50}",confirm,4,762,0.38728766666666664,295.113202,6.276003000000003,19.32535,71496,-0.01968888818529857,7427,3000.034187,"[{""calls"":381,""ms"":147.54515200000014},{""calls"":381,""ms"":147.51610200000005}]","[0.38725761679790066,0.38718137007874026]"
scalar-helper,scalar-scaling-confirm-14,scalar-region-128,typescript,/home/ai/bend2/build/publish/bend/selfhost/build/phase30/scalar-scaling-confirm-14/report.json,7e380ae38815e505a54e8d793d814690431ca7e7da5a5390a7da76e46fac9314,752a5711b92b0ba8b0e146f41e70ac3934e50965f77950d009b5e738320b594a,"{""exportName"":""bench"",""args"":[128,524800],""expected"":128,""warmupCalls"":100,""warmupMs"":3000,""calibrationMs"":50}",confirm,0,168774,0.0017109729579200587,288.76775,0.7350150000000042,0.8226079999999882,65092,0.5114496002720514,1677408,3000.02664,"[{""calls"":84387,""ms"":143.99541999999974},{""calls"":84387,""ms"":144.7318839999998}]","[0.0017063697014943029,0.001715096922511759]"
scalar-helper,scalar-scaling-confirm-14,scalar-region-128,typescript,/home/ai/bend2/build/publish/bend/selfhost/build/phase30/scalar-scaling-confirm-14/report.json,7e380ae38815e505a54e8d793d814690431ca7e7da5a5390a7da76e46fac9314,752a5711b92b0ba8b0e146f41e70ac3934e50965f77950d009b5e738320b594a,"{""exportName"":""bench"",""args"":[128,524800],""expected"":128,""warmupCalls"":100,""warmupMs"":3000,""calibrationMs"":50}",confirm,1,168774,0.0017032809318970935,287.46953600000006,0.741702999999994,0.811091999999995,64512,0.641841975050883,1674152,3000.027366,"[{""calls"":84387,""ms"":143.25379699999985},{""calls"":84387,""ms"":144.17326000000003}]","[0.001697581345467902,0.0017084771351037486]"
scalar-helper,scalar-scaling-confirm-14,scalar-region-128,typescript,/home/ai/bend2/build/publish/bend/selfhost/build/phase30/scalar-scaling-confirm-14/report.json,7e380ae38815e505a54e8d793d814690431ca7e7da5a5390a7da76e46fac9314,752a5711b92b0ba8b0e146f41e70ac3934e50965f77950d009b5e738320b594a,"{""exportName"":""bench"",""args"":[128,524800],""expected"":128,""warmupCalls"":100,""warmupMs"":3000,""calibrationMs"":50}",confirm,2,168774,0.0017061586441039494,287.95521899999994,0.7319280000000035,0.824226000000003,64908,0.5910226433979648,1681199,3000.0336380000003,"[{""calls"":84387,""ms"":143.532741},{""calls"":84387,""ms"":144.38105199999973}]","[0.0017008868783106401,0.0017109395049000407]"
scalar-helper,scalar-scaling-confirm-14,scalar-region-128,typescript,/home/ai/bend2/build/publish/bend/selfhost/build/phase30/scalar-scaling-confirm-14/report.json,7e380ae38815e505a54e8d793d814690431ca7e7da5a5390a7da76e46fac9314,752a5711b92b0ba8b0e146f41e70ac3934e50965f77950d009b5e738320b594a,"{""exportName"":""bench"",""args"":[128,524800],""expected"":128,""warmupCalls"":100,""warmupMs"":3000,""calibrationMs"":50}",confirm,3,168774,0.0016988876604216298,286.7280660000001,0.7224649999999997,0.8136220000000023,62628,1.3307026880774453,1691214,3000.026026,"[{""calls"":84387,""ms"":142.39649599999984},{""calls"":84387,""ms"":144.29136999999992}]","[0.0016874221858817098,0.0017098767582684527]"
scalar-helper,scalar-scaling-confirm-14,scalar-region-128,typescript,/home/ai/bend2/build/publish/bend/selfhost/build/phase30/scalar-scaling-confirm-14/report.json,7e380ae38815e505a54e8d793d814690431ca7e7da5a5390a7da76e46fac9314,752a5711b92b0ba8b0e146f41e70ac3934e50965f77950d009b5e738320b594a,"{""exportName"":""bench"",""args"":[128,524800],""expected"":128,""warmupCalls"":100,""warmupMs"":3000,""calibrationMs"":50}",confirm,4,168774,0.0017035549610722033,287.51578500000005,0.737955999999997,0.8175460000000001,62744,1.4333255595475825,1690928,3000.0259530000003,"[{""calls"":84387,""ms"":142.71468100000038},{""calls"":84387,""ms"":144.76024700000016}]","[0.0016911927311078765,0.0017154330287840565]"
scalar-helper,scalar-scaling-confirm-14,scalar-region-128,candidate,/home/ai/bend2/build/publish/bend/selfhost/build/phase30/scalar-scaling-confirm-14/report.json,7e380ae38815e505a54e8d793d814690431ca7e7da5a5390a7da76e46fac9314,990a2a7568cdb40541883237b97e008ee785a8d8e890400b9890fe21274204f5,"{""exportName"":""bench"",""args"":[128,524800],""expected"":128,""warmupCalls"":100,""warmupMs"":3000,""calibrationMs"":50}",confirm,0,44484,0.006979675254023919,310.483874,1.5357659999999953,22.067574999999998,68548,2.6057862848196,425425,3000.025892,"[{""calls"":22242,""ms"":153.22380900000007},{""calls"":22242,""ms"":157.21649400000024}]","[0.006888940248179124,0.007068451308335592]"
scalar-helper,scalar-scaling-confirm-14,scalar-region-128,candidate,/home/ai/bend2/build/publish/bend/selfhost/build/phase30/scalar-scaling-confirm-14/report.json,7e380ae38815e505a54e8d793d814690431ca7e7da5a5390a7da76e46fac9314,990a2a7568cdb40541883237b97e008ee785a8d8e890400b9890fe21274204f5,"{""exportName"":""bench"",""args"":[128,524800],""expected"":128,""warmupCalls"":100,""warmupMs"":3000,""calibrationMs"":50}",confirm,1,44484,0.006983992266882478,310.67591200000015,1.4146800000000042,20.115553999999996,68200,1.5261812139479858,424944,3000.029544,"[{""calls"":22242,""ms"":154.13962500000025},{""calls"":22242,""ms"":156.4920750000001}]","[0.006930115322363108,0.007035881440517944]"
scalar-helper,scalar-scaling-confirm-14,scalar-region-128,candidate,/home/ai/bend2/build/publish/bend/selfhost/build/phase30/scalar-scaling-confirm-14/report.json,7e380ae38815e505a54e8d793d814690431ca7e7da5a5390a7da76e46fac9314,990a2a7568cdb40541883237b97e008ee785a8d8e890400b9890fe21274204f5,"{""exportName"":""bench"",""args"":[128,524800],""expected"":128,""warmupCalls"":100,""warmupMs"":3000,""calibrationMs"":50}",confirm,2,44484,0.0069672376584839525,309.93060000000014,1.4388299999999958,20.176292000000004,70376,2.2712430941340678,424179,3000.0282650000004,"[{""calls"":22242,""ms"":153.2038120000002},{""calls"":22242,""ms"":156.68344300000035}]","[0.00688804118334683,0.007044485343044706]"
scalar-helper,scalar-scaling-confirm-14,scalar-region-128,candidate,/home/ai/bend2/build/publish/bend/selfhost/build/phase30/scalar-scaling-confirm-14/report.json,7e380ae38815e505a54e8d793d814690431ca7e7da5a5390a7da76e46fac9314,990a2a7568cdb40541883237b97e008ee785a8d8e890400b9890fe21274204f5,"{""exportName"":""bench"",""args"":[128,524800],""expected"":128,""warmupCalls"":100,""warmupMs"":3000,""calibrationMs"":50}",confirm,3,44484,0.0071376663294667785,317.5119490000002,1.4402079999999984,20.101318,68560,-0.7984187677703813,423050,3000.043788,"[{""calls"":22242,""ms"":159.36887400000023},{""calls"":22242,""ms"":158.0964429999999}]","[0.00716522228216888,0.007108013802715579]"
scalar-helper,scalar-scaling-confirm-14,scalar-region-128,candidate,/home/ai/bend2/build/publish/bend/selfhost/build/phase30/scalar-scaling-confirm-14/report.json,7e380ae38815e505a54e8d793d814690431ca7e7da5a5390a7da76e46fac9314,990a2a7568cdb40541883237b97e008ee785a8d8e890400b9890fe21274204f5,"{""exportName"":""bench"",""args"":[128,524800],""expected"":128,""warmupCalls"":100,""warmupMs"":3000,""calibrationMs"":50}",confirm,4,44484,0.007006747594640763,311.6881599999997,1.448174999999992,20.028598999999993,68824,0.8274423448172197,422407,3000.029088,"[{""calls"":22242,""ms"":155.18023799999992},{""calls"":22242,""ms"":156.46426500000007}]","[0.006976901267871591,0.00703463110331805]"
scalar-helper,scalar-scaling-confirm-14,scalar-region-1024,phase29,/home/ai/bend2/build/publish/bend/selfhost/build/phase30/scalar-scaling-confirm-14/report.json,7e380ae38815e505a54e8d793d814690431ca7e7da5a5390a7da76e46fac9314,4f5b099ece772ee85d8f721cb38fa062fdff556f87dc9181b9838450c100c0a4,"{""exportName"":""bench"",""args"":[1024,524800],""expected"":1024,""warmupCalls"":100,""warmupMs"":3000,""calibrationMs"":50}",confirm,0,92,3.188176467391303,293.3122349999999,29.80015800000001,19.369894999999993,71920,-2.214749923516024,906,3002.3564499999998,"[{""calls"":46,""ms"":148.27565700000014},{""calls"":46,""ms"":144.99172199999975}]","[3.22338384782609,3.151993956521734]"
scalar-helper,scalar-scaling-confirm-14,scalar-region-1024,phase29,/home/ai/bend2/build/publish/bend/selfhost/build/phase30/scalar-scaling-confirm-14/report.json,7e380ae38815e505a54e8d793d814690431ca7e7da5a5390a7da76e46fac9314,4f5b099ece772ee85d8f721cb38fa062fdff556f87dc9181b9838450c100c0a4,"{""exportName"":""bench"",""args"":[1024,524800],""expected"":1024,""warmupCalls"":100,""warmupMs"":3000,""calibrationMs"":50}",confirm,1,92,3.247765913043479,298.79446400000006,29.640574,19.26571599999999,71060,-3.5855413496302613,898,3001.23465,"[{""calls"":46,""ms"":152.10202500000014},{""calls"":46,""ms"":146.64834400000018}]","[3.306565760869568,3.1880074782608734]"
scalar-helper,scalar-scaling-confirm-14,scalar-region-1024,phase29,/home/ai/bend2/build/publish/bend/selfhost/build/phase30/scalar-scaling-confirm-14/report.json,7e380ae38815e505a54e8d793d814690431ca7e7da5a5390a7da76e46fac9314,4f5b099ece772ee85d8f721cb38fa062fdff556f87dc9181b9838450c100c0a4,"{""exportName"":""bench"",""args"":[1024,524800],""expected"":1024,""warmupCalls"":100,""warmupMs"":3000,""calibrationMs"":50}",confirm,2,92,3.319997108695653,305.43973400000004,29.813345999999996,19.433891000000003,71156,-3.065979806188135,907,3000.813806,"[{""calls"":46,""ms"":155.0717649999997},{""calls"":46,""ms"":150.31729600000017}]","[3.3711253260869496,3.2677673043478297]"
scalar-helper,scalar-scaling-confirm-14,scalar-region-1024,phase29,/home/ai/bend2/build/publish/bend/selfhost/build/phase30/scalar-scaling-confirm-14/report.json,7e380ae38815e505a54e8d793d814690431ca7e7da5a5390a7da76e46fac9314,4f5b099ece772ee85d8f721cb38fa062fdff556f87dc9181b9838450c100c0a4,"{""exportName"":""bench"",""args"":[1024,524800],""expected"":1024,""warmupCalls"":100,""warmupMs"":3000,""calibrationMs"":50}",confirm,3,92,3.2440404891304335,298.4517249999999,29.854374000000007,19.298314000000005,71464,-3.8411126432439158,892,3000.374801,"[{""calls"":46,""ms"":152.12639000000036},{""calls"":46,""ms"":146.2830439999998}]","[3.3070954347826165,3.180066173913039]"
scalar-helper,scalar-scaling-confirm-14,scalar-region-1024,phase29,/home/ai/bend2/build/publish/bend/selfhost/build/phase30/scalar-scaling-confirm-14/report.json,7e380ae38815e505a54e8d793d814690431ca7e7da5a5390a7da76e46fac9314,4f5b099ece772ee85d8f721cb38fa062fdff556f87dc9181b9838450c100c0a4,"{""exportName"":""bench"",""args"":[1024,524800],""expected"":1024,""warmupCalls"":100,""warmupMs"":3000,""calibrationMs"":50}",confirm,4,92,3.3332493586956486,306.6589409999997,29.67463500000001,19.279877,71992,-1.1205375981833132,881,3001.82208,"[{""calls"":46,""ms"":154.17313999999988},{""calls"":46,""ms"":152.44557200000008}]","[3.351589999999997,3.3140341739130452]"
scalar-helper,scalar-scaling-confirm-14,scalar-region-1024,typescript,/home/ai/bend2/build/publish/bend/selfhost/build/phase30/scalar-scaling-confirm-14/report.json,7e380ae38815e505a54e8d793d814690431ca7e7da5a5390a7da76e46fac9314,752a5711b92b0ba8b0e146f41e70ac3934e50965f77950d009b5e738320b594a,"{""exportName"":""bench"",""args"":[1024,524800],""expected"":1024,""warmupCalls"":100,""warmupMs"":3000,""calibrationMs"":50}",confirm,0,23300,0.01290255592274679,300.6295530000002,6.956452000000006,0.8193379999999948,62736,0.8095275764206766,236059,3000.0345469999997,"[{""calls"":11650,""ms"":149.6874270000003},{""calls"":11650,""ms"":150.89918799999987}]","[0.012848706180257536,0.012952719999999989]"
scalar-helper,scalar-scaling-confirm-14,scalar-region-1024,typescript,/home/ai/bend2/build/publish/bend/selfhost/build/phase30/scalar-scaling-confirm-14/report.json,7e380ae38815e505a54e8d793d814690431ca7e7da5a5390a7da76e46fac9314,752a5711b92b0ba8b0e146f41e70ac3934e50965f77950d009b5e738320b594a,"{""exportName"":""bench"",""args"":[1024,524800],""expected"":1024,""warmupCalls"":100,""warmupMs"":3000,""calibrationMs"":50}",confirm,1,23300,0.012887311759656666,300.27436400000033,6.638137,0.8323220000000049,62688,0.048729764869337444,233047,3000.037138,"[{""calls"":11650,""ms"":150.08075699999972},{""calls"":11650,""ms"":150.15389099999993}]","[0.012882468412017144,0.012888746008583685]"
scalar-helper,scalar-scaling-confirm-14,scalar-region-1024,typescript,/home/ai/bend2/build/publish/bend/selfhost/build/phase30/scalar-scaling-confirm-14/report.json,7e380ae38815e505a54e8d793d814690431ca7e7da5a5390a7da76e46fac9314,752a5711b92b0ba8b0e146f41e70ac3934e50965f77950d009b5e738320b594a,"{""exportName"":""bench"",""args"":[1024,524800],""expected"":1024,""warmupCalls"":100,""warmupMs"":3000,""calibrationMs"":50}",confirm,2,23300,0.012927256523605154,301.2050770000001,6.653215999999993,0.8164960000000008,62544,0.1965329441010244,237081,3000.038556,"[{""calls"":11650,""ms"":150.43432100000018},{""calls"":11650,""ms"":150.72997399999986}]","[0.012912817253218899,0.012938195193133035]"
scalar-helper,scalar-scaling-confirm-14,scalar-region-1024,typescript,/home/ai/bend2/build/publish/bend/selfhost/build/phase30/scalar-scaling-confirm-14/report.json,7e380ae38815e505a54e8d793d814690431ca7e7da5a5390a7da76e46fac9314,752a5711b92b0ba8b0e146f41e70ac3934e50965f77950d009b5e738320b594a,"{""exportName"":""bench"",""args"":[1024,524800],""expected"":1024,""warmupCalls"":100,""warmupMs"":3000,""calibrationMs"":50}",confirm,3,23300,0.012777277167381983,297.7105580000002,6.575855999999995,0.8121799999999979,62488,1.3997140356371895,237349,3000.031757,"[{""calls"":11650,""ms"":147.8023330000001},{""calls"":11650,""ms"":149.8711430000003}]","[0.012686895536480695,0.012864475793991442]"
scalar-helper,scalar-scaling-confirm-14,scalar-region-1024,typescript,/home/ai/bend2/build/publish/bend/selfhost/build/phase30/scalar-scaling-confirm-14/report.json,7e380ae38815e505a54e8d793d814690431ca7e7da5a5390a7da76e46fac9314,752a5711b92b0ba8b0e146f41e70ac3934e50965f77950d009b5e738320b594a,"{""exportName"":""bench"",""args"":[1024,524800],""expected"":1024,""warmupCalls"":100,""warmupMs"":3000,""calibrationMs"":50}",confirm,4,23300,0.01289107184549356,300.3619739999999,6.660904000000009,0.8179269999999974,62636,0.977868996364295,236500,3000.039299,"[{""calls"":11650,""ms"":149.42666199999985},{""calls"":11650,""ms"":150.88785899999993}]","[0.012826322918454923,0.012951747553648063]"
scalar-helper,scalar-scaling-confirm-14,scalar-region-1024,candidate,/home/ai/bend2/build/publish/bend/selfhost/build/phase30/scalar-scaling-confirm-14/report.json,7e380ae38815e505a54e8d793d814690431ca7e7da5a5390a7da76e46fac9314,990a2a7568cdb40541883237b97e008ee785a8d8e890400b9890fe21274204f5,"{""exportName"":""bench"",""args"":[1024,524800],""expected"":1024,""warmupCalls"":100,""warmupMs"":3000,""calibrationMs"":50}",confirm,0,13662,0.02222764390279607,303.6740709999999,6.3138780000000025,19.709938000000008,68992,-1.2008213755647312,132111,3000.0400369999998,"[{""calls"":6831,""ms"":152.24071099999992},{""calls"":6831,""ms"":150.41257200000018}]","[0.022286738544868966,0.022019114624505957]"
scalar-helper,scalar-scaling-confirm-14,scalar-region-1024,candidate,/home/ai/bend2/build/publish/bend/selfhost/build/phase30/scalar-scaling-confirm-14/report.json,7e380ae38815e505a54e8d793d814690431ca7e7da5a5390a7da76e46fac9314,990a2a7568cdb40541883237b97e008ee785a8d8e890400b9890fe21274204f5,"{""exportName"":""bench"",""args"":[1024,524800],""expected"":1024,""warmupCalls"":100,""warmupMs"":3000,""calibrationMs"":50}",confirm,1,13662,0.02205830881276534,301.36061500000005,6.289327,19.714670000000005,68844,-0.8747277650087315,131192,3000.030462,"[{""calls"":6831,""ms"":150.8756269999999},{""calls"":6831,""ms"":149.5558759999999}]","[0.02208690191772799,0.02189370165422338]"
scalar-helper,scalar-scaling-confirm-14,scalar-region-1024,candidate,/home/ai/bend2/build/publish/bend/selfhost/build/phase30/scalar-scaling-confirm-14/report.json,7e380ae38815e505a54e8d793d814690431ca7e7da5a5390a7da76e46fac9314,990a2a7568cdb40541883237b97e008ee785a8d8e890400b9890fe21274204f5,"{""exportName"":""bench"",""args"":[1024,524800],""expected"":1024,""warmupCalls"":100,""warmupMs"":3000,""calibrationMs"":50}",confirm,2,13662,0.022101931196018155,301.956584,6.220962999999998,19.881889,69104,-1.373443840346844,132848,3000.040043,"[{""calls"":6831,""ms"":151.55297500000006},{""calls"":6831,""ms"":149.47148000000016}]","[0.02218605987410336,0.021881346801346825]"
scalar-helper,scalar-scaling-confirm-14,scalar-region-1024,candidate,/home/ai/bend2/build/publish/bend/selfhost/build/phase30/scalar-scaling-confirm-14/report.json,7e380ae38815e505a54e8d793d814690431ca7e7da5a5390a7da76e46fac9314,990a2a7568cdb40541883237b97e008ee785a8d8e890400b9890fe21274204f5,"{""exportName"":""bench"",""args"":[1024,524800],""expected"":1024,""warmupCalls"":100,""warmupMs"":3000,""calibrationMs"":50}",confirm,3,13662,0.021979453740301563,300.28329699999995,6.272379999999998,19.826483999999994,69036,-1.3964299656362256,131664,3000.026066,"[{""calls"":6831,""ms"":150.764095},{""calls"":6831,""ms"":148.65877999999975}]","[0.022070574586444153,0.021762374469330954]"
scalar-helper,scalar-scaling-confirm-14,scalar-region-1024,candidate,/home/ai/bend2/build/publish/bend/selfhost/build/phase30/scalar-scaling-confirm-14/report.json,7e380ae38815e505a54e8d793d814690431ca7e7da5a5390a7da76e46fac9314,990a2a7568cdb40541883237b97e008ee785a8d8e890400b9890fe21274204f5,"{""exportName"":""bench"",""args"":[1024,524800],""expected"":1024,""warmupCalls"":100,""warmupMs"":3000,""calibrationMs"":50}",confirm,4,13662,0.02214355196896499,302.5252069999997,6.221361999999999,19.906842000000005,68908,-0.18287002726956603,131106,3000.0343159999998,"[{""calls"":6831,""ms"":150.96514400000024},{""calls"":6831,""ms"":150.6890739999999}]","[0.02210000644122387,0.022059592153418225]"
scalar-helper,scalar-scaling-confirm-14,scalar-region-8192,phase29,/home/ai/bend2/build/publish/bend/selfhost/build/phase30/scalar-scaling-confirm-14/report.json,7e380ae38815e505a54e8d793d814690431ca7e7da5a5390a7da76e46fac9314,4f5b099ece772ee85d8f721cb38fa062fdff556f87dc9181b9838450c100c0a4,"{""exportName"":""bench"",""args"":[8192,524800],""expected"":8192,""warmupCalls"":100,""warmupMs"":3000,""calibrationMs"":50}",confirm,0,12,25.67413749999999,308.0896499999999,64.651289,19.195740999999998,68136,0.39164924485493025,115,3002.291135,"[{""calls"":6,""ms"":153.72300799999994},{""calls"":6,""ms"":154.32506300000023}]","[25.620501333333323,25.720843833333372]"
scalar-helper,scalar-scaling-confirm-14,scalar-region-8192,phase29,/home/ai/bend2/build/publish/bend/selfhost/build/phase30/scalar-scaling-confirm-14/report.json,7e380ae38815e505a54e8d793d814690431ca7e7da5a5390a7da76e46fac9314,4f5b099ece772ee85d8f721cb38fa062fdff556f87dc9181b9838450c100c0a4,"{""exportName"":""bench"",""args"":[8192,524800],""expected"":8192,""warmupCalls"":100,""warmupMs"":3000,""calibrationMs"":50}",confirm,1,12,26.705934833333345,320.47121800000014,65.912257,19.300399999999996,68532,-0.12036089855578247,111,3001.284132,"[{""calls"":6,""ms"":160.31286099999988},{""calls"":6,""ms"":160.11990699999978}]","[26.718810166666646,26.686651166666632]"
scalar-helper,scalar-scaling-confirm-14,scalar-region-8192,phase29,/home/ai/bend2/build/publish/bend/selfhost/build/phase30/scalar-scaling-confirm-14/report.json,7e380ae38815e505a54e8d793d814690431ca7e7da5a5390a7da76e46fac9314,4f5b099ece772ee85d8f721cb38fa062fdff556f87dc9181b9838450c100c0a4,"{""exportName"":""bench"",""args"":[8192,524800],""expected"":8192,""warmupCalls"":100,""warmupMs"":3000,""calibrationMs"":50}",confirm,2,12,25.327828833333342,303.9339460000001,75.60189900000002,27.984161,68508,0.38518077084801483,118,3016.069211,"[{""calls"":6,""ms"":151.65398800000003},{""calls"":6,""ms"":152.23813000000018}]","[25.27566466666667,25.3730216666667]"
scalar-helper,scalar-scaling-confirm-14,scalar-region-8192,phase29,/home/ai/bend2/build/publish/bend/selfhost/build/phase30/scalar-scaling-confirm-14/report.json,7e380ae38815e505a54e8d793d814690431ca7e7da5a5390a7da76e46fac9314,4f5b099ece772ee85d8f721cb38fa062fdff556f87dc9181b9838450c100c0a4,"{""exportName"":""bench"",""args"":[8192,524800],""expected"":8192,""warmupCalls"":100,""warmupMs"":3000,""calibrationMs"":50}",confirm,3,12,25.14616108333333,301.75393299999996,64.199548,19.313196999999995,68744,-0.6397766577856179,119,3017.04313,"[{""calls"":6,""ms"":151.34156399999983},{""calls"":6,""ms"":150.37331600000016}]","[25.223593999999974,25.06221933333336]"
scalar-helper,scalar-scaling-confirm-14,scalar-region-8192,phase29,/home/ai/bend2/build/publish/bend/selfhost/build/phase30/scalar-scaling-confirm-14/report.json,7e380ae38815e505a54e8d793d814690431ca7e7da5a5390a7da76e46fac9314,4f5b099ece772ee85d8f721cb38fa062fdff556f87dc9181b9838450c100c0a4,"{""exportName"":""bench"",""args"":[8192,524800],""expected"":8192,""warmupCalls"":100,""warmupMs"":3000,""calibrationMs"":50}",confirm,4,12,25.39319525,304.718343,64.885634,19.487864000000002,68668,0.7915049296568277,118,3018.0337440000003,"[{""calls"":6,""ms"":151.73449400000027},{""calls"":6,""ms"":152.9354800000001}]","[25.28908233333338,25.489246666666684]"
scalar-helper,scalar-scaling-confirm-14,scalar-region-8192,typescript,/home/ai/bend2/build/publish/bend/selfhost/build/phase30/scalar-scaling-confirm-14/report.json,7e380ae38815e505a54e8d793d814690431ca7e7da5a5390a7da76e46fac9314,752a5711b92b0ba8b0e146f41e70ac3934e50965f77950d009b5e738320b594a,"{""exportName"":""bench"",""args"":[8192,524800],""expected"":8192,""warmupCalls"":100,""warmupMs"":3000,""calibrationMs"":50}",confirm,0,3040,0.0989923529605263,300.93675299999995,6.6671169999999975,0.8197389999999984,62380,-0.32239893912761053,30048,3000.0359470000003,"[{""calls"":1520,""ms"":150.69714599999998},{""calls"":1520,""ms"":150.2113000000004}]","[0.0991428592105263,0.09882322368421079]"
scalar-helper,scalar-scaling-confirm-14,scalar-region-8192,typescript,/home/ai/bend2/build/publish/bend/selfhost/build/phase30/scalar-scaling-confirm-14/report.json,7e380ae38815e505a54e8d793d814690431ca7e7da5a5390a7da76e46fac9314,752a5711b92b0ba8b0e146f41e70ac3934e50965f77950d009b5e738320b594a,"{""exportName"":""bench"",""args"":[8192,524800],""expected"":8192,""warmupCalls"":100,""warmupMs"":3000,""calibrationMs"":50}",confirm,1,3040,0.0991303996710527,301.3564150000002,6.6824220000000025,0.810769999999998,62276,-0.5241647893261758,30042,3000.096837,"[{""calls"":1520,""ms"":151.0589829999999},{""calls"":1520,""ms"":150.2671849999997}]","[0.09938090986842099,0.09885999013157874]"
scalar-helper,scalar-scaling-confirm-14,scalar-region-8192,typescript,/home/ai/bend2/build/publish/bend/selfhost/build/phase30/scalar-scaling-confirm-14/report.json,7e380ae38815e505a54e8d793d814690431ca7e7da5a5390a7da76e46fac9314,752a5711b92b0ba8b0e146f41e70ac3934e50965f77950d009b5e738320b594a,"{""exportName"":""bench"",""args"":[8192,524800],""expected"":8192,""warmupCalls"":100,""warmupMs"":3000,""calibrationMs"":50}",confirm,2,3040,0.0995000059210527,302.4800180000002,6.672539,0.8258629999999982,62272,-0.6344279180740764,30087,3000.055569,"[{""calls"":1520,""ms"":151.70501999999988},{""calls"":1520,""ms"":150.74256100000002}]","[0.09980593421052623,0.09917273750000001]"
scalar-helper,scalar-scaling-confirm-14,scalar-region-8192,typescript,/home/ai/bend2/build/publish/bend/selfhost/build/phase30/scalar-scaling-confirm-14/report.json,7e380ae38815e505a54e8d793d814690431ca7e7da5a5390a7da76e46fac9314,752a5711b92b0ba8b0e146f41e70ac3934e50965f77950d009b5e738320b594a,"{""exportName"":""bench"",""args"":[8192,524800],""expected"":8192,""warmupCalls"":100,""warmupMs"":3000,""calibrationMs"":50}",confirm,3,3040,0.09897263355263165,300.8768060000002,6.724936999999997,0.8645079999999865,62288,-0.23547453829598775,29855,3000.117519,"[{""calls"":1520,""ms"":150.60099600000012},{""calls"":1520,""ms"":150.24636899999996}]","[0.09907960263157903,0.09884629539473681]"
scalar-helper,scalar-scaling-confirm-14,scalar-region-8192,typescript,/home/ai/bend2/build/publish/bend/selfhost/build/phase30/scalar-scaling-confirm-14/report.json,7e380ae38815e505a54e8d793d814690431ca7e7da5a5390a7da76e46fac9314,752a5711b92b0ba8b0e146f41e70ac3934e50965f77950d009b5e738320b594a,"{""exportName"":""bench"",""args"":[8192,524800],""expected"":8192,""warmupCalls"":100,""warmupMs"":3000,""calibrationMs"":50}",confirm,4,3040,0.10080263388157885,306.4400069999997,6.684325999999999,0.8168429999999987,62280,-0.18886207221930906,29941,3000.074963,"[{""calls"":1520,""ms"":153.34947699999975},{""calls"":1520,""ms"":153.05985800000008}]","[0.1008878138157893,0.10069727500000004]"
scalar-helper,scalar-scaling-confirm-14,scalar-region-8192,candidate,/home/ai/bend2/build/publish/bend/selfhost/build/phase30/scalar-scaling-confirm-14/report.json,7e380ae38815e505a54e8d793d814690431ca7e7da5a5390a7da76e46fac9314,990a2a7568cdb40541883237b97e008ee785a8d8e890400b9890fe21274204f5,"{""exportName"":""bench"",""args"":[8192,524800],""expected"":8192,""warmupCalls"":100,""warmupMs"":3000,""calibrationMs"":50}",confirm,0,2222,0.1335369401440145,296.7190810000002,6.456733999999997,19.977632000000007,73020,0.4691961787487875,21280,3000.118588,"[{""calls"":1111,""ms"":147.99246700000003},{""calls"":1111,""ms"":148.68684200000007}]","[0.13320654095409543,0.13383154095409547]"
scalar-helper,scalar-scaling-confirm-14,scalar-region-8192,candidate,/home/ai/bend2/build/publish/bend/selfhost/build/phase30/scalar-scaling-confirm-14/report.json,7e380ae38815e505a54e8d793d814690431ca7e7da5a5390a7da76e46fac9314,990a2a7568cdb40541883237b97e008ee785a8d8e890400b9890fe21274204f5,"{""exportName"":""bench"",""args"":[8192,524800],""expected"":8192,""warmupCalls"":100,""warmupMs"":3000,""calibrationMs"":50}",confirm,1,2222,0.1323638033303329,294.1123709999997,6.447923000000003,19.881873000000006,72368,0.27130877600269887,21251,3000.128046,"[{""calls"":1111,""ms"":146.83675400000038},{""calls"":1111,""ms"":147.2351349999999}]","[0.1321662952295233,0.13252487398739865]"
scalar-helper,scalar-scaling-confirm-14,scalar-region-8192,candidate,/home/ai/bend2/build/publish/bend/selfhost/build/phase30/scalar-scaling-confirm-14/report.json,7e380ae38815e505a54e8d793d814690431ca7e7da5a5390a7da76e46fac9314,990a2a7568cdb40541883237b97e008ee785a8d8e890400b9890fe21274204f5,"{""exportName"":""bench"",""args"":[8192,524800],""expected"":8192,""warmupCalls"":100,""warmupMs"":3000,""calibrationMs"":50}",confirm,2,2222,0.13421264761476148,298.220503,6.538208000000012,19.791573,72352,3.0298437358991848,21291,3000.1352500000003,"[{""calls"":1111,""ms"":146.86559399999987},{""calls"":1111,""ms"":151.31539199999997}]","[0.1321922538253824,0.1361974725472547]"
scalar-helper,scalar-scaling-confirm-14,scalar-region-8192,candidate,/home/ai/bend2/build/publish/bend/selfhost/build/phase30/scalar-scaling-confirm-14/report.json,7e380ae38815e505a54e8d793d814690431ca7e7da5a5390a7da76e46fac9314,990a2a7568cdb40541883237b97e008ee785a8d8e890400b9890fe21274204f5,"{""exportName"":""bench"",""args"":[8192,524800],""expected"":8192,""warmupCalls"":100,""warmupMs"":3000,""calibrationMs"":50}",confirm,3,2222,0.13312918046804664,295.81303899999966,6.443627000000006,19.953251,72648,0.7992149285401151,21169,3000.240532,"[{""calls"":1111,""ms"":147.29767399999992},{""calls"":1111,""ms"":148.47489900000028}]","[0.13258116471647158,0.13364077317731798]"
scalar-helper,scalar-scaling-confirm-14,scalar-region-8192,candidate,/home/ai/bend2/build/publish/bend/selfhost/build/phase30/scalar-scaling-confirm-14/report.json,7e380ae38815e505a54e8d793d814690431ca7e7da5a5390a7da76e46fac9314,990a2a7568cdb40541883237b97e008ee785a8d8e890400b9890fe21274204f5,"{""exportName"":""bench"",""args"":[8192,524800],""expected"":8192,""warmupCalls"":100,""warmupMs"":3000,""calibrationMs"":50}",confirm,4,2222,0.1323383168316833,294.05574000000024,6.425816000000012,20.045087999999993,72936,0.14738394518449827,21334,3000.127539,"[{""calls"":1111,""ms"":146.89931099999967},{""calls"":1111,""ms"":147.11581700000033}]","[0.13222260216021572,0.13241747704770507]"
