scope,window,case,side,report,report_sha256,module_sha256,point,protocol,sample,repetitions,perCallMs,executionMs,firstCallMs,importMs,peakRssKiB,halfDriftPercent,warmupCalls,warmupMs,halves,halfCostMs
original-program,mandelbrot-timing,mandelbrot,typescript,/home/ai/bend2/build/publish/bend/selfhost/build/phase30/final-transfer-plan-17/mandelbrot-timing/report.json,4bccd5a8b93e1015f0f98673a2b4aaf5d3b6a1e9cda169c0f6f0160b5f8f530e,037f070e948ab7701364b7413c624bca4327db0bc6171ac4523b906d2ae9e222,"{""args"":[2,0],""expected"":887240761,""exportName"":""bench"",""warmupCalls"":3,""warmupMs"":1000,""calibrationMs"":100}",transfer,0,6549,0.04647775141242936,304.3827939999999,5.703944999999997,1.1235090000000056,60944,0.15594204207756146,20669,1000.038887,"[{""calls"":3274,""ms"":152.02697000000012},{""calls"":3275,""ms"":152.31055100000003}]","[0.04643462736713504,0.046507038473282455]"
original-program,mandelbrot-timing,mandelbrot,typescript,/home/ai/bend2/build/publish/bend/selfhost/build/phase30/final-transfer-plan-17/mandelbrot-timing/report.json,4bccd5a8b93e1015f0f98673a2b4aaf5d3b6a1e9cda169c0f6f0160b5f8f530e,037f070e948ab7701364b7413c624bca4327db0bc6171ac4523b906d2ae9e222,"{""args"":[2,0],""expected"":887240761,""exportName"":""bench"",""warmupCalls"":3,""warmupMs"":1000,""calibrationMs"":100}",transfer,1,6549,0.045562171323866224,298.3866599999999,5.773106000000006,1.1757909999999967,60908,-1.1747368777064282,20800,1000.062272,"[{""calls"":3274,""ms"":150.03468499999985},{""calls"":3275,""ms"":148.31745999999998}]","[0.04582611026267558,0.04528777404580152]"
original-program,mandelbrot-timing,mandelbrot,typescript,/home/ai/bend2/build/publish/bend/selfhost/build/phase30/final-transfer-plan-17/mandelbrot-timing/report.json,4bccd5a8b93e1015f0f98673a2b4aaf5d3b6a1e9cda169c0f6f0160b5f8f530e,037f070e948ab7701364b7413c624bca4327db0bc6171ac4523b906d2ae9e222,"{""args"":[2,0],""expected"":887240761,""exportName"":""bench"",""warmupCalls"":3,""warmupMs"":1000,""calibrationMs"":100}",transfer,2,6549,0.04552861139105207,298.166876,5.702053999999997,1.1825180000000017,61148,-0.4093252366200617,20044,1000.048714,"[{""calls"":3274,""ms"":149.35053300000004},{""calls"":3275,""ms"":148.78463399999987}]","[0.04561714508246794,0.04543042259541981]"
original-program,mandelbrot-timing,mandelbrot,typescript,/home/ai/bend2/build/publish/bend/selfhost/build/phase30/final-transfer-plan-17/mandelbrot-timing/report.json,4bccd5a8b93e1015f0f98673a2b4aaf5d3b6a1e9cda169c0f6f0160b5f8f530e,037f070e948ab7701364b7413c624bca4327db0bc6171ac4523b906d2ae9e222,"{""args"":[2,0],""expected"":887240761,""exportName"":""bench"",""warmupCalls"":3,""warmupMs"":1000,""calibrationMs"":100}",transfer,3,6549,0.04601554099862576,301.3557780000001,5.700575999999998,1.1433279999999968,60968,-2.4179773757008083,20262,1000.0821200000001,"[{""calls"":3274,""ms"":152.47928699999989},{""calls"":3275,""ms"":148.83781900000008}]","[0.046572781612706136,0.04544666229007636]"
original-program,mandelbrot-timing,mandelbrot,typescript,/home/ai/bend2/build/publish/bend/selfhost/build/phase30/final-transfer-plan-17/mandelbrot-timing/report.json,4bccd5a8b93e1015f0f98673a2b4aaf5d3b6a1e9cda169c0f6f0160b5f8f530e,037f070e948ab7701364b7413c624bca4327db0bc6171ac4523b906d2ae9e222,"{""args"":[2,0],""expected"":887240761,""exportName"":""bench"",""warmupCalls"":3,""warmupMs"":1000,""calibrationMs"":100}",transfer,4,6549,0.04594983646358223,300.925479,5.678631000000003,1.1402110000000008,61012,0.7659344110635624,20705,1000.0590720000001,"[{""calls"":3274,""ms"":149.84749199999987},{""calls"":3275,""ms"":151.0413450000001}]","[0.0457689346365302,0.046119494656488576]"
original-program,mandelbrot-timing,mandelbrot,phase29,/home/ai/bend2/build/publish/bend/selfhost/build/phase30/final-transfer-plan-17/mandelbrot-timing/report.json,4bccd5a8b93e1015f0f98673a2b4aaf5d3b6a1e9cda169c0f6f0160b5f8f530e,11977282d5c364224eb3ac540fe3885345531d5819a68e5facfc72b03a836033,"{""args"":[2,0],""expected"":887240761,""exportName"":""bench"",""warmupCalls"":3,""warmupMs"":1000,""calibrationMs"":100}",transfer,0,15,21.35581933333333,320.33728999999994,75.85899199999999,19.897007000000002,75936,-1.5303230142482693,41,1033.42257,"[{""calls"":7,""ms"":150.69976100000008},{""calls"":8,""ms"":169.59264899999994}]","[21.528537285714297,21.199081124999992]"
original-program,mandelbrot-timing,mandelbrot,phase29,/home/ai/bend2/build/publish/bend/selfhost/build/phase30/final-transfer-plan-17/mandelbrot-timing/report.json,4bccd5a8b93e1015f0f98673a2b4aaf5d3b6a1e9cda169c0f6f0160b5f8f530e,11977282d5c364224eb3ac540fe3885345531d5819a68e5facfc72b03a836033,"{""args"":[2,0],""expected"":887240761,""exportName"":""bench"",""warmupCalls"":3,""warmupMs"":1000,""calibrationMs"":100}",transfer,1,15,21.265636866666668,318.984553,77.454119,20.0792,73588,-1.6270780493657044,41,1019.8264529999999,"[{""calls"":7,""ms"":150.1412839999998},{""calls"":8,""ms"":168.798135}]","[21.44875485714283,21.099766875]"
original-program,mandelbrot-timing,mandelbrot,phase29,/home/ai/bend2/build/publish/bend/selfhost/build/phase30/final-transfer-plan-17/mandelbrot-timing/report.json,4bccd5a8b93e1015f0f98673a2b4aaf5d3b6a1e9cda169c0f6f0160b5f8f530e,11977282d5c364224eb3ac540fe3885345531d5819a68e5facfc72b03a836033,"{""args"":[2,0],""expected"":887240761,""exportName"":""bench"",""warmupCalls"":3,""warmupMs"":1000,""calibrationMs"":100}",transfer,2,15,21.4445424,321.668136,76.171337,19.685046999999997,72600,-2.3234244697177275,41,1019.8369540000001,"[{""calls"":7,""ms"":151.97435599999994},{""calls"":8,""ms"":169.649539}]","[21.710622285714276,21.206192375]"
original-program,mandelbrot-timing,mandelbrot,phase29,/home/ai/bend2/build/publish/bend/selfhost/build/phase30/final-transfer-plan-17/mandelbrot-timing/report.json,4bccd5a8b93e1015f0f98673a2b4aaf5d3b6a1e9cda169c0f6f0160b5f8f530e,11977282d5c364224eb3ac540fe3885345531d5819a68e5facfc72b03a836033,"{""args"":[2,0],""expected"":887240761,""exportName"":""bench"",""warmupCalls"":3,""warmupMs"":1000,""calibrationMs"":100}",transfer,3,15,21.379049533333333,320.685743,76.673546,19.811424000000002,75604,-1.1092796440426933,41,1021.02422,"[{""calls"":7,""ms"":150.52186200000006},{""calls"":8,""ms"":170.11674700000003}]","[21.503123142857152,21.264593375000004]"
original-program,mandelbrot-timing,mandelbrot,phase29,/home/ai/bend2/build/publish/bend/selfhost/build/phase30/final-transfer-plan-17/mandelbrot-timing/report.json,4bccd5a8b93e1015f0f98673a2b4aaf5d3b6a1e9cda169c0f6f0160b5f8f530e,11977282d5c364224eb3ac540fe3885345531d5819a68e5facfc72b03a836033,"{""args"":[2,0],""expected"":887240761,""exportName"":""bench"",""warmupCalls"":3,""warmupMs"":1000,""calibrationMs"":100}",transfer,4,15,21.603949266666678,324.05923900000016,75.856201,20.044882,74036,-4.744928429521633,41,1015.486377,"[{""calls"":7,""ms"":155.1324689999999},{""calls"":8,""ms"":168.8817650000001}]","[22.161781285714273,21.11022062500001]"
original-program,mandelbrot-timing,mandelbrot,candidate,/home/ai/bend2/build/publish/bend/selfhost/build/phase30/final-transfer-plan-17/mandelbrot-timing/report.json,4bccd5a8b93e1015f0f98673a2b4aaf5d3b6a1e9cda169c0f6f0160b5f8f530e,d805dab8d75dcf89c56c1e5252f8a76beddf916691c57290ca3200486e4db3dc,"{""args"":[2,0],""expected"":887240761,""exportName"":""bench"",""warmupCalls"":3,""warmupMs"":1000,""calibrationMs"":100}",transfer,0,1410,0.21414788439716315,301.94851700000004,11.225058000000004,21.63427800000001,71348,-0.08117872096164991,3688,1000.12124,"[{""calls"":705,""ms"":151.014944},{""calls"":705,""ms"":150.89235199999985}]","[0.21420559432624114,0.2140317049645388]"
original-program,mandelbrot-timing,mandelbrot,candidate,/home/ai/bend2/build/publish/bend/selfhost/build/phase30/final-transfer-plan-17/mandelbrot-timing/report.json,4bccd5a8b93e1015f0f98673a2b4aaf5d3b6a1e9cda169c0f6f0160b5f8f530e,d805dab8d75dcf89c56c1e5252f8a76beddf916691c57290ca3200486e4db3dc,"{""args"":[2,0],""expected"":887240761,""exportName"":""bench"",""warmupCalls"":3,""warmupMs"":1000,""calibrationMs"":100}",transfer,1,1410,0.210199959574468,296.38194299999986,10.745632,20.860458,71732,-0.01997905886892415,3852,1000.1515890000001,"[{""calls"":705,""ms"":148.18015300000002},{""calls"":705,""ms"":148.15054800000007}]","[0.21018461418439718,0.21014262127659586]"
original-program,mandelbrot-timing,mandelbrot,candidate,/home/ai/bend2/build/publish/bend/selfhost/build/phase30/final-transfer-plan-17/mandelbrot-timing/report.json,4bccd5a8b93e1015f0f98673a2b4aaf5d3b6a1e9cda169c0f6f0160b5f8f530e,d805dab8d75dcf89c56c1e5252f8a76beddf916691c57290ca3200486e4db3dc,"{""args"":[2,0],""expected"":887240761,""exportName"":""bench"",""warmupCalls"":3,""warmupMs"":1000,""calibrationMs"":100}",transfer,2,1410,0.2140019666666668,301.74277300000017,10.604774000000006,21.233742000000007,72824,0.07296664295539657,3697,1000.019884,"[{""calls"":705,""ms"":150.79630300000008},{""calls"":705,""ms"":150.90633400000002}]","[0.21389546524822706,0.2140515375886525]"
original-program,mandelbrot-timing,mandelbrot,candidate,/home/ai/bend2/build/publish/bend/selfhost/build/phase30/final-transfer-plan-17/mandelbrot-timing/report.json,4bccd5a8b93e1015f0f98673a2b4aaf5d3b6a1e9cda169c0f6f0160b5f8f530e,d805dab8d75dcf89c56c1e5252f8a76beddf916691c57290ca3200486e4db3dc,"{""args"":[2,0],""expected"":887240761,""exportName"":""bench"",""warmupCalls"":3,""warmupMs"":1000,""calibrationMs"":100}",transfer,3,1410,0.21279807163120562,300.04528099999993,10.500152999999997,20.975600000000007,73572,-0.9975433392600985,3856,1000.037223,"[{""calls"":705,""ms"":150.74893899999984},{""calls"":705,""ms"":149.24515300000007}]","[0.21382828226950332,0.2116952524822696]"
original-program,mandelbrot-timing,mandelbrot,candidate,/home/ai/bend2/build/publish/bend/selfhost/build/phase30/final-transfer-plan-17/mandelbrot-timing/report.json,4bccd5a8b93e1015f0f98673a2b4aaf5d3b6a1e9cda169c0f6f0160b5f8f530e,d805dab8d75dcf89c56c1e5252f8a76beddf916691c57290ca3200486e4db3dc,"{""args"":[2,0],""expected"":887240761,""exportName"":""bench"",""warmupCalls"":3,""warmupMs"":1000,""calibrationMs"":100}",transfer,4,1410,0.21046592198581557,296.75694999999996,10.707396000000003,20.836466999999992,72452,-0.16516977259763976,3841,1000.0570539999999,"[{""calls"":705,""ms"":148.4805580000002},{""calls"":705,""ms"":148.2353129999999}]","[0.21061072056737618,0.2102628553191488]"
original-program,editdist-timing,editdist,typescript,/home/ai/bend2/build/publish/bend/selfhost/build/phase30/final-transfer-plan-17/editdist-timing/report.json,8312e83e3762a6d7204b2be5c5f452240447504dba03b60fc25e54bf38f65218,33721b7770aa4e367896cf1b842cc8ec309dced3a2608e25c5709217474eabc6,"{""args"":[2,0],""expected"":2065873279,""exportName"":""bench"",""warmupCalls"":3,""warmupMs"":1000,""calibrationMs"":100}",transfer,0,62,4.902924435483871,303.981315,25.758423,1.051638000000004,76760,-0.1768414195729595,194,1002.6391619999999,"[{""calls"":31,""ms"":152.1018100000001},{""calls"":31,""ms"":151.83283099999994}]","[4.9065100000000035,4.897833258064514]"
original-program,editdist-timing,editdist,typescript,/home/ai/bend2/build/publish/bend/selfhost/build/phase30/final-transfer-plan-17/editdist-timing/report.json,8312e83e3762a6d7204b2be5c5f452240447504dba03b60fc25e54bf38f65218,33721b7770aa4e367896cf1b842cc8ec309dced3a2608e25c5709217474eabc6,"{""args"":[2,0],""expected"":2065873279,""exportName"":""bench"",""warmupCalls"":3,""warmupMs"":1000,""calibrationMs"":100}",transfer,1,62,4.965278854838711,307.84728900000005,25.39508099999999,1.0548830000000038,76716,-0.7015930768701217,194,1003.6156899999999,"[{""calls"":31,""ms"":154.44251600000007},{""calls"":31,""ms"":153.35895800000003}]","[4.982016645161292,4.947063161290323]"
original-program,editdist-timing,editdist,typescript,/home/ai/bend2/build/publish/bend/selfhost/build/phase30/final-transfer-plan-17/editdist-timing/report.json,8312e83e3762a6d7204b2be5c5f452240447504dba03b60fc25e54bf38f65218,33721b7770aa4e367896cf1b842cc8ec309dced3a2608e25c5709217474eabc6,"{""args"":[2,0],""expected"":2065873279,""exportName"":""bench"",""warmupCalls"":3,""warmupMs"":1000,""calibrationMs"":100}",transfer,2,62,4.924144403225807,305.29695300000003,25.193205,1.0886810000000011,76892,0.08789495925050073,193,1002.4830979999999,"[{""calls"":31,""ms"":152.5570990000001},{""calls"":31,""ms"":152.6911889999999}]","[4.921196741935487,4.925522225806448]"
original-program,editdist-timing,editdist,typescript,/home/ai/bend2/build/publish/bend/selfhost/build/phase30/final-transfer-plan-17/editdist-timing/report.json,8312e83e3762a6d7204b2be5c5f452240447504dba03b60fc25e54bf38f65218,33721b7770aa4e367896cf1b842cc8ec309dced3a2608e25c5709217474eabc6,"{""args"":[2,0],""expected"":2065873279,""exportName"":""bench"",""warmupCalls"":3,""warmupMs"":1000,""calibrationMs"":100}",transfer,3,62,4.922061096774197,305.1677880000002,25.48312700000001,1.0470200000000034,76764,-0.42879632315268035,195,1003.7486410000001,"[{""calls"":31,""ms"":152.88750499999992},{""calls"":31,""ms"":152.23192900000004}]","[4.931854999999997,4.9107073870967755]"
original-program,editdist-timing,editdist,typescript,/home/ai/bend2/build/publish/bend/selfhost/build/phase30/final-transfer-plan-17/editdist-timing/report.json,8312e83e3762a6d7204b2be5c5f452240447504dba03b60fc25e54bf38f65218,33721b7770aa4e367896cf1b842cc8ec309dced3a2608e25c5709217474eabc6,"{""args"":[2,0],""expected"":2065873279,""exportName"":""bench"",""warmupCalls"":3,""warmupMs"":1000,""calibrationMs"":100}",transfer,4,62,4.9523923709677415,307.048327,25.263996000000006,1.042828,76796,0.6937687899201572,194,1004.612845,"[{""calls"":31,""ms"":152.96998299999996},{""calls"":31,""ms"":154.03124100000014}]","[4.93451558064516,4.968749709677423]"
original-program,editdist-timing,editdist,phase29,/home/ai/bend2/build/publish/bend/selfhost/build/phase30/final-transfer-plan-17/editdist-timing/report.json,8312e83e3762a6d7204b2be5c5f452240447504dba03b60fc25e54bf38f65218,b8ef74706cdc0fc6c9205046b34b4a686ca501cee847ea43a2fcd830a0383ac3,"{""args"":[2,0],""expected"":2065873279,""exportName"":""bench"",""warmupCalls"":3,""warmupMs"":1000,""calibrationMs"":100}",transfer,0,1,2052.2757170000004,2052.2757170000004,2239.287761,19.90874399999999,79948,,3,6142.539226000001,"[{""calls"":1,""ms"":2052.2379579999997}]",[2052.2379579999997]
original-program,editdist-timing,editdist,phase29,/home/ai/bend2/build/publish/bend/selfhost/build/phase30/final-transfer-plan-17/editdist-timing/report.json,8312e83e3762a6d7204b2be5c5f452240447504dba03b60fc25e54bf38f65218,b8ef74706cdc0fc6c9205046b34b4a686ca501cee847ea43a2fcd830a0383ac3,"{""args"":[2,0],""expected"":2065873279,""exportName"":""bench"",""warmupCalls"":3,""warmupMs"":1000,""calibrationMs"":100}",transfer,1,1,2040.2249839999986,2040.2249839999986,2249.653847,19.863729000000006,79156,,3,6189.003490000001,"[{""calls"":1,""ms"":2040.1909610000002}]",[2040.1909610000002]
original-program,editdist-timing,editdist,phase29,/home/ai/bend2/build/publish/bend/selfhost/build/phase30/final-transfer-plan-17/editdist-timing/report.json,8312e83e3762a6d7204b2be5c5f452240447504dba03b60fc25e54bf38f65218,b8ef74706cdc0fc6c9205046b34b4a686ca501cee847ea43a2fcd830a0383ac3,"{""args"":[2,0],""expected"":2065873279,""exportName"":""bench"",""warmupCalls"":3,""warmupMs"":1000,""calibrationMs"":100}",transfer,2,1,2021.9847419999987,2021.9847419999987,2240.706905,19.838724,79428,,3,6137.8372690000015,"[{""calls"":1,""ms"":2021.9508170000008}]",[2021.9508170000008]
original-program,editdist-timing,editdist,phase29,/home/ai/bend2/build/publish/bend/selfhost/build/phase30/final-transfer-plan-17/editdist-timing/report.json,8312e83e3762a6d7204b2be5c5f452240447504dba03b60fc25e54bf38f65218,b8ef74706cdc0fc6c9205046b34b4a686ca501cee847ea43a2fcd830a0383ac3,"{""args"":[2,0],""expected"":2065873279,""exportName"":""bench"",""warmupCalls"":3,""warmupMs"":1000,""calibrationMs"":100}",transfer,3,1,2043.8434049999996,2043.8434049999996,2248.530781,19.749203,80352,,3,6232.848733,"[{""calls"":1,""ms"":2043.8093690000005}]",[2043.8093690000005]
original-program,editdist-timing,editdist,phase29,/home/ai/bend2/build/publish/bend/selfhost/build/phase30/final-transfer-plan-17/editdist-timing/report.json,8312e83e3762a6d7204b2be5c5f452240447504dba03b60fc25e54bf38f65218,b8ef74706cdc0fc6c9205046b34b4a686ca501cee847ea43a2fcd830a0383ac3,"{""args"":[2,0],""expected"":2065873279,""exportName"":""bench"",""warmupCalls"":3,""warmupMs"":1000,""calibrationMs"":100}",transfer,4,1,2062.35081,2062.35081,2249.300815,19.877165000000005,79032,,3,6151.869607999999,"[{""calls"":1,""ms"":2062.318043000001}]",[2062.318043000001]
original-program,editdist-timing,editdist,candidate,/home/ai/bend2/build/publish/bend/selfhost/build/phase30/final-transfer-plan-17/editdist-timing/report.json,8312e83e3762a6d7204b2be5c5f452240447504dba03b60fc25e54bf38f65218,c27e209be4c05b7bdc284c48b021e2eb1eb5f02ff010aa07e3e92fcd1e96bf57,"{""args"":[2,0],""expected"":2065873279,""exportName"":""bench"",""warmupCalls"":3,""warmupMs"":1000,""calibrationMs"":100}",transfer,0,1,1887.4778140000008,1887.4778140000008,2100.600767,20.135922,79116,,3,5773.827058,"[{""calls"":1,""ms"":1887.443897}]",[1887.443897]
original-program,editdist-timing,editdist,candidate,/home/ai/bend2/build/publish/bend/selfhost/build/phase30/final-transfer-plan-17/editdist-timing/report.json,8312e83e3762a6d7204b2be5c5f452240447504dba03b60fc25e54bf38f65218,c27e209be4c05b7bdc284c48b021e2eb1eb5f02ff010aa07e3e92fcd1e96bf57,"{""args"":[2,0],""expected"":2065873279,""exportName"":""bench"",""warmupCalls"":3,""warmupMs"":1000,""calibrationMs"":100}",transfer,1,1,1934.2102569999997,1934.2102569999997,2138.523244,20.196160000000006,78844,,3,5840.272965,"[{""calls"":1,""ms"":1934.178477999999}]",[1934.178477999999]
original-program,editdist-timing,editdist,candidate,/home/ai/bend2/build/publish/bend/selfhost/build/phase30/final-transfer-plan-17/editdist-timing/report.json,8312e83e3762a6d7204b2be5c5f452240447504dba03b60fc25e54bf38f65218,c27e209be4c05b7bdc284c48b021e2eb1eb5f02ff010aa07e3e92fcd1e96bf57,"{""args"":[2,0],""expected"":2065873279,""exportName"":""bench"",""warmupCalls"":3,""warmupMs"":1000,""calibrationMs"":100}",transfer,2,1,1937.5267119999999,1937.5267119999999,2133.1107819999997,19.87941800000001,79084,,3,5838.3293810000005,"[{""calls"":1,""ms"":1937.4942229999997}]",[1937.4942229999997]
original-program,editdist-timing,editdist,candidate,/home/ai/bend2/build/publish/bend/selfhost/build/phase30/final-transfer-plan-17/editdist-timing/report.json,8312e83e3762a6d7204b2be5c5f452240447504dba03b60fc25e54bf38f65218,c27e209be4c05b7bdc284c48b021e2eb1eb5f02ff010aa07e3e92fcd1e96bf57,"{""args"":[2,0],""expected"":2065873279,""exportName"":""bench"",""warmupCalls"":3,""warmupMs"":1000,""calibrationMs"":100}",transfer,3,1,1927.9775559999998,1927.9775559999998,2141.417922,20.140161999999997,78480,,3,5827.776333,"[{""calls"":1,""ms"":1927.9454610000003}]",[1927.9454610000003]
original-program,editdist-timing,editdist,candidate,/home/ai/bend2/build/publish/bend/selfhost/build/phase30/final-transfer-plan-17/editdist-timing/report.json,8312e83e3762a6d7204b2be5c5f452240447504dba03b60fc25e54bf38f65218,c27e209be4c05b7bdc284c48b021e2eb1eb5f02ff010aa07e3e92fcd1e96bf57,"{""args"":[2,0],""expected"":2065873279,""exportName"":""bench"",""warmupCalls"":3,""warmupMs"":1000,""calibrationMs"":100}",transfer,4,1,1895.788498,1895.788498,2104.4759120000003,20.09772000000001,78560,,3,5742.5467499999995,"[{""calls"":1,""ms"":1895.7568930000007}]",[1895.7568930000007]
original-program,tree-bitonic-timing,tree-bitonic,typescript,/home/ai/bend2/build/publish/bend/selfhost/build/phase30/final-transfer-plan-17/tree-bitonic-timing/report.json,7d6663b3481cfc595cb80b10fc172d4af2c3aca3b18f47f0ff3cb803fbab83aa,c24fff66dd20c4579b7912b42450f1574e4c0b7a84e5d8b2d3d1d1345ef2b159,"{""args"":[8,0],""expected"":971629740,""exportName"":""bench"",""warmupCalls"":3,""warmupMs"":1000,""calibrationMs"":100}",transfer,0,1087,0.2749256264949401,298.8441559999999,5.751241999999991,1.1951940000000008,91816,2.01683081635895,3313,1000.187112,"[{""calls"":543,""ms"":147.77060299999994},{""calls"":544,""ms"":151.02851199999986}]","[0.27213739042357266,0.2776259411764703]"
original-program,tree-bitonic-timing,tree-bitonic,typescript,/home/ai/bend2/build/publish/bend/selfhost/build/phase30/final-transfer-plan-17/tree-bitonic-timing/report.json,7d6663b3481cfc595cb80b10fc172d4af2c3aca3b18f47f0ff3cb803fbab83aa,c24fff66dd20c4579b7912b42450f1574e4c0b7a84e5d8b2d3d1d1345ef2b159,"{""args"":[8,0],""expected"":971629740,""exportName"":""bench"",""warmupCalls"":3,""warmupMs"":1000,""calibrationMs"":100}",transfer,1,1087,0.27215297976080954,295.830289,6.257875999999996,1.2766620000000017,91748,1.2752256868947986,3449,1000.0422990000001,"[{""calls"":543,""ms"":146.8201959999999},{""calls"":544,""ms"":148.96632}]","[0.27038710128913424,0.2738351470588235]"
original-program,tree-bitonic-timing,tree-bitonic,typescript,/home/ai/bend2/build/publish/bend/selfhost/build/phase30/final-transfer-plan-17/tree-bitonic-timing/report.json,7d6663b3481cfc595cb80b10fc172d4af2c3aca3b18f47f0ff3cb803fbab83aa,c24fff66dd20c4579b7912b42450f1574e4c0b7a84e5d8b2d3d1d1345ef2b159,"{""args"":[8,0],""expected"":971629740,""exportName"":""bench"",""warmupCalls"":3,""warmupMs"":1000,""calibrationMs"":100}",transfer,2,1087,0.27465201103955844,298.546736,5.220340999999991,0.9754339999999928,91656,0.39777281003727794,3448,1000.2097229999999,"[{""calls"":543,""ms"":148.81799999999998},{""calls"":544,""ms"":149.6851140000001}]","[0.2740662983425414,0.27515645955882373]"
original-program,tree-bitonic-timing,tree-bitonic,typescript,/home/ai/bend2/build/publish/bend/selfhost/build/phase30/final-transfer-plan-17/tree-bitonic-timing/report.json,7d6663b3481cfc595cb80b10fc172d4af2c3aca3b18f47f0ff3cb803fbab83aa,c24fff66dd20c4579b7912b42450f1574e4c0b7a84e5d8b2d3d1d1345ef2b159,"{""args"":[8,0],""expected"":971629740,""exportName"":""bench"",""warmupCalls"":3,""warmupMs"":1000,""calibrationMs"":100}",transfer,3,1087,0.27375300367985295,297.56951500000014,5.194010999999996,0.9741540000000057,91892,2.7233746670670467,3433,1000.2005869999999,"[{""calls"":543,""ms"":146.62727999999993},{""calls"":544,""ms"":150.897876}]","[0.27003182320441976,0.2773858014705882]"
original-program,tree-bitonic-timing,tree-bitonic,typescript,/home/ai/bend2/build/publish/bend/selfhost/build/phase30/final-transfer-plan-17/tree-bitonic-timing/report.json,7d6663b3481cfc595cb80b10fc172d4af2c3aca3b18f47f0ff3cb803fbab83aa,c24fff66dd20c4579b7912b42450f1574e4c0b7a84e5d8b2d3d1d1345ef2b159,"{""args"":[8,0],""expected"":971629740,""exportName"":""bench"",""warmupCalls"":3,""warmupMs"":1000,""calibrationMs"":100}",transfer,4,1087,0.27231992180312786,296.011755,5.2378280000000075,0.9683920000000015,91696,2.1548538266648043,3458,1000.145482,"[{""calls"":543,""ms"":146.2707190000001},{""calls"":544,""ms"":149.69781899999998}]","[0.26937517311233905,0.27517981433823524]"
original-program,tree-bitonic-timing,tree-bitonic,phase29,/home/ai/bend2/build/publish/bend/selfhost/build/phase30/final-transfer-plan-17/tree-bitonic-timing/report.json,7d6663b3481cfc595cb80b10fc172d4af2c3aca3b18f47f0ff3cb803fbab83aa,c9e05243ea537eaa63fd394ba7e90ae67269045cddebd1a272374ab13552c867,"{""args"":[8,0],""expected"":971629740,""exportName"":""bench"",""warmupCalls"":3,""warmupMs"":1000,""calibrationMs"":100}",transfer,0,10,25.904838399999996,259.04838399999994,69.458364,19.779093999999994,100280,-20.305342943709093,37,1008.4581350000001,"[{""calls"":5,""ms"":144.136162},{""calls"":5,""ms"":114.86881999999991}]","[28.827232400000003,22.97376399999998]"
original-program,tree-bitonic-timing,tree-bitonic,phase29,/home/ai/bend2/build/publish/bend/selfhost/build/phase30/final-transfer-plan-17/tree-bitonic-timing/report.json,7d6663b3481cfc595cb80b10fc172d4af2c3aca3b18f47f0ff3cb803fbab83aa,c9e05243ea537eaa63fd394ba7e90ae67269045cddebd1a272374ab13552c867,"{""args"":[8,0],""expected"":971629740,""exportName"":""bench"",""warmupCalls"":3,""warmupMs"":1000,""calibrationMs"":100}",transfer,1,10,26.08025950000001,260.8025950000001,69.38506799999999,19.895882999999998,100272,-20.112871744445037,37,1009.0983,"[{""calls"":5,""ms"":144.95673899999997},{""calls"":5,""ms"":115.80177600000002}]","[28.991347799999993,23.160355200000005]"
original-program,tree-bitonic-timing,tree-bitonic,phase29,/home/ai/bend2/build/publish/bend/selfhost/build/phase30/final-transfer-plan-17/tree-bitonic-timing/report.json,7d6663b3481cfc595cb80b10fc172d4af2c3aca3b18f47f0ff3cb803fbab83aa,c9e05243ea537eaa63fd394ba7e90ae67269045cddebd1a272374ab13552c867,"{""args"":[8,0],""expected"":971629740,""exportName"":""bench"",""warmupCalls"":3,""warmupMs"":1000,""calibrationMs"":100}",transfer,2,10,26.139551100000016,261.39551100000017,69.102058,19.646340999999993,100284,-20.58402724664312,37,1015.8746899999999,"[{""calls"":5,""ms"":145.66697099999988},{""calls"":5,""ms"":115.68284200000016}]","[29.133394199999977,23.136568400000034]"
original-program,tree-bitonic-timing,tree-bitonic,phase29,/home/ai/bend2/build/publish/bend/selfhost/build/phase30/final-transfer-plan-17/tree-bitonic-timing/report.json,7d6663b3481cfc595cb80b10fc172d4af2c3aca3b18f47f0ff3cb803fbab83aa,c9e05243ea537eaa63fd394ba7e90ae67269045cddebd1a272374ab13552c867,"{""args"":[8,0],""expected"":971629740,""exportName"":""bench"",""warmupCalls"":3,""warmupMs"":1000,""calibrationMs"":100}",transfer,3,10,26.734608099999992,267.3460809999999,69.17137999999998,19.874731000000004,100240,-15.719139639199254,37,1008.5686230000001,"[{""calls"":5,""ms"":145.0502160000001},{""calls"":5,""ms"":122.24956999999995}]","[29.01004320000002,24.44991399999999]"
original-program,tree-bitonic-timing,tree-bitonic,phase29,/home/ai/bend2/build/publish/bend/selfhost/build/phase30/final-transfer-plan-17/tree-bitonic-timing/report.json,7d6663b3481cfc595cb80b10fc172d4af2c3aca3b18f47f0ff3cb803fbab83aa,c9e05243ea537eaa63fd394ba7e90ae67269045cddebd1a272374ab13552c867,"{""args"":[8,0],""expected"":971629740,""exportName"":""bench"",""warmupCalls"":3,""warmupMs"":1000,""calibrationMs"":100}",transfer,4,10,26.184004700000013,261.84004700000014,69.0873,19.573170999999995,100384,-20.07740026818614,37,1016.2924569999999,"[{""calls"":5,""ms"":145.5041470000001},{""calls"":5,""ms"":116.29069700000014}]","[29.10082940000002,23.258139400000026]"
original-program,tree-bitonic-timing,tree-bitonic,candidate,/home/ai/bend2/build/publish/bend/selfhost/build/phase30/final-transfer-plan-17/tree-bitonic-timing/report.json,7d6663b3481cfc595cb80b10fc172d4af2c3aca3b18f47f0ff3cb803fbab83aa,42c9a14f9f4dcd46c38bf22ea66961296f94a2220eded932c43d19f9c2e91d80,"{""args"":[8,0],""expected"":971629740,""exportName"":""bench"",""warmupCalls"":3,""warmupMs"":1000,""calibrationMs"":100}",transfer,0,13,25.114630538461544,326.4901970000001,71.73416,20.079554,100268,-15.904248138243771,38,1020.51123,"[{""calls"":6,""ms"":164.77653499999997},{""calls"":7,""ms"":161.66507699999988}]","[27.46275583333333,23.09501099999998]"
original-program,tree-bitonic-timing,tree-bitonic,candidate,/home/ai/bend2/build/publish/bend/selfhost/build/phase30/final-transfer-plan-17/tree-bitonic-timing/report.json,7d6663b3481cfc595cb80b10fc172d4af2c3aca3b18f47f0ff3cb803fbab83aa,42c9a14f9f4dcd46c38bf22ea66961296f94a2220eded932c43d19f9c2e91d80,"{""args"":[8,0],""expected"":971629740,""exportName"":""bench"",""warmupCalls"":3,""warmupMs"":1000,""calibrationMs"":100}",transfer,1,13,25.750487461538462,334.75633700000003,72.79641500000001,20.439541,100564,-13.273706595499979,37,1001.122216,"[{""calls"":6,""ms"":166.37389099999996},{""calls"":7,""ms"":168.3382270000002}]","[27.728981833333325,24.04831814285717]"
original-program,tree-bitonic-timing,tree-bitonic,candidate,/home/ai/bend2/build/publish/bend/selfhost/build/phase30/final-transfer-plan-17/tree-bitonic-timing/report.json,7d6663b3481cfc595cb80b10fc172d4af2c3aca3b18f47f0ff3cb803fbab83aa,42c9a14f9f4dcd46c38bf22ea66961296f94a2220eded932c43d19f9c2e91d80,"{""args"":[8,0],""expected"":971629740,""exportName"":""bench"",""warmupCalls"":3,""warmupMs"":1000,""calibrationMs"":100}",transfer,2,13,25.073329692307706,325.95328600000016,71.79178,19.90075800000001,100016,-16.08271995568473,38,1017.2305359999999,"[{""calls"":6,""ms"":164.678183},{""calls"":7,""ms"":161.22569399999998}]","[27.446363833333333,23.032241999999997]"
original-program,tree-bitonic-timing,tree-bitonic,candidate,/home/ai/bend2/build/publish/bend/selfhost/build/phase30/final-transfer-plan-17/tree-bitonic-timing/report.json,7d6663b3481cfc595cb80b10fc172d4af2c3aca3b18f47f0ff3cb803fbab83aa,42c9a14f9f4dcd46c38bf22ea66961296f94a2220eded932c43d19f9c2e91d80,"{""args"":[8,0],""expected"":971629740,""exportName"":""bench"",""warmupCalls"":3,""warmupMs"":1000,""calibrationMs"":100}",transfer,3,13,25.25509176923076,328.3161929999999,71.654907,20.056221999999998,100060,-15.636159365658242,38,1021.3388280000001,"[{""calls"":6,""ms"":165.43771100000004},{""calls"":7,""ms"":162.83120800000006}]","[27.572951833333338,23.261601142857153]"
original-program,tree-bitonic-timing,tree-bitonic,candidate,/home/ai/bend2/build/publish/bend/selfhost/build/phase30/final-transfer-plan-17/tree-bitonic-timing/report.json,7d6663b3481cfc595cb80b10fc172d4af2c3aca3b18f47f0ff3cb803fbab83aa,42c9a14f9f4dcd46c38bf22ea66961296f94a2220eded932c43d19f9c2e91d80,"{""args"":[8,0],""expected"":971629740,""exportName"":""bench"",""warmupCalls"":3,""warmupMs"":1000,""calibrationMs"":100}",transfer,4,13,25.502265846153843,331.529456,71.79883300000002,20.050134000000007,100196,-16.759756383649083,37,1007.791324,"[{""calls"":6,""ms"":168.16964099999996},{""calls"":7,""ms"":163.31562199999985}]","[28.028273499999994,23.33080314285712]"
original-program,lexer-timing,lexer,typescript,/home/ai/bend2/build/publish/bend/selfhost/build/phase30/final-transfer-plan-17/lexer-timing/report.json,0ff17ea3f3958e7376d97dc70ac095a2a837835e91b1501909cefecb52abde46,2d9378dfdcacc5904f4b2ac65fd90ba1dcc4a51d9c68b00f6042c42aaeadbbba,"{""args"":[8,0],""expected"":1822208108,""exportName"":""bench"",""warmupCalls"":3,""warmupMs"":1000,""calibrationMs"":100}",transfer,0,157,1.9143870445859865,300.5587659999999,20.429778000000006,1.1423970000000025,63532,-0.5940271814647069,504,1001.5441240000001,"[{""calls"":78,""ms"":149.75021600000014},{""calls"":79,""ms"":150.7691289999998}]","[1.9198745641025659,1.9084699873417696]"
original-program,lexer-timing,lexer,typescript,/home/ai/bend2/build/publish/bend/selfhost/build/phase30/final-transfer-plan-17/lexer-timing/report.json,0ff17ea3f3958e7376d97dc70ac095a2a837835e91b1501909cefecb52abde46,2d9378dfdcacc5904f4b2ac65fd90ba1dcc4a51d9c68b00f6042c42aaeadbbba,"{""args"":[8,0],""expected"":1822208108,""exportName"":""bench"",""warmupCalls"":3,""warmupMs"":1000,""calibrationMs"":100}",transfer,1,157,1.916681350318471,300.91897199999994,20.157247000000005,1.1330159999999978,63500,-0.06574328679296304,504,1000.424977,"[{""calls"":78,""ms"":149.5194680000002},{""calls"":79,""ms"":151.33682499999986}]","[1.9169162564102589,1.915656012658226]"
original-program,lexer-timing,lexer,typescript,/home/ai/bend2/build/publish/bend/selfhost/build/phase30/final-transfer-plan-17/lexer-timing/report.json,0ff17ea3f3958e7376d97dc70ac095a2a837835e91b1501909cefecb52abde46,2d9378dfdcacc5904f4b2ac65fd90ba1dcc4a51d9c68b00f6042c42aaeadbbba,"{""args"":[8,0],""expected"":1822208108,""exportName"":""bench"",""warmupCalls"":3,""warmupMs"":1000,""calibrationMs"":100}",transfer,2,157,1.9122228789808922,300.21899200000007,20.487503000000004,1.1342870000000005,63436,-0.07766196415970317,497,1001.518826,"[{""calls"":78,""ms"":149.19091500000013},{""calls"":79,""ms"":150.986269}]","[1.9127040384615401,1.9112185949367089]"
original-program,lexer-timing,lexer,typescript,/home/ai/bend2/build/publish/bend/selfhost/build/phase30/final-transfer-plan-17/lexer-timing/report.json,0ff17ea3f3958e7376d97dc70ac095a2a837835e91b1501909cefecb52abde46,2d9378dfdcacc5904f4b2ac65fd90ba1dcc4a51d9c68b00f6042c42aaeadbbba,"{""args"":[8,0],""expected"":1822208108,""exportName"":""bench"",""warmupCalls"":3,""warmupMs"":1000,""calibrationMs"":100}",transfer,3,157,1.9084393503184718,299.62497800000006,20.376272,1.1164810000000003,64040,-0.4190963409010484,506,1001.753562,"[{""calls"":78,""ms"":149.15379899999994},{""calls"":79,""ms"":150.4329150000001}]","[1.9122281923076916,1.9042141139240518]"
original-program,lexer-timing,lexer,typescript,/home/ai/bend2/build/publish/bend/selfhost/build/phase30/final-transfer-plan-17/lexer-timing/report.json,0ff17ea3f3958e7376d97dc70ac095a2a837835e91b1501909cefecb52abde46,2d9378dfdcacc5904f4b2ac65fd90ba1dcc4a51d9c68b00f6042c42aaeadbbba,"{""args"":[8,0],""expected"":1822208108,""exportName"":""bench"",""warmupCalls"":3,""warmupMs"":1000,""calibrationMs"":100}",transfer,4,157,1.9077723821656052,299.520264,20.064639,1.1146369999999877,64368,-0.8747312424811637,504,1000.6497330000001,"[{""calls"":78,""ms"":149.44476800000007},{""calls"":79,""ms"":150.03672699999993}]","[1.915958564102565,1.8991990759493662]"
original-program,lexer-timing,lexer,phase29,/home/ai/bend2/build/publish/bend/selfhost/build/phase30/final-transfer-plan-17/lexer-timing/report.json,0ff17ea3f3958e7376d97dc70ac095a2a837835e91b1501909cefecb52abde46,1f5e140803c8a6f19eadc7dd8880b7a9372f9a70fc80a81dd98b886104d85d7d,"{""args"":[8,0],""expected"":1822208108,""exportName"":""bench"",""warmupCalls"":3,""warmupMs"":1000,""calibrationMs"":100}",transfer,0,2,185.85207549999996,371.7041509999999,318.742478,20.101352999999996,72416,6.649558694815116,5,1016.331995,"[{""calls"":1,""ms"":179.851048},{""calls"":1,""ms"":191.8103490000001}]","[179.851048,191.8103490000001]"
original-program,lexer-timing,lexer,phase29,/home/ai/bend2/build/publish/bend/selfhost/build/phase30/final-transfer-plan-17/lexer-timing/report.json,0ff17ea3f3958e7376d97dc70ac095a2a837835e91b1501909cefecb52abde46,1f5e140803c8a6f19eadc7dd8880b7a9372f9a70fc80a81dd98b886104d85d7d,"{""args"":[8,0],""expected"":1822208108,""exportName"":""bench"",""warmupCalls"":3,""warmupMs"":1000,""calibrationMs"":100}",transfer,1,2,176.844879,353.689758,320.834363,19.80005,71548,-1.1040451378418248,5,1035.575363,"[{""calls"":1,""ms"":177.80486800000017},{""calls"":1,""ms"":175.8418220000001}]","[177.80486800000017,175.8418220000001]"
original-program,lexer-timing,lexer,phase29,/home/ai/bend2/build/publish/bend/selfhost/build/phase30/final-transfer-plan-17/lexer-timing/report.json,0ff17ea3f3958e7376d97dc70ac095a2a837835e91b1501909cefecb52abde46,1f5e140803c8a6f19eadc7dd8880b7a9372f9a70fc80a81dd98b886104d85d7d,"{""args"":[8,0],""expected"":1822208108,""exportName"":""bench"",""warmupCalls"":3,""warmupMs"":1000,""calibrationMs"":100}",transfer,2,2,176.10537150000005,352.2107430000001,320.714059,19.85858900000001,72016,-0.8106277968492281,5,1027.676648,"[{""calls"":1,""ms"":176.7993899999999},{""calls"":1,""ms"":175.36620500000004}]","[176.7993899999999,175.36620500000004]"
original-program,lexer-timing,lexer,phase29,/home/ai/bend2/build/publish/bend/selfhost/build/phase30/final-transfer-plan-17/lexer-timing/report.json,0ff17ea3f3958e7376d97dc70ac095a2a837835e91b1501909cefecb52abde46,1f5e140803c8a6f19eadc7dd8880b7a9372f9a70fc80a81dd98b886104d85d7d,"{""args"":[8,0],""expected"":1822208108,""exportName"":""bench"",""warmupCalls"":3,""warmupMs"":1000,""calibrationMs"":100}",transfer,3,2,175.44511699999998,350.89023399999996,321.650982,20.252419000000003,71820,-0.3967464861713621,5,1023.26976,"[{""calls"":1,""ms"":175.766396},{""calls"":1,""ms"":175.06904899999995}]","[175.766396,175.06904899999995]"
original-program,lexer-timing,lexer,phase29,/home/ai/bend2/build/publish/bend/selfhost/build/phase30/final-transfer-plan-17/lexer-timing/report.json,0ff17ea3f3958e7376d97dc70ac095a2a837835e91b1501909cefecb52abde46,1f5e140803c8a6f19eadc7dd8880b7a9372f9a70fc80a81dd98b886104d85d7d,"{""args"":[8,0],""expected"":1822208108,""exportName"":""bench"",""warmupCalls"":3,""warmupMs"":1000,""calibrationMs"":100}",transfer,4,2,174.084748,348.169496,322.107962,20.043488000000004,72028,-0.18969136263614628,5,1019.5211800000001,"[{""calls"":1,""ms"":174.22880800000007},{""calls"":1,""ms"":173.89831100000015}]","[174.22880800000007,173.89831100000015]"
original-program,lexer-timing,lexer,candidate,/home/ai/bend2/build/publish/bend/selfhost/build/phase30/final-transfer-plan-17/lexer-timing/report.json,0ff17ea3f3958e7376d97dc70ac095a2a837835e91b1501909cefecb52abde46,f6256f54f41a6220c43943dbae257133994a319c9f73d1f4b939364a3c5a5612,"{""args"":[8,0],""expected"":1822208108,""exportName"":""bench"",""warmupCalls"":3,""warmupMs"":1000,""calibrationMs"":100}",transfer,0,2,172.99286799999993,345.98573599999986,301.183112,20.618192999999998,71852,7.201541624664998,6,1143.2385450000002,"[{""calls"":1,""ms"":166.95944600000007},{""calls"":1,""ms"":178.98310000000015}]","[166.95944600000007,178.98310000000015]"
original-program,lexer-timing,lexer,candidate,/home/ai/bend2/build/publish/bend/selfhost/build/phase30/final-transfer-plan-17/lexer-timing/report.json,0ff17ea3f3958e7376d97dc70ac095a2a837835e91b1501909cefecb52abde46,f6256f54f41a6220c43943dbae257133994a319c9f73d1f4b939364a3c5a5612,"{""args"":[8,0],""expected"":1822208108,""exportName"":""bench"",""warmupCalls"":3,""warmupMs"":1000,""calibrationMs"":100}",transfer,1,2,173.8282345,347.656469,296.489776,20.150560999999996,71792,7.053643142526522,6,1149.066989,"[{""calls"":1,""ms"":167.88548500000002},{""calls"":1,""ms"":179.7275279999999}]","[167.88548500000002,179.7275279999999]"
original-program,lexer-timing,lexer,candidate,/home/ai/bend2/build/publish/bend/selfhost/build/phase30/final-transfer-plan-17/lexer-timing/report.json,0ff17ea3f3958e7376d97dc70ac095a2a837835e91b1501909cefecb52abde46,f6256f54f41a6220c43943dbae257133994a319c9f73d1f4b939364a3c5a5612,"{""args"":[8,0],""expected"":1822208108,""exportName"":""bench"",""warmupCalls"":3,""warmupMs"":1000,""calibrationMs"":100}",transfer,2,2,172.83828500000004,345.6765700000001,295.094379,20.215586000000002,71316,7.602333262687955,6,1146.8601039999999,"[{""calls"":1,""ms"":166.48875500000008},{""calls"":1,""ms"":179.14578500000016}]","[166.48875500000008,179.14578500000016]"
original-program,lexer-timing,lexer,candidate,/home/ai/bend2/build/publish/bend/selfhost/build/phase30/final-transfer-plan-17/lexer-timing/report.json,0ff17ea3f3958e7376d97dc70ac095a2a837835e91b1501909cefecb52abde46,f6256f54f41a6220c43943dbae257133994a319c9f73d1f4b939364a3c5a5612,"{""args"":[8,0],""expected"":1822208108,""exportName"":""bench"",""warmupCalls"":3,""warmupMs"":1000,""calibrationMs"":100}",transfer,3,2,173.400302,346.800604,296.489569,20.503411000000007,71696,7.67994740886635,6,1148.783772,"[{""calls"":1,""ms"":166.966547},{""calls"":1,""ms"":179.78949000000011}]","[166.966547,179.78949000000011]"
original-program,lexer-timing,lexer,candidate,/home/ai/bend2/build/publish/bend/selfhost/build/phase30/final-transfer-plan-17/lexer-timing/report.json,0ff17ea3f3958e7376d97dc70ac095a2a837835e91b1501909cefecb52abde46,f6256f54f41a6220c43943dbae257133994a319c9f73d1f4b939364a3c5a5612,"{""args"":[8,0],""expected"":1822208108,""exportName"":""bench"",""warmupCalls"":3,""warmupMs"":1000,""calibrationMs"":100}",transfer,4,2,171.46263699999997,342.92527399999994,309.95110500000004,20.394149,71484,7.604482868507345,6,1153.504565,"[{""calls"":1,""ms"":165.16085599999997},{""calls"":1,""ms"":177.72048500000005}]","[165.16085599999997,177.72048500000005]"
original-program,symreg-timing,symreg,typescript,/home/ai/bend2/build/publish/bend/selfhost/build/phase30/final-transfer-plan-17/symreg-timing/report.json,7785c444e949eda90507f70fb151a6a9d20733d0d2ec5b7d5517e6b0650568f9,545d6112dbbb0cc66074407a0daf7076b148f9d311e7e9bbffff3376f8e00651,"{""args"":[6,42],""expected"":2490246820,""exportName"":""bench"",""warmupCalls"":3,""warmupMs"":1000,""calibrationMs"":100}",transfer,0,272,1.1018806764705882,299.711544,9.29002899999999,1.092579999999998,62600,-0.16382909274791357,874,1000.972444,"[{""calls"":136,""ms"":149.95932400000015},{""calls"":136,""ms"":149.71364700000004}]","[1.1026420882352952,1.1008356397058827]"
original-program,symreg-timing,symreg,typescript,/home/ai/bend2/build/publish/bend/selfhost/build/phase30/final-transfer-plan-17/symreg-timing/report.json,7785c444e949eda90507f70fb151a6a9d20733d0d2ec5b7d5517e6b0650568f9,545d6112dbbb0cc66074407a0daf7076b148f9d311e7e9bbffff3376f8e00651,"{""args"":[6,42],""expected"":2490246820,""exportName"":""bench"",""warmupCalls"":3,""warmupMs"":1000,""calibrationMs"":100}",transfer,1,272,1.1049660477941174,300.55076499999996,9.511131000000006,1.0585060000000013,63112,0.008169137485869449,865,1000.7811429999999,"[{""calls"":136,""ms"":150.2484199999999},{""calls"":136,""ms"":150.26069400000006}]","[1.1047677941176464,1.1048580441176474]"
original-program,symreg-timing,symreg,typescript,/home/ai/bend2/build/publish/bend/selfhost/build/phase30/final-transfer-plan-17/symreg-timing/report.json,7785c444e949eda90507f70fb151a6a9d20733d0d2ec5b7d5517e6b0650568f9,545d6112dbbb0cc66074407a0daf7076b148f9d311e7e9bbffff3376f8e00651,"{""args"":[6,42],""expected"":2490246820,""exportName"":""bench"",""warmupCalls"":3,""warmupMs"":1000,""calibrationMs"":100}",transfer,2,272,1.1010391727941178,299.482655,9.217016999999998,1.091382000000003,62956,-0.17333441874781697,873,1000.8022760000001,"[{""calls"":136,""ms"":149.85367700000006},{""calls"":136,""ms"":149.5939289999999}]","[1.101865272058824,1.0999553602941168]"
original-program,symreg-timing,symreg,typescript,/home/ai/bend2/build/publish/bend/selfhost/build/phase30/final-transfer-plan-17/symreg-timing/report.json,7785c444e949eda90507f70fb151a6a9d20733d0d2ec5b7d5517e6b0650568f9,545d6112dbbb0cc66074407a0daf7076b148f9d311e7e9bbffff3376f8e00651,"{""args"":[6,42],""expected"":2490246820,""exportName"":""bench"",""warmupCalls"":3,""warmupMs"":1000,""calibrationMs"":100}",transfer,3,272,1.100947911764706,299.45783200000005,9.215129000000005,1.0655879999999982,62576,-0.05426886260176955,873,1000.9369759999998,"[{""calls"":136,""ms"":149.75069700000017},{""calls"":136,""ms"":149.66942900000004}]","[1.1011080661764718,1.1005105073529415]"
original-program,symreg-timing,symreg,typescript,/home/ai/bend2/build/publish/bend/selfhost/build/phase30/final-transfer-plan-17/symreg-timing/report.json,7785c444e949eda90507f70fb151a6a9d20733d0d2ec5b7d5517e6b0650568f9,545d6112dbbb0cc66074407a0daf7076b148f9d311e7e9bbffff3376f8e00651,"{""args"":[6,42],""expected"":2490246820,""exportName"":""bench"",""warmupCalls"":3,""warmupMs"":1000,""calibrationMs"":100}",transfer,4,272,1.100469297794118,299.32764900000006,9.284819999999996,1.1522480000000002,63100,-0.21324052197544408,872,1000.1113170000001,"[{""calls"":136,""ms"":149.804079},{""calls"":136,""ms"":149.4846359999999}]","[1.101500580882353,1.099151735294117]"
original-program,symreg-timing,symreg,phase29,/home/ai/bend2/build/publish/bend/selfhost/build/phase30/final-transfer-plan-17/symreg-timing/report.json,7785c444e949eda90507f70fb151a6a9d20733d0d2ec5b7d5517e6b0650568f9,d252d573449d06ab88d88243c0a18b237e3643de94b4cbd75141086b9f57661e,"{""args"":[6,42],""expected"":2490246820,""exportName"":""bench"",""warmupCalls"":3,""warmupMs"":1000,""calibrationMs"":100}",transfer,0,3,106.21567433333333,318.647023,222.800425,19.772840999999993,78296,-0.7688103577479954,9,1075.207022,"[{""calls"":1,""ms"":106.74706600000013},{""calls"":2,""ms"":211.85276700000009}]","[106.74706600000013,105.92638350000004]"
original-program,symreg-timing,symreg,phase29,/home/ai/bend2/build/publish/bend/selfhost/build/phase30/final-transfer-plan-17/symreg-timing/report.json,7785c444e949eda90507f70fb151a6a9d20733d0d2ec5b7d5517e6b0650568f9,d252d573449d06ab88d88243c0a18b237e3643de94b4cbd75141086b9f57661e,"{""args"":[6,42],""expected"":2490246820,""exportName"":""bench"",""warmupCalls"":3,""warmupMs"":1000,""calibrationMs"":100}",transfer,1,3,105.75923433333332,317.277703,220.69965499999998,19.641476000000004,78316,-0.7151374476718542,9,1069.9442589999999,"[{""calls"":1,""ms"":106.24719800000003},{""calls"":2,""ms"":210.97476899999992}]","[106.24719800000003,105.48738449999996]"
original-program,symreg-timing,symreg,phase29,/home/ai/bend2/build/publish/bend/selfhost/build/phase30/final-transfer-plan-17/symreg-timing/report.json,7785c444e949eda90507f70fb151a6a9d20733d0d2ec5b7d5517e6b0650568f9,d252d573449d06ab88d88243c0a18b237e3643de94b4cbd75141086b9f57661e,"{""args"":[6,42],""expected"":2490246820,""exportName"":""bench"",""warmupCalls"":3,""warmupMs"":1000,""calibrationMs"":100}",transfer,2,3,106.12289166666665,318.36867499999994,219.62305000000003,19.736334999999997,78292,-1.1719288855174814,9,1071.004551,"[{""calls"":1,""ms"":106.93967999999995},{""calls"":2,""ms"":211.37284599999998}]","[106.93967999999995,105.68642299999999]"
original-program,symreg-timing,symreg,phase29,/home/ai/bend2/build/publish/bend/selfhost/build/phase30/final-transfer-plan-17/symreg-timing/report.json,7785c444e949eda90507f70fb151a6a9d20733d0d2ec5b7d5517e6b0650568f9,d252d573449d06ab88d88243c0a18b237e3643de94b4cbd75141086b9f57661e,"{""args"":[6,42],""expected"":2490246820,""exportName"":""bench"",""warmupCalls"":3,""warmupMs"":1000,""calibrationMs"":100}",transfer,3,3,106.1217543333333,318.3652629999999,221.918051,19.784456,78224,-0.08716305099718547,9,1075.5906129999998,"[{""calls"":1,""ms"":106.1653980000001},{""calls"":2,""ms"":212.14572199999998}]","[106.1653980000001,106.07286099999999]"
original-program,symreg-timing,symreg,phase29,/home/ai/bend2/build/publish/bend/selfhost/build/phase30/final-transfer-plan-17/symreg-timing/report.json,7785c444e949eda90507f70fb151a6a9d20733d0d2ec5b7d5517e6b0650568f9,d252d573449d06ab88d88243c0a18b237e3643de94b4cbd75141086b9f57661e,"{""args"":[6,42],""expected"":2490246820,""exportName"":""bench"",""warmupCalls"":3,""warmupMs"":1000,""calibrationMs"":100}",transfer,4,3,106.91739066666666,320.752172,221.94827599999996,19.831830000000004,78240,-0.2348108062912635,9,1080.2249689999999,"[{""calls"":1,""ms"":107.06555800000001},{""calls"":2,""ms"":213.62831299999993}]","[107.06555800000001,106.81415649999997]"
original-program,symreg-timing,symreg,candidate,/home/ai/bend2/build/publish/bend/selfhost/build/phase30/final-transfer-plan-17/symreg-timing/report.json,7785c444e949eda90507f70fb151a6a9d20733d0d2ec5b7d5517e6b0650568f9,71c530f4ac4747dac9578507ad40e5d617f89184341200daf6622e36dec849b4,"{""args"":[6,42],""expected"":2490246820,""exportName"":""bench"",""warmupCalls"":3,""warmupMs"":1000,""calibrationMs"":100}",transfer,0,3,104.00649066666665,312.01947199999995,217.80037599999997,20.06300999999999,77844,0.2920546975825111,9,1044.0842630000002,"[{""calls"":1,""ms"":103.78586699999983},{""calls"":2,""ms"":208.1779570000001}]","[103.78586699999983,104.08897850000005]"
original-program,symreg-timing,symreg,candidate,/home/ai/bend2/build/publish/bend/selfhost/build/phase30/final-transfer-plan-17/symreg-timing/report.json,7785c444e949eda90507f70fb151a6a9d20733d0d2ec5b7d5517e6b0650568f9,71c530f4ac4747dac9578507ad40e5d617f89184341200daf6622e36dec849b4,"{""args"":[6,42],""expected"":2490246820,""exportName"":""bench"",""warmupCalls"":3,""warmupMs"":1000,""calibrationMs"":100}",transfer,1,3,102.98844666666666,308.96533999999997,216.942835,20.317729,78156,-0.42239165742143925,9,1042.126088,"[{""calls"":1,""ms"":103.26399500000002},{""calls"":2,""ms"":205.65563299999985}]","[103.26399500000002,102.82781649999993]"
original-program,symreg-timing,symreg,candidate,/home/ai/bend2/build/publish/bend/selfhost/build/phase30/final-transfer-plan-17/symreg-timing/report.json,7785c444e949eda90507f70fb151a6a9d20733d0d2ec5b7d5517e6b0650568f9,71c530f4ac4747dac9578507ad40e5d617f89184341200daf6622e36dec849b4,"{""args"":[6,42],""expected"":2490246820,""exportName"":""bench"",""warmupCalls"":3,""warmupMs"":1000,""calibrationMs"":100}",transfer,2,3,105.97156266666661,317.91468799999984,217.319237,20.049998999999993,77944,1.1774279503798502,9,1043.446174,"[{""calls"":1,""ms"":105.1314010000001},{""calls"":2,""ms"":212.73849500000006}]","[105.1314010000001,106.36924750000003]"
original-program,symreg-timing,symreg,candidate,/home/ai/bend2/build/publish/bend/selfhost/build/phase30/final-transfer-plan-17/symreg-timing/report.json,7785c444e949eda90507f70fb151a6a9d20733d0d2ec5b7d5517e6b0650568f9,71c530f4ac4747dac9578507ad40e5d617f89184341200daf6622e36dec849b4,"{""args"":[6,42],""expected"":2490246820,""exportName"":""bench"",""warmupCalls"":3,""warmupMs"":1000,""calibrationMs"":100}",transfer,3,3,103.62973733333335,310.88921200000004,222.99069499999996,20.120131999999998,77912,-0.37672237994083035,9,1040.5301809999999,"[{""calls"":1,""ms"":103.87596299999996},{""calls"":2,""ms"":206.9692779999998}]","[103.87596299999996,103.4846389999999]"
original-program,symreg-timing,symreg,candidate,/home/ai/bend2/build/publish/bend/selfhost/build/phase30/final-transfer-plan-17/symreg-timing/report.json,7785c444e949eda90507f70fb151a6a9d20733d0d2ec5b7d5517e6b0650568f9,71c530f4ac4747dac9578507ad40e5d617f89184341200daf6622e36dec849b4,"{""args"":[6,42],""expected"":2490246820,""exportName"":""bench"",""warmupCalls"":3,""warmupMs"":1000,""calibrationMs"":100}",transfer,4,3,103.08223133333331,309.24669399999993,217.438925,20.110113,78376,-0.48621254515075485,9,1041.3061229999998,"[{""calls"":1,""ms"":103.40189800000007},{""calls"":2,""ms"":205.79829000000018}]","[103.40189800000007,102.89914500000009]"
original-program,test-morning-program-timing,test-morning-program,typescript,/home/ai/bend2/build/publish/bend/selfhost/build/phase30/final-transfer-plan-17/test-morning-program-timing/report.json,dd1b4dd79f353b8f3ba5a9b713dd0884c35906e8d02945ccf9ee725c17492b09,faff88b122b84d0d18698210c66233cae52493e3cc68c92d95e0c639e20990ad,"{""args"":[],""expected"":""a-bb-ccc 8 1877 42 lo hello 3"",""exportName"":""main.out"",""warmupCalls"":3,""warmupMs"":1000,""calibrationMs"":100}",transfer,0,78812,0.0037079419758412426,292.230323,2.1806240000000088,2.631824000000009,66352,1.9141162449380467,217113,1000.0361659999999,"[{""calls"":39406,""ms"":144.7076689999999},{""calls"":39406,""ms"":147.47754200000008}]","[0.0036722242551895626,0.003742514896208701]"
original-program,test-morning-program-timing,test-morning-program,typescript,/home/ai/bend2/build/publish/bend/selfhost/build/phase30/final-transfer-plan-17/test-morning-program-timing/report.json,dd1b4dd79f353b8f3ba5a9b713dd0884c35906e8d02945ccf9ee725c17492b09,faff88b122b84d0d18698210c66233cae52493e3cc68c92d95e0c639e20990ad,"{""args"":[],""expected"":""a-bb-ccc 8 1877 42 lo hello 3"",""exportName"":""main.out"",""warmupCalls"":3,""warmupMs"":1000,""calibrationMs"":100}",transfer,1,78812,0.003689730180683144,290.7950149999999,2.179558,2.645554000000004,68232,1.211325853687284,222663,1000.0251910000001,"[{""calls"":39406,""ms"":144.50050699999997},{""calls"":39406,""ms"":146.25087900000017}]","[0.003666967136984215,0.003711386057960721]"
original-program,test-morning-program-timing,test-morning-program,typescript,/home/ai/bend2/build/publish/bend/selfhost/build/phase30/final-transfer-plan-17/test-morning-program-timing/report.json,dd1b4dd79f353b8f3ba5a9b713dd0884c35906e8d02945ccf9ee725c17492b09,faff88b122b84d0d18698210c66233cae52493e3cc68c92d95e0c639e20990ad,"{""args"":[],""expected"":""a-bb-ccc 8 1877 42 lo hello 3"",""exportName"":""main.out"",""warmupCalls"":3,""warmupMs"":1000,""calibrationMs"":100}",transfer,2,78812,0.003863708305841748,304.5065789999999,2.193789999999993,2.6559659999999994,67824,1.1174295329740902,209972,1000.029721,"[{""calls"":39406,""ms"":151.38484800000015},{""calls"":39406,""ms"":153.0764670000001}]","[0.003841669999492467,0.0038845979546262015]"
original-program,test-morning-program-timing,test-morning-program,typescript,/home/ai/bend2/build/publish/bend/selfhost/build/phase30/final-transfer-plan-17/test-morning-program-timing/report.json,dd1b4dd79f353b8f3ba5a9b713dd0884c35906e8d02945ccf9ee725c17492b09,faff88b122b84d0d18698210c66233cae52493e3cc68c92d95e0c639e20990ad,"{""args"":[],""expected"":""a-bb-ccc 8 1877 42 lo hello 3"",""exportName"":""main.out"",""warmupCalls"":3,""warmupMs"":1000,""calibrationMs"":100}",transfer,3,78812,0.0036712167436430995,289.33593399999995,2.2186810000000037,2.6559080000000037,69572,1.1250113636176895,221726,1000.025895,"[{""calls"":39406,""ms"":143.8362360000001},{""calls"":39406,""ms"":145.45441000000005}]","[0.003650110034004976,0.0036911741866720816]"
original-program,test-morning-program-timing,test-morning-program,typescript,/home/ai/bend2/build/publish/bend/selfhost/build/phase30/final-transfer-plan-17/test-morning-program-timing/report.json,dd1b4dd79f353b8f3ba5a9b713dd0884c35906e8d02945ccf9ee725c17492b09,faff88b122b84d0d18698210c66233cae52493e3cc68c92d95e0c639e20990ad,"{""args"":[],""expected"":""a-bb-ccc 8 1877 42 lo hello 3"",""exportName"":""main.out"",""warmupCalls"":3,""warmupMs"":1000,""calibrationMs"":100}",transfer,4,78812,0.0038763113739024506,305.4998519999999,2.1804750000000013,2.6642630000000054,69856,0.8397456732260888,217930,1000.0296219999999,"[{""calls"":39406,""ms"":152.08449900000005},{""calls"":39406,""ms"":153.36162200000012}]","[0.0038594249352890434,0.0038918342891945423]"
original-program,test-morning-program-timing,test-morning-program,phase29,/home/ai/bend2/build/publish/bend/selfhost/build/phase30/final-transfer-plan-17/test-morning-program-timing/report.json,dd1b4dd79f353b8f3ba5a9b713dd0884c35906e8d02945ccf9ee725c17492b09,f9431ea138f00f8913c09c9aaca21f599a9a50c7a9ba3ff194f4748ab9f06ac0,"{""args"":[],""expected"":""a-bb-ccc 8 1877 42 lo hello 3"",""exportName"":""main.out"",""warmupCalls"":3,""warmupMs"":1000,""calibrationMs"":100}",transfer,0,1505,0.21211296079734218,319.230006,9.706538000000009,20.964597999999995,73444,-13.938544563079047,3534,1000.0636880000001,"[{""calls"":752,""ms"":171.44303100000002},{""calls"":753,""ms"":147.742573}]","[0.2279827539893617,0.19620527622841966]"
original-program,test-morning-program-timing,test-morning-program,phase29,/home/ai/bend2/build/publish/bend/selfhost/build/phase30/final-transfer-plan-17/test-morning-program-timing/report.json,dd1b4dd79f353b8f3ba5a9b713dd0884c35906e8d02945ccf9ee725c17492b09,f9431ea138f00f8913c09c9aaca21f599a9a50c7a9ba3ff194f4748ab9f06ac0,"{""args"":[],""expected"":""a-bb-ccc 8 1877 42 lo hello 3"",""exportName"":""main.out"",""warmupCalls"":3,""warmupMs"":1000,""calibrationMs"":100}",transfer,1,1505,0.2111887348837208,317.8390459999998,9.687241999999998,20.959233000000005,73888,-13.805873091603216,3540,1000.1187160000001,"[{""calls"":752,""ms"":170.57534899999996},{""calls"":753,""ms"":147.22144600000001}]","[0.22682892154255313,0.195513208499336]"
original-program,test-morning-program-timing,test-morning-program,phase29,/home/ai/bend2/build/publish/bend/selfhost/build/phase30/final-transfer-plan-17/test-morning-program-timing/report.json,dd1b4dd79f353b8f3ba5a9b713dd0884c35906e8d02945ccf9ee725c17492b09,f9431ea138f00f8913c09c9aaca21f599a9a50c7a9ba3ff194f4748ab9f06ac0,"{""args"":[],""expected"":""a-bb-ccc 8 1877 42 lo hello 3"",""exportName"":""main.out"",""warmupCalls"":3,""warmupMs"":1000,""calibrationMs"":100}",transfer,2,1505,0.20891937475083058,314.42365900000004,9.71668600000001,21.095005999999998,73680,-12.896578551008165,3548,1000.796051,"[{""calls"":752,""ms"":167.92245200000002},{""calls"":753,""ms"":146.46070399999985}]","[0.22330113297872342,0.19450292695883115]"
original-program,test-morning-program-timing,test-morning-program,phase29,/home/ai/bend2/build/publish/bend/selfhost/build/phase30/final-transfer-plan-17/test-morning-program-timing/report.json,dd1b4dd79f353b8f3ba5a9b713dd0884c35906e8d02945ccf9ee725c17492b09,f9431ea138f00f8913c09c9aaca21f599a9a50c7a9ba3ff194f4748ab9f06ac0,"{""args"":[],""expected"":""a-bb-ccc 8 1877 42 lo hello 3"",""exportName"":""main.out"",""warmupCalls"":3,""warmupMs"":1000,""calibrationMs"":100}",transfer,3,1505,0.21138621926910298,318.13626,9.793348000000009,20.935834999999997,73920,-13.908240736474898,3527,1002.446847,"[{""calls"":752,""ms"":170.8294410000001},{""calls"":753,""ms"":147.26564300000018}]","[0.22716680984042564,0.1955719030544491]"
original-program,test-morning-program-timing,test-morning-program,phase29,/home/ai/bend2/build/publish/bend/selfhost/build/phase30/final-transfer-plan-17/test-morning-program-timing/report.json,dd1b4dd79f353b8f3ba5a9b713dd0884c35906e8d02945ccf9ee725c17492b09,f9431ea138f00f8913c09c9aaca21f599a9a50c7a9ba3ff194f4748ab9f06ac0,"{""args"":[],""expected"":""a-bb-ccc 8 1877 42 lo hello 3"",""exportName"":""main.out"",""warmupCalls"":3,""warmupMs"":1000,""calibrationMs"":100}",transfer,4,1505,0.21038449966777412,316.62867200000005,9.909463000000002,20.891964,73144,-14.247151280692327,3527,1001.2248720000001,"[{""calls"":752,""ms"":170.32878800000003},{""calls"":753,""ms"":146.25601899999992}]","[0.22650104787234046,0.19423110092961476]"
original-program,test-morning-program-timing,test-morning-program,candidate,/home/ai/bend2/build/publish/bend/selfhost/build/phase30/final-transfer-plan-17/test-morning-program-timing/report.json,dd1b4dd79f353b8f3ba5a9b713dd0884c35906e8d02945ccf9ee725c17492b09,b7522e2b914d30835c723e8932eac442d52a8181c276c44475a4aeafeef9c958,"{""args"":[],""expected"":""a-bb-ccc 8 1877 42 lo hello 3"",""exportName"":""main.out"",""warmupCalls"":3,""warmupMs"":1000,""calibrationMs"":100}",transfer,0,1528,0.19537510013088996,298.53315299999986,9.595264999999998,21.231395999999997,73472,-7.608074644591212,3605,1000.0324280000001,"[{""calls"":764,""ms"":155.14758399999982},{""calls"":764,""ms"":143.34384}]","[0.20307275392670135,0.18762282722513088]"
original-program,test-morning-program-timing,test-morning-program,candidate,/home/ai/bend2/build/publish/bend/selfhost/build/phase30/final-transfer-plan-17/test-morning-program-timing/report.json,dd1b4dd79f353b8f3ba5a9b713dd0884c35906e8d02945ccf9ee725c17492b09,b7522e2b914d30835c723e8932eac442d52a8181c276c44475a4aeafeef9c958,"{""args"":[],""expected"":""a-bb-ccc 8 1877 42 lo hello 3"",""exportName"":""main.out"",""warmupCalls"":3,""warmupMs"":1000,""calibrationMs"":100}",transfer,1,1528,0.20373746465968592,311.3108460000001,9.615677999999988,21.186003999999997,73524,-13.90683814476159,3644,1000.060848,"[{""calls"":764,""ms"":167.26536799999985},{""calls"":764,""ms"":144.00404400000002}]","[0.2189337277486909,0.18848696858638747]"
original-program,test-morning-program-timing,test-morning-program,candidate,/home/ai/bend2/build/publish/bend/selfhost/build/phase30/final-transfer-plan-17/test-morning-program-timing/report.json,dd1b4dd79f353b8f3ba5a9b713dd0884c35906e8d02945ccf9ee725c17492b09,b7522e2b914d30835c723e8932eac442d52a8181c276c44475a4aeafeef9c958,"{""args"":[],""expected"":""a-bb-ccc 8 1877 42 lo hello 3"",""exportName"":""main.out"",""warmupCalls"":3,""warmupMs"":1000,""calibrationMs"":100}",transfer,2,1528,0.2033793782722513,310.76369,9.925646999999998,21.348940999999996,74264,-10.850201890394517,3554,1004.3167319999999,"[{""calls"":764,""ms"":164.27131199999985},{""calls"":764,""ms"":146.447543}]","[0.21501480628272232,0.19168526570680627]"
original-program,test-morning-program-timing,test-morning-program,candidate,/home/ai/bend2/build/publish/bend/selfhost/build/phase30/final-transfer-plan-17/test-morning-program-timing/report.json,dd1b4dd79f353b8f3ba5a9b713dd0884c35906e8d02945ccf9ee725c17492b09,b7522e2b914d30835c723e8932eac442d52a8181c276c44475a4aeafeef9c958,"{""args"":[],""expected"":""a-bb-ccc 8 1877 42 lo hello 3"",""exportName"":""main.out"",""warmupCalls"":3,""warmupMs"":1000,""calibrationMs"":100}",transfer,3,1528,0.1974135091623037,301.6478420000001,9.77967000000001,21.290490000000005,73408,-7.338770800814476,3586,1000.6551979999999,"[{""calls"":764,""ms"":156.54873700000007},{""calls"":764,""ms"":145.0599840000002}]","[0.20490672382198963,0.18986908900523589]"
original-program,test-morning-program-timing,test-morning-program,candidate,/home/ai/bend2/build/publish/bend/selfhost/build/phase30/final-transfer-plan-17/test-morning-program-timing/report.json,dd1b4dd79f353b8f3ba5a9b713dd0884c35906e8d02945ccf9ee725c17492b09,b7522e2b914d30835c723e8932eac442d52a8181c276c44475a4aeafeef9c958,"{""args"":[],""expected"":""a-bb-ccc 8 1877 42 lo hello 3"",""exportName"":""main.out"",""warmupCalls"":3,""warmupMs"":1000,""calibrationMs"":100}",transfer,4,1528,0.2059020078534031,314.61826799999994,9.693888000000001,21.250904,74444,-11.517729420342725,3562,1000.098125,"[{""calls"":764,""ms"":166.899901},{""calls"":764,""ms"":147.67682200000013}]","[0.21845536780104713,0.19329426963350801]"
original-program,test-evening-program-timing,test-evening-program,typescript,/home/ai/bend2/build/publish/bend/selfhost/build/phase30/final-transfer-plan-17/test-evening-program-timing/report.json,4d386f09308ba38342ea05c3509630249a0648413a128ee85a47834959b6030a,0c1d34b107501041c6e5a3bb5b896e91b8ab56b8826c3f616ea6b4e3a3e1d6d0,"{""args"":[],""expected"":81111,""exportName"":""main.out"",""warmupCalls"":3,""warmupMs"":1000,""calibrationMs"":100}",transfer,0,95047,0.0032140327101328825,305.48416700000007,2.5243269999999995,3.016500999999998,68860,-3.3033919379765853,258108,1000.026284,"[{""calls"":47523,""ms"":155.27844099999993},{""calls"":47524,""ms"":150.15214500000002}]","[0.0032674376828062185,0.003159501409813989]"
original-program,test-evening-program-timing,test-evening-program,typescript,/home/ai/bend2/build/publish/bend/selfhost/build/phase30/final-transfer-plan-17/test-evening-program-timing/report.json,4d386f09308ba38342ea05c3509630249a0648413a128ee85a47834959b6030a,0c1d34b107501041c6e5a3bb5b896e91b8ab56b8826c3f616ea6b4e3a3e1d6d0,"{""args"":[],""expected"":81111,""exportName"":""main.out"",""warmupCalls"":3,""warmupMs"":1000,""calibrationMs"":100}",transfer,1,95047,0.0031672745694235494,301.0399460000001,2.4821030000000093,2.935717000000004,67688,-0.7240348402880015,253213,1000.027781,"[{""calls"":47523,""ms"":151.0377860000001},{""calls"":47524,""ms"":149.94737499999997}]","[0.0031782039433537464,0.003155192639508458]"
original-program,test-evening-program-timing,test-evening-program,typescript,/home/ai/bend2/build/publish/bend/selfhost/build/phase30/final-transfer-plan-17/test-evening-program-timing/report.json,4d386f09308ba38342ea05c3509630249a0648413a128ee85a47834959b6030a,0c1d34b107501041c6e5a3bb5b896e91b8ab56b8826c3f616ea6b4e3a3e1d6d0,"{""args"":[],""expected"":81111,""exportName"":""main.out"",""warmupCalls"":3,""warmupMs"":1000,""calibrationMs"":100}",transfer,2,95047,0.0031608774816669644,300.431922,2.5110930000000025,2.9386209999999906,68376,-1.3282259935171625,258633,1000.0261680000001,"[{""calls"":47523,""ms"":151.19198099999994},{""calls"":47524,""ms"":149.18694900000014}]","[0.003181448582791489,0.003139191755744469]"
original-program,test-evening-program-timing,test-evening-program,typescript,/home/ai/bend2/build/publish/bend/selfhost/build/phase30/final-transfer-plan-17/test-evening-program-timing/report.json,4d386f09308ba38342ea05c3509630249a0648413a128ee85a47834959b6030a,0c1d34b107501041c6e5a3bb5b896e91b8ab56b8826c3f616ea6b4e3a3e1d6d0,"{""args"":[],""expected"":81111,""exportName"":""main.out"",""warmupCalls"":3,""warmupMs"":1000,""calibrationMs"":100}",transfer,3,95047,0.003151093648405528,299.5019980000002,2.478418000000005,3.001419999999996,70116,-2.442754905245792,260102,1000.0257549999999,"[{""calls"":47523,""ms"":151.574707},{""calls"":47524,""ms"":147.8752199999999}]","[0.0031895020726805967,0.003111590354347275]"
original-program,test-evening-program-timing,test-evening-program,typescript,/home/ai/bend2/build/publish/bend/selfhost/build/phase30/final-transfer-plan-17/test-evening-program-timing/report.json,4d386f09308ba38342ea05c3509630249a0648413a128ee85a47834959b6030a,0c1d34b107501041c6e5a3bb5b896e91b8ab56b8826c3f616ea6b4e3a3e1d6d0,"{""args"":[],""expected"":81111,""exportName"":""main.out"",""warmupCalls"":3,""warmupMs"":1000,""calibrationMs"":100}",transfer,4,95047,0.0031232756636190516,296.857982,2.650578000000003,2.9669159999999977,67256,-0.9185801101757041,261897,1000.0263439999999,"[{""calls"":47523,""ms"":149.08981599999993},{""calls"":47524,""ms"":147.72341499999993}]","[0.003137213896429096,0.00310839607356283]"
original-program,test-evening-program-timing,test-evening-program,phase29,/home/ai/bend2/build/publish/bend/selfhost/build/phase30/final-transfer-plan-17/test-evening-program-timing/report.json,4d386f09308ba38342ea05c3509630249a0648413a128ee85a47834959b6030a,96bf6ad0006eed050ba8213858e4fe72282483622be3dcdc5a6948f9790a4291,"{""args"":[],""expected"":81111,""exportName"":""main.out"",""warmupCalls"":3,""warmupMs"":1000,""calibrationMs"":100}",transfer,0,513,0.36631427875243683,187.9192250000001,12.203037999999992,22.772269,75568,298.53909590803676,4985,1000.0492889999999,"[{""calls"":256,""ms"":37.568340000000035},{""calls"":257,""ms"":150.3093839999999}]","[0.14675132812500014,0.5848614163424121]"
original-program,test-evening-program-timing,test-evening-program,phase29,/home/ai/bend2/build/publish/bend/selfhost/build/phase30/final-transfer-plan-17/test-evening-program-timing/report.json,4d386f09308ba38342ea05c3509630249a0648413a128ee85a47834959b6030a,96bf6ad0006eed050ba8213858e4fe72282483622be3dcdc5a6948f9790a4291,"{""args"":[],""expected"":81111,""exportName"":""main.out"",""warmupCalls"":3,""warmupMs"":1000,""calibrationMs"":100}",transfer,1,513,0.2593530740740741,133.04812700000002,12.587912000000003,25.339788000000006,75596,136.73235205162,4830,1000.1432720000001,"[{""calls"":256,""ms"":39.391028000000006},{""calls"":257,""ms"":93.61557000000016}]","[0.15387120312500002,0.3642629182879384]"
original-program,test-evening-program-timing,test-evening-program,phase29,/home/ai/bend2/build/publish/bend/selfhost/build/phase30/final-transfer-plan-17/test-evening-program-timing/report.json,4d386f09308ba38342ea05c3509630249a0648413a128ee85a47834959b6030a,96bf6ad0006eed050ba8213858e4fe72282483622be3dcdc5a6948f9790a4291,"{""args"":[],""expected"":81111,""exportName"":""main.out"",""warmupCalls"":3,""warmupMs"":1000,""calibrationMs"":100}",transfer,2,513,0.3469741695906435,177.9977490000001,12.179066000000006,23.108969000000002,74540,271.4206140343081,4968,1000.0128940000001,"[{""calls"":256,""ms"":37.63316400000008},{""calls"":257,""ms"":140.32333399999993}]","[0.1470045468750003,0.5460051906614783]"
original-program,test-evening-program-timing,test-evening-program,phase29,/home/ai/bend2/build/publish/bend/selfhost/build/phase30/final-transfer-plan-17/test-evening-program-timing/report.json,4d386f09308ba38342ea05c3509630249a0648413a128ee85a47834959b6030a,96bf6ad0006eed050ba8213858e4fe72282483622be3dcdc5a6948f9790a4291,"{""args"":[],""expected"":81111,""exportName"":""main.out"",""warmupCalls"":3,""warmupMs"":1000,""calibrationMs"":100}",transfer,3,513,0.35291772904483426,181.04679499999997,12.297319000000002,22.969254000000006,74260,280.82905095372683,4968,1000.0624110000001,"[{""calls"":256,""ms"":37.5263930000001},{""calls"":257,""ms"":143.469654}]","[0.14658747265625038,0.5582476809338521]"
original-program,test-evening-program-timing,test-evening-program,phase29,/home/ai/bend2/build/publish/bend/selfhost/build/phase30/final-transfer-plan-17/test-evening-program-timing/report.json,4d386f09308ba38342ea05c3509630249a0648413a128ee85a47834959b6030a,96bf6ad0006eed050ba8213858e4fe72282483622be3dcdc5a6948f9790a4291,"{""args"":[],""expected"":81111,""exportName"":""main.out"",""warmupCalls"":3,""warmupMs"":1000,""calibrationMs"":100}",transfer,4,513,0.2668297231968811,136.883648,12.360129,22.666683999999997,75668,142.3400055161665,4807,1000.0338350000001,"[{""calls"":256,""ms"":39.862556999999924},{""calls"":257,""ms"":96.980278}]","[0.1557131132812497,0.3773551673151751]"
original-program,test-evening-program-timing,test-evening-program,candidate,/home/ai/bend2/build/publish/bend/selfhost/build/phase30/final-transfer-plan-17/test-evening-program-timing/report.json,4d386f09308ba38342ea05c3509630249a0648413a128ee85a47834959b6030a,c9cc745623a99b14e93d23593569f0200fa5989ffcfc317e75796d2051639d5f,"{""args"":[],""expected"":81111,""exportName"":""main.out"",""warmupCalls"":3,""warmupMs"":1000,""calibrationMs"":100}",transfer,0,2025,0.2034092474074074,411.903726,12.269813,23.010627,73872,-41.23110617120809,5135,1000.029712,"[{""calls"":1012,""ms"":259.31369700000005},{""calls"":1013,""ms"":152.54638}]","[0.25623883102766803,0.15058872655478775]"
original-program,test-evening-program-timing,test-evening-program,candidate,/home/ai/bend2/build/publish/bend/selfhost/build/phase30/final-transfer-plan-17/test-evening-program-timing/report.json,4d386f09308ba38342ea05c3509630249a0648413a128ee85a47834959b6030a,c9cc745623a99b14e93d23593569f0200fa5989ffcfc317e75796d2051639d5f,"{""args"":[],""expected"":81111,""exportName"":""main.out"",""warmupCalls"":3,""warmupMs"":1000,""calibrationMs"":100}",transfer,1,2025,0.19929634074074076,403.57509000000005,12.304956000000004,23.292204999999996,74008,-41.409160854047386,5113,1000.115755,"[{""calls"":1012,""ms"":254.3555550000001},{""calls"":1013,""ms"":149.17631600000004}]","[0.25133948122529653,0.14726191115498524]"
original-program,test-evening-program-timing,test-evening-program,candidate,/home/ai/bend2/build/publish/bend/selfhost/build/phase30/final-transfer-plan-17/test-evening-program-timing/report.json,4d386f09308ba38342ea05c3509630249a0648413a128ee85a47834959b6030a,c9cc745623a99b14e93d23593569f0200fa5989ffcfc317e75796d2051639d5f,"{""args"":[],""expected"":81111,""exportName"":""main.out"",""warmupCalls"":3,""warmupMs"":1000,""calibrationMs"":100}",transfer,2,2025,0.20565278913580243,416.4468979999999,12.232713000000004,23.30205,75108,-40.409218959331085,4918,1000.1231270000001,"[{""calls"":1012,""ms"":260.82359799999995},{""calls"":1013,""ms"":155.58040299999993}]","[0.25773082806324105,0.15358381342546884]"
original-program,test-evening-program-timing,test-evening-program,candidate,/home/ai/bend2/build/publish/bend/selfhost/build/phase30/final-transfer-plan-17/test-evening-program-timing/report.json,4d386f09308ba38342ea05c3509630249a0648413a128ee85a47834959b6030a,c9cc745623a99b14e93d23593569f0200fa5989ffcfc317e75796d2051639d5f,"{""args"":[],""expected"":81111,""exportName"":""main.out"",""warmupCalls"":3,""warmupMs"":1000,""calibrationMs"":100}",transfer,3,2025,0.19823918962962955,401.43435899999986,12.287997000000004,23.018672000000002,74420,-41.64781312860877,5122,1000.066186,"[{""calls"":1012,""ms"":253.388054},{""calls"":1013,""ms"":148.00357499999996}]","[0.25038345256917,0.14610422013820332]"
original-program,test-evening-program-timing,test-evening-program,candidate,/home/ai/bend2/build/publish/bend/selfhost/build/phase30/final-transfer-plan-17/test-evening-program-timing/report.json,4d386f09308ba38342ea05c3509630249a0648413a128ee85a47834959b6030a,c9cc745623a99b14e93d23593569f0200fa5989ffcfc317e75796d2051639d5f,"{""args"":[],""expected"":81111,""exportName"":""main.out"",""warmupCalls"":3,""warmupMs"":1000,""calibrationMs"":100}",transfer,4,2025,0.2043448291358025,413.7982790000001,12.46018500000001,22.872573000000003,75676,-40.10466819235342,4933,1000.0679789999999,"[{""calls"":1012,""ms"":258.666289},{""calls"":1013,""ms"":155.08212400000002}]","[0.25559909980237155,0.15309192892398818]"
original-program,test-rle-roundtrip-timing,test-rle-roundtrip,typescript,/home/ai/bend2/build/publish/bend/selfhost/build/phase30/final-transfer-plan-17/test-rle-roundtrip-timing/report.json,9c90008c8b62c76a8917626c100716e1a2816929a39aa5050acc3cb3bcd236f1,f21a8eb4239ff0db7fbfda6121f24b04b48c5478fe6de5798660ca5b417c80a8,"{""args"":[],""expected"":11,""exportName"":""main.out"",""warmupCalls"":3,""warmupMs"":1000,""calibrationMs"":100}",transfer,0,521150,0.000592163906744699,308.6062199999999,0.508388999999994,0.8960590000000082,65064,1.162377012140059,1413336,1000.0248700000001,"[{""calls"":260575,""ms"":153.38861500000007},{""calls"":260575,""ms"":155.1715690000001}]","[0.0005886543797371201,0.0005954967629281401]"
original-program,test-rle-roundtrip-timing,test-rle-roundtrip,typescript,/home/ai/bend2/build/publish/bend/selfhost/build/phase30/final-transfer-plan-17/test-rle-roundtrip-timing/report.json,9c90008c8b62c76a8917626c100716e1a2816929a39aa5050acc3cb3bcd236f1,f21a8eb4239ff0db7fbfda6121f24b04b48c5478fe6de5798660ca5b417c80a8,"{""args"":[],""expected"":11,""exportName"":""main.out"",""warmupCalls"":3,""warmupMs"":1000,""calibrationMs"":100}",transfer,1,521150,0.0005934091988870763,309.2552039999998,0.5014539999999954,0.8970100000000016,65044,0.39314586699281673,1401088,1000.025632,"[{""calls"":260575,""ms"":154.30176200000005},{""calls"":260575,""ms"":154.90839300000016}]","[0.0005921587335699897,0.0005944867811570571]"
original-program,test-rle-roundtrip-timing,test-rle-roundtrip,typescript,/home/ai/bend2/build/publish/bend/selfhost/build/phase30/final-transfer-plan-17/test-rle-roundtrip-timing/report.json,9c90008c8b62c76a8917626c100716e1a2816929a39aa5050acc3cb3bcd236f1,f21a8eb4239ff0db7fbfda6121f24b04b48c5478fe6de5798660ca5b417c80a8,"{""args"":[],""expected"":11,""exportName"":""main.out"",""warmupCalls"":3,""warmupMs"":1000,""calibrationMs"":100}",transfer,2,521150,0.000588205125203876,306.543101,0.5052909999999997,0.9317670000000007,65040,1.236749623532729,1408706,1000.0252069999999,"[{""calls"":260575,""ms"":152.3074650000001},{""calls"":260575,""ms"":154.19112699999982}]","[0.0005845052863858777,0.000591734153314784]"
original-program,test-rle-roundtrip-timing,test-rle-roundtrip,typescript,/home/ai/bend2/build/publish/bend/selfhost/build/phase30/final-transfer-plan-17/test-rle-roundtrip-timing/report.json,9c90008c8b62c76a8917626c100716e1a2816929a39aa5050acc3cb3bcd236f1,f21a8eb4239ff0db7fbfda6121f24b04b48c5478fe6de5798660ca5b417c80a8,"{""args"":[],""expected"":11,""exportName"":""main.out"",""warmupCalls"":3,""warmupMs"":1000,""calibrationMs"":100}",transfer,3,521150,0.0005916482682529023,308.337495,0.5090979999999945,0.9076769999999996,64996,1.6141472235311038,1395213,1000.024787,"[{""calls"":260575,""ms"":152.9123219999999},{""calls"":260575,""ms"":155.38055199999985}]","[0.0005868265259522207,0.0005962987700278225]"
original-program,test-rle-roundtrip-timing,test-rle-roundtrip,typescript,/home/ai/bend2/build/publish/bend/selfhost/build/phase30/final-transfer-plan-17/test-rle-roundtrip-timing/report.json,9c90008c8b62c76a8917626c100716e1a2816929a39aa5050acc3cb3bcd236f1,f21a8eb4239ff0db7fbfda6121f24b04b48c5478fe6de5798660ca5b417c80a8,"{""args"":[],""expected"":11,""exportName"":""main.out"",""warmupCalls"":3,""warmupMs"":1000,""calibrationMs"":100}",transfer,4,521150,0.0005942301851674181,309.68306099999995,0.5075250000000011,0.8989750000000001,64980,1.6973092457192918,1409257,1000.025607,"[{""calls"":260575,""ms"":153.51569000000018},{""calls"":260575,""ms"":156.12132599999995}]","[0.0005891420512328512,0.0005991416137388466]"
original-program,test-rle-roundtrip-timing,test-rle-roundtrip,phase29,/home/ai/bend2/build/publish/bend/selfhost/build/phase30/final-transfer-plan-17/test-rle-roundtrip-timing/report.json,9c90008c8b62c76a8917626c100716e1a2816929a39aa5050acc3cb3bcd236f1,ad8657b5b37a6a1fc1cf2054b37cd19a9626e0c26737887a2000bae08d05e483,"{""args"":[],""expected"":11,""exportName"":""main.out"",""warmupCalls"":3,""warmupMs"":1000,""calibrationMs"":100}",transfer,0,6807,0.0449888400176289,306.23903399999995,3.2489149999999967,19.48081099999999,70940,3.3732484349127345,17488,1000.0325249999999,"[{""calls"":3403,""ms"":150.53762400000005},{""calls"":3404,""ms"":155.66136100000017}]","[0.04423673934763445,0.04572895446533495]"
original-program,test-rle-roundtrip-timing,test-rle-roundtrip,phase29,/home/ai/bend2/build/publish/bend/selfhost/build/phase30/final-transfer-plan-17/test-rle-roundtrip-timing/report.json,9c90008c8b62c76a8917626c100716e1a2816929a39aa5050acc3cb3bcd236f1,ad8657b5b37a6a1fc1cf2054b37cd19a9626e0c26737887a2000bae08d05e483,"{""args"":[],""expected"":11,""exportName"":""main.out"",""warmupCalls"":3,""warmupMs"":1000,""calibrationMs"":100}",transfer,1,6807,0.04425972792713382,301.2759679999999,3.1210260000000005,19.389718000000002,70656,-0.7296368289122501,17422,1000.0267249999999,"[{""calls"":3403,""ms"":151.14864999999986},{""calls"":3404,""ms"":150.08990599999993}]","[0.04441629444607695,0.04409221680376026]"
original-program,test-rle-roundtrip-timing,test-rle-roundtrip,phase29,/home/ai/bend2/build/publish/bend/selfhost/build/phase30/final-transfer-plan-17/test-rle-roundtrip-timing/report.json,9c90008c8b62c76a8917626c100716e1a2816929a39aa5050acc3cb3bcd236f1,ad8657b5b37a6a1fc1cf2054b37cd19a9626e0c26737887a2000bae08d05e483,"{""args"":[],""expected"":11,""exportName"":""main.out"",""warmupCalls"":3,""warmupMs"":1000,""calibrationMs"":100}",transfer,2,6807,0.0448301300132217,305.1586950000001,3.1416889999999995,19.392581000000007,71432,-0.08941301968675708,17288,1000.0524739999998,"[{""calls"":3403,""ms"":152.6056990000002},{""calls"":3404,""ms"":152.514054}]","[0.0448444604760506,0.04480436368977673]"
original-program,test-rle-roundtrip-timing,test-rle-roundtrip,phase29,/home/ai/bend2/build/publish/bend/selfhost/build/phase30/final-transfer-plan-17/test-rle-roundtrip-timing/report.json,9c90008c8b62c76a8917626c100716e1a2816929a39aa5050acc3cb3bcd236f1,ad8657b5b37a6a1fc1cf2054b37cd19a9626e0c26737887a2000bae08d05e483,"{""args"":[],""expected"":11,""exportName"":""main.out"",""warmupCalls"":3,""warmupMs"":1000,""calibrationMs"":100}",transfer,3,6807,0.04416027824298518,300.5990140000001,3.217793999999998,19.23124,71508,-0.42619460755297656,17506,1000.0644359999999,"[{""calls"":3403,""ms"":150.57842900000014},{""calls"":3404,""ms"":149.980732}]","[0.044248730238025315,0.04406014453584019]"
original-program,test-rle-roundtrip-timing,test-rle-roundtrip,phase29,/home/ai/bend2/build/publish/bend/selfhost/build/phase30/final-transfer-plan-17/test-rle-roundtrip-timing/report.json,9c90008c8b62c76a8917626c100716e1a2816929a39aa5050acc3cb3bcd236f1,ad8657b5b37a6a1fc1cf2054b37cd19a9626e0c26737887a2000bae08d05e483,"{""args"":[],""expected"":11,""exportName"":""main.out"",""warmupCalls"":3,""warmupMs"":1000,""calibrationMs"":100}",transfer,4,6807,0.04497674540913765,306.156706,3.1903760000000005,19.298273999999992,71512,-0.2785375860219652,17115,1000.0285469999999,"[{""calls"":3403,""ms"":153.2494009999998},{""calls"":3404,""ms"":152.86745199999996}]","[0.04503361769027323,0.04490818213866039]"
original-program,test-rle-roundtrip-timing,test-rle-roundtrip,candidate,/home/ai/bend2/build/publish/bend/selfhost/build/phase30/final-transfer-plan-17/test-rle-roundtrip-timing/report.json,9c90008c8b62c76a8917626c100716e1a2816929a39aa5050acc3cb3bcd236f1,2941abe82d0cd8b06dbe7bbbd0067c92ade9df5fcd3f7fa8b84fbbca07945d69,"{""args"":[],""expected"":11,""exportName"":""main.out"",""warmupCalls"":3,""warmupMs"":1000,""calibrationMs"":100}",transfer,0,6529,0.04562461142594575,297.8830879999998,3.1523310000000038,19.752026,71588,-0.8439123385729386,17060,1000.066932,"[{""calls"":3264,""ms"":149.53014200000007},{""calls"":3265,""ms"":148.31366400000002}]","[0.04581193075980394,0.045425318223583463]"
original-program,test-rle-roundtrip-timing,test-rle-roundtrip,candidate,/home/ai/bend2/build/publish/bend/selfhost/build/phase30/final-transfer-plan-17/test-rle-roundtrip-timing/report.json,9c90008c8b62c76a8917626c100716e1a2816929a39aa5050acc3cb3bcd236f1,2941abe82d0cd8b06dbe7bbbd0067c92ade9df5fcd3f7fa8b84fbbca07945d69,"{""args"":[],""expected"":11,""exportName"":""main.out"",""warmupCalls"":3,""warmupMs"":1000,""calibrationMs"":100}",transfer,1,6529,0.04615950926635014,301.37543600000004,3.1624750000000006,19.659958000000003,71308,0.36872935073579693,16830,1000.034736,"[{""calls"":3264,""ms"":150.36763799999994},{""calls"":3265,""ms"":150.96832600000016}]","[0.04606851654411763,0.046238384686064365]"
original-program,test-rle-roundtrip-timing,test-rle-roundtrip,candidate,/home/ai/bend2/build/publish/bend/selfhost/build/phase30/final-transfer-plan-17/test-rle-roundtrip-timing/report.json,9c90008c8b62c76a8917626c100716e1a2816929a39aa5050acc3cb3bcd236f1,2941abe82d0cd8b06dbe7bbbd0067c92ade9df5fcd3f7fa8b84fbbca07945d69,"{""args"":[],""expected"":11,""exportName"":""main.out"",""warmupCalls"":3,""warmupMs"":1000,""calibrationMs"":100}",transfer,2,6529,0.045727774544340634,298.55664,3.211917999999997,22.168927999999994,71732,-0.12868596290253054,16989,1000.1099029999999,"[{""calls"":3264,""ms"":149.3330480000002},{""calls"":3265,""ms"":149.18657000000007}]","[0.04575154656862751,0.04569267075038287]"
original-program,test-rle-roundtrip-timing,test-rle-roundtrip,candidate,/home/ai/bend2/build/publish/bend/selfhost/build/phase30/final-transfer-plan-17/test-rle-roundtrip-timing/report.json,9c90008c8b62c76a8917626c100716e1a2816929a39aa5050acc3cb3bcd236f1,2941abe82d0cd8b06dbe7bbbd0067c92ade9df5fcd3f7fa8b84fbbca07945d69,"{""args"":[],""expected"":11,""exportName"":""main.out"",""warmupCalls"":3,""warmupMs"":1000,""calibrationMs"":100}",transfer,3,6529,0.04604268616939809,300.61269800000014,3.159378000000004,20.751089999999998,71464,-0.16702111573810852,17068,1000.0551659999999,"[{""calls"":3264,""ms"":150.390261},{""calls"":3265,""ms"":150.18507599999998}]","[0.04607544761029412,0.04599849188361408]"
original-program,test-rle-roundtrip-timing,test-rle-roundtrip,candidate,/home/ai/bend2/build/publish/bend/selfhost/build/phase30/final-transfer-plan-17/test-rle-roundtrip-timing/report.json,9c90008c8b62c76a8917626c100716e1a2816929a39aa5050acc3cb3bcd236f1,2941abe82d0cd8b06dbe7bbbd0067c92ade9df5fcd3f7fa8b84fbbca07945d69,"{""args"":[],""expected"":11,""exportName"":""main.out"",""warmupCalls"":3,""warmupMs"":1000,""calibrationMs"":100}",transfer,4,6529,0.0462335155460254,301.85862299999985,3.2032689999999917,20.610582,71388,-0.2004687392313298,16809,1000.072457,"[{""calls"":3264,""ms"":151.0380929999999},{""calls"":3265,""ms"":150.78149000000008}]","[0.04627392555147056,0.04618116079632468]"
original-program,test-map-set-ops-timing,test-map-set-ops,typescript,/home/ai/bend2/build/publish/bend/selfhost/build/phase30/final-transfer-plan-17/test-map-set-ops-timing/report.json,11b2efa3f439a8daedc4586df6f29e168aedf8bb3bb6adb58b2f8dd5ef8a7e6f,91812e3092688bdc609a2f9f21c1280120b8392eab7cd7148586702bf551e9bf,"{""args"":[],""expected"":11111,""exportName"":""main.out"",""warmupCalls"":3,""warmupMs"":1000,""calibrationMs"":100}",transfer,0,13446,0.02222020533987802,298.77288099999987,5.230414000000003,3.123358000000003,71128,-0.8917392084949682,33400,1000.028779,"[{""calls"":6723,""ms"":149.9345310000001},{""calls"":6723,""ms"":148.59750600000007}]","[0.02230173003123607,0.022102856760374844]"
original-program,test-map-set-ops-timing,test-map-set-ops,typescript,/home/ai/bend2/build/publish/bend/selfhost/build/phase30/final-transfer-plan-17/test-map-set-ops-timing/report.json,11b2efa3f439a8daedc4586df6f29e168aedf8bb3bb6adb58b2f8dd5ef8a7e6f,91812e3092688bdc609a2f9f21c1280120b8392eab7cd7148586702bf551e9bf,"{""args"":[],""expected"":11111,""exportName"":""main.out"",""warmupCalls"":3,""warmupMs"":1000,""calibrationMs"":100}",transfer,1,13446,0.02252730336159453,302.9021210000001,5.449066000000002,3.156949999999995,69240,-1.4197589007843736,32425,1000.043188,"[{""calls"":6723,""ms"":152.41094799999996},{""calls"":6723,""ms"":150.2470800000001}]","[0.022670080023798892,0.022348219544846067]"
original-program,test-map-set-ops-timing,test-map-set-ops,typescript,/home/ai/bend2/build/publish/bend/selfhost/build/phase30/final-transfer-plan-17/test-map-set-ops-timing/report.json,11b2efa3f439a8daedc4586df6f29e168aedf8bb3bb6adb58b2f8dd5ef8a7e6f,91812e3092688bdc609a2f9f21c1280120b8392eab7cd7148586702bf551e9bf,"{""args"":[],""expected"":11111,""exportName"":""main.out"",""warmupCalls"":3,""warmupMs"":1000,""calibrationMs"":100}",transfer,2,13446,0.02309269872080915,310.50442699999985,5.3101780000000005,3.823160999999999,72844,-1.0228411744387045,31433,1000.0373000000001,"[{""calls"":6723,""ms"":155.93887299999983},{""calls"":6723,""ms"":154.34386600000016}]","[0.023194834597649833,0.022957588279042117]"
original-program,test-map-set-ops-timing,test-map-set-ops,typescript,/home/ai/bend2/build/publish/bend/selfhost/build/phase30/final-transfer-plan-17/test-map-set-ops-timing/report.json,11b2efa3f439a8daedc4586df6f29e168aedf8bb3bb6adb58b2f8dd5ef8a7e6f,91812e3092688bdc609a2f9f21c1280120b8392eab7cd7148586702bf551e9bf,"{""args"":[],""expected"":11111,""exportName"":""main.out"",""warmupCalls"":3,""warmupMs"":1000,""calibrationMs"":100}",transfer,3,13446,0.022466873047746538,302.08957499999997,5.236205999999996,3.138387999999999,69088,-1.6900353872447704,33284,1000.042712,"[{""calls"":6723,""ms"":152.20823299999984},{""calls"":6723,""ms"":149.63585999999987}]","[0.022639927562100228,0.022257304774654152]"
original-program,test-map-set-ops-timing,test-map-set-ops,typescript,/home/ai/bend2/build/publish/bend/selfhost/build/phase30/final-transfer-plan-17/test-map-set-ops-timing/report.json,11b2efa3f439a8daedc4586df6f29e168aedf8bb3bb6adb58b2f8dd5ef8a7e6f,91812e3092688bdc609a2f9f21c1280120b8392eab7cd7148586702bf551e9bf,"{""args"":[],""expected"":11111,""exportName"":""main.out"",""warmupCalls"":3,""warmupMs"":1000,""calibrationMs"":100}",transfer,4,13446,0.022142514874312062,297.728255,5.564940000000007,3.229444000000001,70072,-0.28878983512728995,33359,1000.04285,"[{""calls"":6723,""ms"":148.96265300000005},{""calls"":6723,""ms"":148.53246400000012}]","[0.022157169864643767,0.02209318221032279]"
original-program,test-map-set-ops-timing,test-map-set-ops,phase29,/home/ai/bend2/build/publish/bend/selfhost/build/phase30/final-transfer-plan-17/test-map-set-ops-timing/report.json,11b2efa3f439a8daedc4586df6f29e168aedf8bb3bb6adb58b2f8dd5ef8a7e6f,a05e0f45be9d5aa3057c296ea767782798df49f582b4b17d80800589184388e5,"{""args"":[],""expected"":11111,""exportName"":""main.out"",""warmupCalls"":3,""warmupMs"":1000,""calibrationMs"":100}",transfer,0,118,2.302465838983051,271.690969,32.558122,23.267946999999992,75920,38.225222862821106,421,1000.9324899999999,"[{""calls"":59,""ms"":114.02720699999986},{""calls"":59,""ms"":157.61436100000014}]","[1.9326645254237265,2.6714298474576297]"
original-program,test-map-set-ops-timing,test-map-set-ops,phase29,/home/ai/bend2/build/publish/bend/selfhost/build/phase30/final-transfer-plan-17/test-map-set-ops-timing/report.json,11b2efa3f439a8daedc4586df6f29e168aedf8bb3bb6adb58b2f8dd5ef8a7e6f,a05e0f45be9d5aa3057c296ea767782798df49f582b4b17d80800589184388e5,"{""args"":[],""expected"":11111,""exportName"":""main.out"",""warmupCalls"":3,""warmupMs"":1000,""calibrationMs"":100}",transfer,1,118,2.2243345338983054,262.47147500000005,30.96714700000001,22.420546,74108,40.4236780208582,436,1000.8976269999998,"[{""calls"":59,""ms"":109.14920699999993},{""calls"":59,""ms"":153.27133099999992}]","[1.8499865593220328,2.5978191694915242]"
original-program,test-map-set-ops-timing,test-map-set-ops,phase29,/home/ai/bend2/build/publish/bend/selfhost/build/phase30/final-transfer-plan-17/test-map-set-ops-timing/report.json,11b2efa3f439a8daedc4586df6f29e168aedf8bb3bb6adb58b2f8dd5ef8a7e6f,a05e0f45be9d5aa3057c296ea767782798df49f582b4b17d80800589184388e5,"{""args"":[],""expected"":11111,""exportName"":""main.out"",""warmupCalls"":3,""warmupMs"":1000,""calibrationMs"":100}",transfer,2,118,2.2065963559322026,260.3783699999999,30.985591999999997,21.932601999999996,74248,41.797980709542706,433,1000.507703,"[{""calls"":59,""ms"":107.66276800000014},{""calls"":59,""ms"":152.6636309999999}]","[1.8247926779661041,2.587519169491524]"
original-program,test-map-set-ops-timing,test-map-set-ops,phase29,/home/ai/bend2/build/publish/bend/selfhost/build/phase30/final-transfer-plan-17/test-map-set-ops-timing/report.json,11b2efa3f439a8daedc4586df6f29e168aedf8bb3bb6adb58b2f8dd5ef8a7e6f,a05e0f45be9d5aa3057c296ea767782798df49f582b4b17d80800589184388e5,"{""args"":[],""expected"":11111,""exportName"":""main.out"",""warmupCalls"":3,""warmupMs"":1000,""calibrationMs"":100}",transfer,3,118,2.2801413220338977,269.0566759999999,31.079684999999998,21.943392999999993,75488,37.50833546240209,426,1000.7504859999999,"[{""calls"":59,""ms"":113.26156300000002},{""calls"":59,""ms"":155.74408999999991}]","[1.9196875084745766,2.6397303389830493]"
original-program,test-map-set-ops-timing,test-map-set-ops,phase29,/home/ai/bend2/build/publish/bend/selfhost/build/phase30/final-transfer-plan-17/test-map-set-ops-timing/report.json,11b2efa3f439a8daedc4586df6f29e168aedf8bb3bb6adb58b2f8dd5ef8a7e6f,a05e0f45be9d5aa3057c296ea767782798df49f582b4b17d80800589184388e5,"{""args"":[],""expected"":11111,""exportName"":""main.out"",""warmupCalls"":3,""warmupMs"":1000,""calibrationMs"":100}",transfer,4,118,2.2220883050847458,262.20642,30.939800000000005,22.308702000000004,74544,42.17239115762936,436,1000.0165330000001,"[{""calls"":59,""ms"":108.25242000000003},{""calls"":59,""ms"":153.90505399999984}]","[1.8347867796610176,2.608560237288133]"
original-program,test-map-set-ops-timing,test-map-set-ops,candidate,/home/ai/bend2/build/publish/bend/selfhost/build/phase30/final-transfer-plan-17/test-map-set-ops-timing/report.json,11b2efa3f439a8daedc4586df6f29e168aedf8bb3bb6adb58b2f8dd5ef8a7e6f,a01da66a3ed8e8458d219fc2cece4327811c93647462a6f09f409044e4c631c5,"{""args"":[],""expected"":11111,""exportName"":""main.out"",""warmupCalls"":3,""warmupMs"":1000,""calibrationMs"":100}",transfer,0,96,2.1416333125,205.59679800000004,30.652762999999993,22.527793000000003,77104,34.56117472670537,459,1004.504473,"[{""calls"":48,""ms"":87.63338700000008},{""calls"":48,""ms"":117.92051500000002}]","[1.8256955625000018,2.4566773958333337]"
original-program,test-map-set-ops-timing,test-map-set-ops,candidate,/home/ai/bend2/build/publish/bend/selfhost/build/phase30/final-transfer-plan-17/test-map-set-ops-timing/report.json,11b2efa3f439a8daedc4586df6f29e168aedf8bb3bb6adb58b2f8dd5ef8a7e6f,a01da66a3ed8e8458d219fc2cece4327811c93647462a6f09f409044e4c631c5,"{""args"":[],""expected"":11111,""exportName"":""main.out"",""warmupCalls"":3,""warmupMs"":1000,""calibrationMs"":100}",transfer,1,96,1.8534175104166668,177.92808100000002,30.963983,22.575265,74800,8.719596385719154,413,1000.9256079999999,"[{""calls"":48,""ms"":85.22691499999996},{""calls"":48,""ms"":92.65835799999991}]","[1.775560729166666,1.9303824583333313]"
original-program,test-map-set-ops-timing,test-map-set-ops,candidate,/home/ai/bend2/build/publish/bend/selfhost/build/phase30/final-transfer-plan-17/test-map-set-ops-timing/report.json,11b2efa3f439a8daedc4586df6f29e168aedf8bb3bb6adb58b2f8dd5ef8a7e6f,a01da66a3ed8e8458d219fc2cece4327811c93647462a6f09f409044e4c631c5,"{""args"":[],""expected"":11111,""exportName"":""main.out"",""warmupCalls"":3,""warmupMs"":1000,""calibrationMs"":100}",transfer,2,96,2.224893854166666,213.58980999999994,31.109916,22.37645,77908,49.93895671281274,449,1001.5470930000001,"[{""calls"":48,""ms"":85.43937000000005},{""calls"":48,""ms"":128.1069}]","[1.7799868750000012,2.66889375]"
original-program,test-map-set-ops-timing,test-map-set-ops,candidate,/home/ai/bend2/build/publish/bend/selfhost/build/phase30/final-transfer-plan-17/test-map-set-ops-timing/report.json,11b2efa3f439a8daedc4586df6f29e168aedf8bb3bb6adb58b2f8dd5ef8a7e6f,a01da66a3ed8e8458d219fc2cece4327811c93647462a6f09f409044e4c631c5,"{""args"":[],""expected"":11111,""exportName"":""main.out"",""warmupCalls"":3,""warmupMs"":1000,""calibrationMs"":100}",transfer,3,96,2.184096312500001,209.67324600000006,32.073363,22.854612000000003,75108,36.609154489584064,456,1000.077359,"[{""calls"":48,""ms"":88.59764299999983},{""calls"":48,""ms"":121.03249099999994}]","[1.8457842291666633,2.5215102291666653]"
original-program,test-map-set-ops-timing,test-map-set-ops,candidate,/home/ai/bend2/build/publish/bend/selfhost/build/phase30/final-transfer-plan-17/test-map-set-ops-timing/report.json,11b2efa3f439a8daedc4586df6f29e168aedf8bb3bb6adb58b2f8dd5ef8a7e6f,a01da66a3ed8e8458d219fc2cece4327811c93647462a6f09f409044e4c631c5,"{""args"":[],""expected"":11111,""exportName"":""main.out"",""warmupCalls"":3,""warmupMs"":1000,""calibrationMs"":100}",transfer,4,96,2.1193461041666666,203.457226,30.594247999999993,22.273976999999995,76348,36.32104735295867,459,1000.48035,"[{""calls"":48,""ms"":86.07512800000018},{""calls"":48,""ms"":117.33851600000003}]","[1.793231833333337,2.4445524166666672]"
original-program,raytrace-timing,raytrace,typescript,/home/ai/bend2/build/publish/bend/selfhost/build/phase30/final-transfer-plan-17/raytrace-timing/report.json,54261f4b943d62f5402ed7268ab62195271041b14c657e0740e51cf0b754aabf,87bd526f04705416db047a31eb4ccc186f1c90f5c911f57736a3216a7629ddd2,"{""args"":[80,0],""expected"":402971,""exportName"":""bench"",""warmupCalls"":3,""warmupMs"":1000,""calibrationMs"":100}",transfer,0,9,34.363648999999995,309.27284099999997,126.918704,2.4655889999999943,68788,-1.0220390800680157,29,1012.0733479999999,"[{""calls"":4,""ms"":138.22074199999997},{""calls"":5,""ms"":171.01009}]","[34.55518549999999,34.202017999999995]"
original-program,raytrace-timing,raytrace,typescript,/home/ai/bend2/build/publish/bend/selfhost/build/phase30/final-transfer-plan-17/raytrace-timing/report.json,54261f4b943d62f5402ed7268ab62195271041b14c657e0740e51cf0b754aabf,87bd526f04705416db047a31eb4ccc186f1c90f5c911f57736a3216a7629ddd2,"{""args"":[80,0],""expected"":402971,""exportName"":""bench"",""warmupCalls"":3,""warmupMs"":1000,""calibrationMs"":100}",transfer,1,9,34.115671888888905,307.04104700000016,125.201645,2.4203470000000067,69776,-0.8076389771613512,29,1007.1221579999999,"[{""calls"":4,""ms"":137.0596059999998},{""calls"":5,""ms"":169.94082400000002}]","[34.26490149999995,33.98816480000001]"
original-program,raytrace-timing,raytrace,typescript,/home/ai/bend2/build/publish/bend/selfhost/build/phase30/final-transfer-plan-17/raytrace-timing/report.json,54261f4b943d62f5402ed7268ab62195271041b14c657e0740e51cf0b754aabf,87bd526f04705416db047a31eb4ccc186f1c90f5c911f57736a3216a7629ddd2,"{""args"":[80,0],""expected"":402971,""exportName"":""bench"",""warmupCalls"":3,""warmupMs"":1000,""calibrationMs"":100}",transfer,2,9,34.70806566666665,312.37259099999983,124.834114,2.409352999999996,69740,0.6789796983676988,29,1012.67938,"[{""calls"":4,""ms"":138.29055600000015},{""calls"":5,""ms"":174.03690099999994}]","[34.57263900000004,34.80738019999999]"
original-program,raytrace-timing,raytrace,typescript,/home/ai/bend2/build/publish/bend/selfhost/build/phase30/final-transfer-plan-17/raytrace-timing/report.json,54261f4b943d62f5402ed7268ab62195271041b14c657e0740e51cf0b754aabf,87bd526f04705416db047a31eb4ccc186f1c90f5c911f57736a3216a7629ddd2,"{""args"":[80,0],""expected"":402971,""exportName"":""bench"",""warmupCalls"":3,""warmupMs"":1000,""calibrationMs"":100}",transfer,3,9,34.09959500000001,306.8963550000001,125.595632,2.4078079999999957,69748,-0.9272244446544176,29,1009.3628339999999,"[{""calls"":4,""ms"":137.08754199999998},{""calls"":5,""ms"":169.7705410000001}]","[34.271885499999996,33.95410820000002]"
original-program,raytrace-timing,raytrace,typescript,/home/ai/bend2/build/publish/bend/selfhost/build/phase30/final-transfer-plan-17/raytrace-timing/report.json,54261f4b943d62f5402ed7268ab62195271041b14c657e0740e51cf0b754aabf,87bd526f04705416db047a31eb4ccc186f1c90f5c911f57736a3216a7629ddd2,"{""args"":[80,0],""expected"":402971,""exportName"":""bench"",""warmupCalls"":3,""warmupMs"":1000,""calibrationMs"":100}",transfer,4,9,34.106207666666656,306.9558689999999,124.723856,2.441668,69212,-1.3526192017487948,29,1005.361181,"[{""calls"":4,""ms"":137.43990900000017},{""calls"":5,""ms"":169.47608800000012}]","[34.35997725000004,33.895217600000024]"
original-program,raytrace-timing,raytrace,phase29,/home/ai/bend2/build/publish/bend/selfhost/build/phase30/final-transfer-plan-17/raytrace-timing/report.json,54261f4b943d62f5402ed7268ab62195271041b14c657e0740e51cf0b754aabf,52a93a16fe13e01b7e6cbce350d0f22d7fe0c7581ed649482a5002bfa7d3454c,"{""args"":[80,0],""expected"":402971,""exportName"":""bench"",""warmupCalls"":3,""warmupMs"":1000,""calibrationMs"":100}",transfer,0,1,10564.198488000002,10564.198488000002,11467.174106,20.718505,136704,,3,32044.966991999998,"[{""calls"":1,""ms"":10564.162122999995}]",[10564.162122999995]
original-program,raytrace-timing,raytrace,phase29,/home/ai/bend2/build/publish/bend/selfhost/build/phase30/final-transfer-plan-17/raytrace-timing/report.json,54261f4b943d62f5402ed7268ab62195271041b14c657e0740e51cf0b754aabf,52a93a16fe13e01b7e6cbce350d0f22d7fe0c7581ed649482a5002bfa7d3454c,"{""args"":[80,0],""expected"":402971,""exportName"":""bench"",""warmupCalls"":3,""warmupMs"":1000,""calibrationMs"":100}",transfer,1,1,10592.132757,10592.132757,11387.955677,20.351048000000006,135956,,3,31944.80812,"[{""calls"":1,""ms"":10592.098290000002}]",[10592.098290000002]
original-program,raytrace-timing,raytrace,phase29,/home/ai/bend2/build/publish/bend/selfhost/build/phase30/final-transfer-plan-17/raytrace-timing/report.json,54261f4b943d62f5402ed7268ab62195271041b14c657e0740e51cf0b754aabf,52a93a16fe13e01b7e6cbce350d0f22d7fe0c7581ed649482a5002bfa7d3454c,"{""args"":[80,0],""expected"":402971,""exportName"":""bench"",""warmupCalls"":3,""warmupMs"":1000,""calibrationMs"":100}",transfer,2,1,10451.213431000004,10451.213431000004,11355.150684999999,20.347257999999997,134840,,3,31711.157420000003,"[{""calls"":1,""ms"":10451.176767999998}]",[10451.176767999998]
original-program,raytrace-timing,raytrace,phase29,/home/ai/bend2/build/publish/bend/selfhost/build/phase30/final-transfer-plan-17/raytrace-timing/report.json,54261f4b943d62f5402ed7268ab62195271041b14c657e0740e51cf0b754aabf,52a93a16fe13e01b7e6cbce350d0f22d7fe0c7581ed649482a5002bfa7d3454c,"{""args"":[80,0],""expected"":402971,""exportName"":""bench"",""warmupCalls"":3,""warmupMs"":1000,""calibrationMs"":100}",transfer,3,1,10649.646837,10649.646837,11474.719949,20.309362,136780,,3,32135.80741,"[{""calls"":1,""ms"":10649.612615999999}]",[10649.612615999999]
original-program,raytrace-timing,raytrace,phase29,/home/ai/bend2/build/publish/bend/selfhost/build/phase30/final-transfer-plan-17/raytrace-timing/report.json,54261f4b943d62f5402ed7268ab62195271041b14c657e0740e51cf0b754aabf,52a93a16fe13e01b7e6cbce350d0f22d7fe0c7581ed649482a5002bfa7d3454c,"{""args"":[80,0],""expected"":402971,""exportName"":""bench"",""warmupCalls"":3,""warmupMs"":1000,""calibrationMs"":100}",transfer,4,1,10469.997079,10469.997079,11364.726633,20.29062900000001,137088,,3,31757.758746,"[{""calls"":1,""ms"":10469.961080000001}]",[10469.961080000001]
original-program,raytrace-timing,raytrace,candidate,/home/ai/bend2/build/publish/bend/selfhost/build/phase30/final-transfer-plan-17/raytrace-timing/report.json,54261f4b943d62f5402ed7268ab62195271041b14c657e0740e51cf0b754aabf,71b1b2805145aac6831b58b4c1497d1cf824084fcfe59ae24c711c05d182214b,"{""args"":[80,0],""expected"":402971,""exportName"":""bench"",""warmupCalls"":3,""warmupMs"":1000,""calibrationMs"":100}",transfer,0,1,10237.303265000002,10237.303265000002,11024.579488000001,20.515602,135656,,3,30901.495179000005,"[{""calls"":1,""ms"":10237.259289000001}]",[10237.259289000001]
original-program,raytrace-timing,raytrace,candidate,/home/ai/bend2/build/publish/bend/selfhost/build/phase30/final-transfer-plan-17/raytrace-timing/report.json,54261f4b943d62f5402ed7268ab62195271041b14c657e0740e51cf0b754aabf,71b1b2805145aac6831b58b4c1497d1cf824084fcfe59ae24c711c05d182214b,"{""args"":[80,0],""expected"":402971,""exportName"":""bench"",""warmupCalls"":3,""warmupMs"":1000,""calibrationMs"":100}",transfer,1,1,10202.864968000002,10202.864968000002,11060.688693,20.734243000000006,135156,,3,30940.211646999996,"[{""calls"":1,""ms"":10202.829016000003}]",[10202.829016000003]
original-program,raytrace-timing,raytrace,candidate,/home/ai/bend2/build/publish/bend/selfhost/build/phase30/final-transfer-plan-17/raytrace-timing/report.json,54261f4b943d62f5402ed7268ab62195271041b14c657e0740e51cf0b754aabf,71b1b2805145aac6831b58b4c1497d1cf824084fcfe59ae24c711c05d182214b,"{""args"":[80,0],""expected"":402971,""exportName"":""bench"",""warmupCalls"":3,""warmupMs"":1000,""calibrationMs"":100}",transfer,2,1,10220.628344000004,10220.628344000004,11160.659139,20.795662999999998,137460,,3,31061.021380000002,"[{""calls"":1,""ms"":10220.595362}]",[10220.595362]
original-program,raytrace-timing,raytrace,candidate,/home/ai/bend2/build/publish/bend/selfhost/build/phase30/final-transfer-plan-17/raytrace-timing/report.json,54261f4b943d62f5402ed7268ab62195271041b14c657e0740e51cf0b754aabf,71b1b2805145aac6831b58b4c1497d1cf824084fcfe59ae24c711c05d182214b,"{""args"":[80,0],""expected"":402971,""exportName"":""bench"",""warmupCalls"":3,""warmupMs"":1000,""calibrationMs"":100}",transfer,3,1,10175.277896,10175.277896,10997.266612000001,20.478264999999993,138680,,3,30816.909093000002,"[{""calls"":1,""ms"":10175.235153999995}]",[10175.235153999995]
original-program,raytrace-timing,raytrace,candidate,/home/ai/bend2/build/publish/bend/selfhost/build/phase30/final-transfer-plan-17/raytrace-timing/report.json,54261f4b943d62f5402ed7268ab62195271041b14c657e0740e51cf0b754aabf,71b1b2805145aac6831b58b4c1497d1cf824084fcfe59ae24c711c05d182214b,"{""args"":[80,0],""expected"":402971,""exportName"":""bench"",""warmupCalls"":3,""warmupMs"":1000,""calibrationMs"":100}",transfer,4,1,10176.938358,10176.938358,11006.316800999999,20.508886000000004,136884,,3,30871.098335000002,"[{""calls"":1,""ms"":10176.899972}]",[10176.899972]
scalar-helper,scalar-scaling-confirm-17,scalar-region-0,phase29,/home/ai/bend2/build/publish/bend/selfhost/build/phase30/scalar-scaling-confirm-17/report.json,56f270dacba0fca51a645c98c8fbe6c1507facf0e7aaca9e19b6164c8f00f2c7,4f5b099ece772ee85d8f721cb38fa062fdff556f87dc9181b9838450c100c0a4,"{""exportName"":""bench"",""args"":[0,524800],""expected"":0,""warmupCalls"":100,""warmupMs"":3000,""calibrationMs"":50}",confirm,0,183052,0.00168290139413937,308.05846599999995,0.5232750000000124,19.58603500000001,69568,1.4748698711374075,1617846,3000.028019,"[{""calls"":91526,""ms"":152.87999600000012},{""calls"":91526,""ms"":155.1347770000002}]","[0.0016703449948648485,0.001694980409938162]"
scalar-helper,scalar-scaling-confirm-17,scalar-region-0,phase29,/home/ai/bend2/build/publish/bend/selfhost/build/phase30/scalar-scaling-confirm-17/report.json,56f270dacba0fca51a645c98c8fbe6c1507facf0e7aaca9e19b6164c8f00f2c7,4f5b099ece772ee85d8f721cb38fa062fdff556f87dc9181b9838450c100c0a4,"{""exportName"":""bench"",""args"":[0,524800],""expected"":0,""warmupCalls"":100,""warmupMs"":3000,""calibrationMs"":50}",confirm,1,183052,0.00167386903721347,306.4050750000001,0.520087999999987,19.300520000000006,68144,1.5691378090991526,1638338,3000.024761,"[{""calls"":91526,""ms"":151.9893909999996},{""calls"":91526,""ms"":154.37431400000014}]","[0.0016606143718724692,0.0016866716998448544]"
scalar-helper,scalar-scaling-confirm-17,scalar-region-0,phase29,/home/ai/bend2/build/publish/bend/selfhost/build/phase30/scalar-scaling-confirm-17/report.json,56f270dacba0fca51a645c98c8fbe6c1507facf0e7aaca9e19b6164c8f00f2c7,4f5b099ece772ee85d8f721cb38fa062fdff556f87dc9181b9838450c100c0a4,"{""exportName"":""bench"",""args"":[0,524800],""expected"":0,""warmupCalls"":100,""warmupMs"":3000,""calibrationMs"":50}",confirm,2,183052,0.0016789172639468585,307.32916300000034,0.5234590000000026,19.352028000000004,67740,1.5319128831020379,1615445,3000.027525,"[{""calls"":91526,""ms"":152.47498900000028},{""calls"":91526,""ms"":154.8107729999997}]","[0.001665919946244786,0.0016914403885234764]"
scalar-helper,scalar-scaling-confirm-17,scalar-region-0,phase29,/home/ai/bend2/build/publish/bend/selfhost/build/phase30/scalar-scaling-confirm-17/report.json,56f270dacba0fca51a645c98c8fbe6c1507facf0e7aaca9e19b6164c8f00f2c7,4f5b099ece772ee85d8f721cb38fa062fdff556f87dc9181b9838450c100c0a4,"{""exportName"":""bench"",""args"":[0,524800],""expected"":0,""warmupCalls"":100,""warmupMs"":3000,""calibrationMs"":50}",confirm,3,183052,0.0016578854970172414,303.4792560000001,0.5294229999999942,19.166158999999993,69256,0.912030954371601,1647068,3000.02649,"[{""calls"":91526,""ms"":151.02952300000015},{""calls"":91526,""ms"":152.40695899999992}]","[0.0016501269912374643,0.0016651766601839906]"
scalar-helper,scalar-scaling-confirm-17,scalar-region-0,phase29,/home/ai/bend2/build/publish/bend/selfhost/build/phase30/scalar-scaling-confirm-17/report.json,56f270dacba0fca51a645c98c8fbe6c1507facf0e7aaca9e19b6164c8f00f2c7,4f5b099ece772ee85d8f721cb38fa062fdff556f87dc9181b9838450c100c0a4,"{""exportName"":""bench"",""args"":[0,524800],""expected"":0,""warmupCalls"":100,""warmupMs"":3000,""calibrationMs"":50}",confirm,4,183052,0.00167049024867251,305.7865810000003,0.5209389999999985,19.229396,67828,1.4202711137524693,1648862,3000.026082,"[{""calls"":91526,""ms"":151.79355399999986},{""calls"":91526,""ms"":153.9494340000001}]","[0.0016584746847890203,0.0016820295216659759]"
scalar-helper,scalar-scaling-confirm-17,scalar-region-0,typescript,/home/ai/bend2/build/publish/bend/selfhost/build/phase30/scalar-scaling-confirm-17/report.json,56f270dacba0fca51a645c98c8fbe6c1507facf0e7aaca9e19b6164c8f00f2c7,752a5711b92b0ba8b0e146f41e70ac3934e50965f77950d009b5e738320b594a,"{""exportName"":""bench"",""args"":[0,524800],""expected"":0,""warmupCalls"":100,""warmupMs"":3000,""calibrationMs"":50}",confirm,0,1000000,9.719525799999974e-05,97.19525799999974,0.19390699999999583,0.8184739999999948,62500,4.75741015702118,16012034,3000.025943,"[{""calls"":500000,""ms"":47.44842100000005},{""calls"":500000,""ms"":49.70573700000023}]","[9.489684200000011e-05,9.941147400000045e-05]"
scalar-helper,scalar-scaling-confirm-17,scalar-region-0,typescript,/home/ai/bend2/build/publish/bend/selfhost/build/phase30/scalar-scaling-confirm-17/report.json,56f270dacba0fca51a645c98c8fbe6c1507facf0e7aaca9e19b6164c8f00f2c7,752a5711b92b0ba8b0e146f41e70ac3934e50965f77950d009b5e738320b594a,"{""exportName"":""bench"",""args"":[0,524800],""expected"":0,""warmupCalls"":100,""warmupMs"":3000,""calibrationMs"":50}",confirm,1,1000000,9.614882299999999e-05,96.148823,0.1973649999999978,0.8073210000000017,62324,4.86675938621246,15493829,3000.024659,"[{""calls"":500000,""ms"":46.91279800000029},{""calls"":500000,""ms"":49.1959310000002}]","[9.382559600000059e-05,9.83918620000004e-05]"
scalar-helper,scalar-scaling-confirm-17,scalar-region-0,typescript,/home/ai/bend2/build/publish/bend/selfhost/build/phase30/scalar-scaling-confirm-17/report.json,56f270dacba0fca51a645c98c8fbe6c1507facf0e7aaca9e19b6164c8f00f2c7,752a5711b92b0ba8b0e146f41e70ac3934e50965f77950d009b5e738320b594a,"{""exportName"":""bench"",""args"":[0,524800],""expected"":0,""warmupCalls"":100,""warmupMs"":3000,""calibrationMs"":50}",confirm,2,1000000,9.6573484e-05,96.57348400000001,0.19736299999999574,0.8066880000000012,62404,4.881889686903795,16035961,3000.0240630000003,"[{""calls"":500000,""ms"":47.11603800000012},{""calls"":500000,""ms"":49.4161909999998}]","[9.423207600000024e-05,9.88323819999996e-05]"
scalar-helper,scalar-scaling-confirm-17,scalar-region-0,typescript,/home/ai/bend2/build/publish/bend/selfhost/build/phase30/scalar-scaling-confirm-17/report.json,56f270dacba0fca51a645c98c8fbe6c1507facf0e7aaca9e19b6164c8f00f2c7,752a5711b92b0ba8b0e146f41e70ac3934e50965f77950d009b5e738320b594a,"{""exportName"":""bench"",""args"":[0,524800],""expected"":0,""warmupCalls"":100,""warmupMs"":3000,""calibrationMs"":50}",confirm,3,1000000,9.646839199999976e-05,96.46839199999977,0.19489199999999585,0.8139590000000041,62444,3.4494911357811686,16078622,3000.024764,"[{""calls"":500000,""ms"":47.396729999999934},{""calls"":500000,""ms"":49.03167600000006}]","[9.479345999999987e-05,9.806335200000012e-05]"
scalar-helper,scalar-scaling-confirm-17,scalar-region-0,typescript,/home/ai/bend2/build/publish/bend/selfhost/build/phase30/scalar-scaling-confirm-17/report.json,56f270dacba0fca51a645c98c8fbe6c1507facf0e7aaca9e19b6164c8f00f2c7,752a5711b92b0ba8b0e146f41e70ac3934e50965f77950d009b5e738320b594a,"{""exportName"":""bench"",""args"":[0,524800],""expected"":0,""warmupCalls"":100,""warmupMs"":3000,""calibrationMs"":50}",confirm,4,1000000,9.752325599999995e-05,97.52325599999995,0.20617900000000589,0.814036999999999,62572,3.281329009339329,16039852,3000.0278540000004,"[{""calls"":500000,""ms"":47.953191999999945},{""calls"":500000,""ms"":49.526694000000134}]","[9.590638399999989e-05,9.905338800000027e-05]"
scalar-helper,scalar-scaling-confirm-17,scalar-region-0,candidate,/home/ai/bend2/build/publish/bend/selfhost/build/phase30/scalar-scaling-confirm-17/report.json,56f270dacba0fca51a645c98c8fbe6c1507facf0e7aaca9e19b6164c8f00f2c7,f6f6284972176fe8e03539b07fcb4e39a3ff92dac851833f1574ca3f273737b4,"{""exportName"":""bench"",""args"":[0,524800],""expected"":0,""warmupCalls"":100,""warmupMs"":3000,""calibrationMs"":50}",confirm,0,68556,0.004531073283155381,310.6322600000003,0.7933239999999984,20.009957999999997,70544,2.353598677040014,633003,3000.0255159999997,"[{""calls"":34278,""ms"":153.4885720000002},{""calls"":34278,""ms"":157.1010769999998}]","[0.0044777575121068966,0.004583145953672904]"
scalar-helper,scalar-scaling-confirm-17,scalar-region-0,candidate,/home/ai/bend2/build/publish/bend/selfhost/build/phase30/scalar-scaling-confirm-17/report.json,56f270dacba0fca51a645c98c8fbe6c1507facf0e7aaca9e19b6164c8f00f2c7,f6f6284972176fe8e03539b07fcb4e39a3ff92dac851833f1574ca3f273737b4,"{""exportName"":""bench"",""args"":[0,524800],""expected"":0,""warmupCalls"":100,""warmupMs"":3000,""calibrationMs"":50}",confirm,1,68556,0.004560178233852617,312.62757899999997,0.8272730000000053,19.773024999999997,73212,1.8152373589589432,623952,3000.026911,"[{""calls"":34278,""ms"":154.88690700000006},{""calls"":34278,""ms"":157.69847200000004}]","[0.004518551461578857,0.004600573895793221]"
scalar-helper,scalar-scaling-confirm-17,scalar-region-0,candidate,/home/ai/bend2/build/publish/bend/selfhost/build/phase30/scalar-scaling-confirm-17/report.json,56f270dacba0fca51a645c98c8fbe6c1507facf0e7aaca9e19b6164c8f00f2c7,f6f6284972176fe8e03539b07fcb4e39a3ff92dac851833f1574ca3f273737b4,"{""exportName"":""bench"",""args"":[0,524800],""expected"":0,""warmupCalls"":100,""warmupMs"":3000,""calibrationMs"":50}",confirm,2,68556,0.004519394597117691,309.8316160000004,0.7920819999999935,19.640704999999997,68588,1.3022691269765962,637064,3000.0257,"[{""calls"":34278,""ms"":153.8907710000003},{""calls"":34278,""ms"":155.89484299999958}]","[0.00448949095629851,0.0045479562109807916]"
scalar-helper,scalar-scaling-confirm-17,scalar-region-0,candidate,/home/ai/bend2/build/publish/bend/selfhost/build/phase30/scalar-scaling-confirm-17/report.json,56f270dacba0fca51a645c98c8fbe6c1507facf0e7aaca9e19b6164c8f00f2c7,f6f6284972176fe8e03539b07fcb4e39a3ff92dac851833f1574ca3f273737b4,"{""exportName"":""bench"",""args"":[0,524800],""expected"":0,""warmupCalls"":100,""warmupMs"":3000,""calibrationMs"":50}",confirm,3,68556,0.00452252328023805,310.0461059999998,0.7888409999999908,19.989425999999995,68528,1.4367246500035735,635401,3000.0269310000003,"[{""calls"":34278,""ms"":153.89622499999996},{""calls"":34278,""ms"":156.10728999999992}]","[0.00448965006709843,0.004554153976311335]"
scalar-helper,scalar-scaling-confirm-17,scalar-region-0,candidate,/home/ai/bend2/build/publish/bend/selfhost/build/phase30/scalar-scaling-confirm-17/report.json,56f270dacba0fca51a645c98c8fbe6c1507facf0e7aaca9e19b6164c8f00f2c7,f6f6284972176fe8e03539b07fcb4e39a3ff92dac851833f1574ca3f273737b4,"{""exportName"":""bench"",""args"":[0,524800],""expected"":0,""warmupCalls"":100,""warmupMs"":3000,""calibrationMs"":50}",confirm,4,68556,0.004518745842814632,309.7871399999999,0.796204000000003,19.949805999999995,67208,1.6726853718576518,625861,3000.027623,"[{""calls"":34278,""ms"":153.58674399999973},{""calls"":34278,""ms"":156.1557670000002}]","[0.004480621506505623,0.004555568207013251]"
scalar-helper,scalar-scaling-confirm-17,scalar-region-128,phase29,/home/ai/bend2/build/publish/bend/selfhost/build/phase30/scalar-scaling-confirm-17/report.json,56f270dacba0fca51a645c98c8fbe6c1507facf0e7aaca9e19b6164c8f00f2c7,4f5b099ece772ee85d8f721cb38fa062fdff556f87dc9181b9838450c100c0a4,"{""exportName"":""bench"",""args"":[128,524800],""expected"":128,""warmupCalls"":100,""warmupMs"":3000,""calibrationMs"":50}",confirm,0,749,0.40122847663551403,300.520129,6.415316000000004,19.160286,73360,0.2631831803791229,7202,3000.0318540000003,"[{""calls"":374,""ms"":149.84191800000008},{""calls"":375,""ms"":150.6379780000002}]","[0.4006468395721927,0.4017012746666672]"
scalar-helper,scalar-scaling-confirm-17,scalar-region-128,phase29,/home/ai/bend2/build/publish/bend/selfhost/build/phase30/scalar-scaling-confirm-17/report.json,56f270dacba0fca51a645c98c8fbe6c1507facf0e7aaca9e19b6164c8f00f2c7,4f5b099ece772ee85d8f721cb38fa062fdff556f87dc9181b9838450c100c0a4,"{""exportName"":""bench"",""args"":[128,524800],""expected"":128,""warmupCalls"":100,""warmupMs"":3000,""calibrationMs"":50}",confirm,1,749,0.4019910761014686,301.091316,6.396889000000002,19.241279,73120,-0.9709504065789964,7174,3000.335178,"[{""calls"":374,""ms"":151.05792599999995},{""calls"":375,""ms"":149.9912049999998}]","[0.4038981978609624,0.39997654666666616]"
scalar-helper,scalar-scaling-confirm-17,scalar-region-128,phase29,/home/ai/bend2/build/publish/bend/selfhost/build/phase30/scalar-scaling-confirm-17/report.json,56f270dacba0fca51a645c98c8fbe6c1507facf0e7aaca9e19b6164c8f00f2c7,4f5b099ece772ee85d8f721cb38fa062fdff556f87dc9181b9838450c100c0a4,"{""exportName"":""bench"",""args"":[128,524800],""expected"":128,""warmupCalls"":100,""warmupMs"":3000,""calibrationMs"":50}",confirm,2,749,0.3945028224299066,295.482614,6.355788000000004,19.380193,71152,-0.9053440034884508,7277,3000.304536,"[{""calls"":374,""ms"":148.19490700000006},{""calls"":375,""ms"":147.24588900000026}]","[0.39624306684491994,0.3926557040000007]"
scalar-helper,scalar-scaling-confirm-17,scalar-region-128,phase29,/home/ai/bend2/build/publish/bend/selfhost/build/phase30/scalar-scaling-confirm-17/report.json,56f270dacba0fca51a645c98c8fbe6c1507facf0e7aaca9e19b6164c8f00f2c7,4f5b099ece772ee85d8f721cb38fa062fdff556f87dc9181b9838450c100c0a4,"{""exportName"":""bench"",""args"":[128,524800],""expected"":128,""warmupCalls"":100,""warmupMs"":3000,""calibrationMs"":50}",confirm,3,749,0.40313132576769,301.9453629999998,6.339517999999998,19.225579000000003,71564,-2.799437187720466,7249,3000.249542,"[{""calls"":374,""ms"":152.88839599999983},{""calls"":375,""ms"":149.00572999999986}]","[0.40879250267379635,0.39734861333333293]"
scalar-helper,scalar-scaling-confirm-17,scalar-region-128,phase29,/home/ai/bend2/build/publish/bend/selfhost/build/phase30/scalar-scaling-confirm-17/report.json,56f270dacba0fca51a645c98c8fbe6c1507facf0e7aaca9e19b6164c8f00f2c7,4f5b099ece772ee85d8f721cb38fa062fdff556f87dc9181b9838450c100c0a4,"{""exportName"":""bench"",""args"":[128,524800],""expected"":128,""warmupCalls"":100,""warmupMs"":3000,""calibrationMs"":50}",confirm,4,749,0.3914630400534046,293.205817,6.352471999999992,19.521009999999997,70912,-0.14606702782120617,7266,3000.17758,"[{""calls"":374,""ms"":146.4934890000004},{""calls"":375,""ms"":146.67063199999984}]","[0.39169382085561605,0.3911216853333329]"
scalar-helper,scalar-scaling-confirm-17,scalar-region-128,typescript,/home/ai/bend2/build/publish/bend/selfhost/build/phase30/scalar-scaling-confirm-17/report.json,56f270dacba0fca51a645c98c8fbe6c1507facf0e7aaca9e19b6164c8f00f2c7,752a5711b92b0ba8b0e146f41e70ac3934e50965f77950d009b5e738320b594a,"{""exportName"":""bench"",""args"":[128,524800],""expected"":128,""warmupCalls"":100,""warmupMs"":3000,""calibrationMs"":50}",confirm,0,180454,0.0017011829940040116,306.9852759999999,0.7372039999999984,0.8091740000000058,63556,0.3862739669320714,1694133,3000.02641,"[{""calls"":90227,""ms"":153.17599700000028},{""calls"":90227,""ms"":153.76767599999994}]","[0.001697673612111677,0.0017042312833187398]"
scalar-helper,scalar-scaling-confirm-17,scalar-region-128,typescript,/home/ai/bend2/build/publish/bend/selfhost/build/phase30/scalar-scaling-confirm-17/report.json,56f270dacba0fca51a645c98c8fbe6c1507facf0e7aaca9e19b6164c8f00f2c7,752a5711b92b0ba8b0e146f41e70ac3934e50965f77950d009b5e738320b594a,"{""exportName"":""bench"",""args"":[128,524800],""expected"":128,""warmupCalls"":100,""warmupMs"":3000,""calibrationMs"":50}",confirm,1,180454,0.001699348709366377,306.6542720000002,0.7371049999999997,0.8104580000000041,61528,1.1305336606342031,1693472,3000.0275450000004,"[{""calls"":90227,""ms"":152.446058},{""calls"":90227,""ms"":154.16951199999994}]","[0.0016895835836279606,0.0017086848947654243]"
scalar-helper,scalar-scaling-confirm-17,scalar-region-128,typescript,/home/ai/bend2/build/publish/bend/selfhost/build/phase30/scalar-scaling-confirm-17/report.json,56f270dacba0fca51a645c98c8fbe6c1507facf0e7aaca9e19b6164c8f00f2c7,752a5711b92b0ba8b0e146f41e70ac3934e50965f77950d009b5e738320b594a,"{""exportName"":""bench"",""args"":[128,524800],""expected"":128,""warmupCalls"":100,""warmupMs"":3000,""calibrationMs"":50}",confirm,2,180454,0.0016998474625112199,306.7442739999997,0.7284259999999989,0.8054929999999985,62772,1.0177592613223485,1692383,3000.026398,"[{""calls"":90227,""ms"":152.5741949999997},{""calls"":90227,""ms"":154.1270330000002}]","[0.0016910037461070376,0.00170821409334235]"
scalar-helper,scalar-scaling-confirm-17,scalar-region-128,typescript,/home/ai/bend2/build/publish/bend/selfhost/build/phase30/scalar-scaling-confirm-17/report.json,56f270dacba0fca51a645c98c8fbe6c1507facf0e7aaca9e19b6164c8f00f2c7,752a5711b92b0ba8b0e146f41e70ac3934e50965f77950d009b5e738320b594a,"{""exportName"":""bench"",""args"":[128,524800],""expected"":128,""warmupCalls"":100,""warmupMs"":3000,""calibrationMs"":50}",confirm,3,180454,0.001697208867633857,306.26812900000004,0.7350059999999985,0.8099980000000002,62856,1.4318689898970227,1690015,3000.025383,"[{""calls"":90227,""ms"":152.0261989999999},{""calls"":90227,""ms"":154.20301500000005}]","[0.0016849302204439902,0.0017090562137719314]"
scalar-helper,scalar-scaling-confirm-17,scalar-region-128,typescript,/home/ai/bend2/build/publish/bend/selfhost/build/phase30/scalar-scaling-confirm-17/report.json,56f270dacba0fca51a645c98c8fbe6c1507facf0e7aaca9e19b6164c8f00f2c7,752a5711b92b0ba8b0e146f41e70ac3934e50965f77950d009b5e738320b594a,"{""exportName"":""bench"",""args"":[128,524800],""expected"":128,""warmupCalls"":100,""warmupMs"":3000,""calibrationMs"":50}",confirm,4,180454,0.0016980316590377597,306.4166049999999,0.7402200000000008,0.8175600000000003,64648,1.0343412366695448,1688146,3000.026648,"[{""calls"":90227,""ms"":152.399899},{""calls"":90227,""ms"":153.97623399999975}]","[0.001689071996187394,0.0017065427643609978]"
scalar-helper,scalar-scaling-confirm-17,scalar-region-128,candidate,/home/ai/bend2/build/publish/bend/selfhost/build/phase30/scalar-scaling-confirm-17/report.json,56f270dacba0fca51a645c98c8fbe6c1507facf0e7aaca9e19b6164c8f00f2c7,f6f6284972176fe8e03539b07fcb4e39a3ff92dac851833f1574ca3f273737b4,"{""exportName"":""bench"",""args"":[128,524800],""expected"":128,""warmupCalls"":100,""warmupMs"":3000,""calibrationMs"":50}",confirm,0,44444,0.006929447731977316,307.97237499999983,1.4297140000000041,20.798400000000008,70484,1.5052969220164636,436096,3000.030855,"[{""calls"":22222,""ms"":152.81091500000002},{""calls"":22222,""ms"":155.11117300000024}]","[0.006876559940599407,0.0069800725857258675]"
scalar-helper,scalar-scaling-confirm-17,scalar-region-128,candidate,/home/ai/bend2/build/publish/bend/selfhost/build/phase30/scalar-scaling-confirm-17/report.json,56f270dacba0fca51a645c98c8fbe6c1507facf0e7aaca9e19b6164c8f00f2c7,f6f6284972176fe8e03539b07fcb4e39a3ff92dac851833f1574ca3f273737b4,"{""exportName"":""bench"",""args"":[128,524800],""expected"":128,""warmupCalls"":100,""warmupMs"":3000,""calibrationMs"":50}",confirm,1,44444,0.006964918279182791,309.54882799999996,1.408968999999999,19.638849999999998,70596,1.0548618552620903,435804,3000.026524,"[{""calls"":22222,""ms"":153.93655500000023},{""calls"":22222,""ms"":155.5603729999998}]","[0.006927214247142482,0.0070002867878678696]"
scalar-helper,scalar-scaling-confirm-17,scalar-region-128,candidate,/home/ai/bend2/build/publish/bend/selfhost/build/phase30/scalar-scaling-confirm-17/report.json,56f270dacba0fca51a645c98c8fbe6c1507facf0e7aaca9e19b6164c8f00f2c7,f6f6284972176fe8e03539b07fcb4e39a3ff92dac851833f1574ca3f273737b4,"{""exportName"":""bench"",""args"":[128,524800],""expected"":128,""warmupCalls"":100,""warmupMs"":3000,""calibrationMs"":50}",confirm,2,44444,0.006996886666366662,310.96963099999994,1.3993430000000018,19.65116100000001,70752,2.2446784209282367,433525,3000.0280759999996,"[{""calls"":22222,""ms"":153.73453800000016},{""calls"":22222,""ms"":157.18538399999989}]","[0.006918123391233919,0.007073413014130136]"
scalar-helper,scalar-scaling-confirm-17,scalar-region-128,candidate,/home/ai/bend2/build/publish/bend/selfhost/build/phase30/scalar-scaling-confirm-17/report.json,56f270dacba0fca51a645c98c8fbe6c1507facf0e7aaca9e19b6164c8f00f2c7,f6f6284972176fe8e03539b07fcb4e39a3ff92dac851833f1574ca3f273737b4,"{""exportName"":""bench"",""args"":[128,524800],""expected"":128,""warmupCalls"":100,""warmupMs"":3000,""calibrationMs"":50}",confirm,3,44444,0.00699205982809828,310.75510699999995,1.4247150000000062,19.911476,68772,0.839982335390066,434757,3000.027551,"[{""calls"":22222,""ms"":154.7025389999999},{""calls"":22222,""ms"":156.0020129999998}]","[0.006961683871838713,0.007020160786607857]"
scalar-helper,scalar-scaling-confirm-17,scalar-region-128,candidate,/home/ai/bend2/build/publish/bend/selfhost/build/phase30/scalar-scaling-confirm-17/report.json,56f270dacba0fca51a645c98c8fbe6c1507facf0e7aaca9e19b6164c8f00f2c7,f6f6284972176fe8e03539b07fcb4e39a3ff92dac851833f1574ca3f273737b4,"{""exportName"":""bench"",""args"":[128,524800],""expected"":128,""warmupCalls"":100,""warmupMs"":3000,""calibrationMs"":50}",confirm,4,44444,0.007180025830258297,319.10906799999975,1.4933679999999896,19.614998000000007,70084,2.402357373204156,437346,3000.029379,"[{""calls"":22222,""ms"":157.63545599999998},{""calls"":22222,""ms"":161.42242299999998}]","[0.007093666456664566,0.007264081675816757]"
scalar-helper,scalar-scaling-confirm-17,scalar-region-1024,phase29,/home/ai/bend2/build/publish/bend/selfhost/build/phase30/scalar-scaling-confirm-17/report.json,56f270dacba0fca51a645c98c8fbe6c1507facf0e7aaca9e19b6164c8f00f2c7,4f5b099ece772ee85d8f721cb38fa062fdff556f87dc9181b9838450c100c0a4,"{""exportName"":""bench"",""args"":[1024,524800],""expected"":1024,""warmupCalls"":100,""warmupMs"":3000,""calibrationMs"":50}",confirm,0,91,3.226702956043957,293.6299690000001,29.787787999999992,19.372483000000003,71308,-2.3067037605754126,905,3002.8420739999997,"[{""calls"":45,""ms"":146.89230699999962},{""calls"":46,""ms"":146.69291299999986}]","[3.2642734888888802,3.1889763695652142]"
scalar-helper,scalar-scaling-confirm-17,scalar-region-1024,phase29,/home/ai/bend2/build/publish/bend/selfhost/build/phase30/scalar-scaling-confirm-17/report.json,56f270dacba0fca51a645c98c8fbe6c1507facf0e7aaca9e19b6164c8f00f2c7,4f5b099ece772ee85d8f721cb38fa062fdff556f87dc9181b9838450c100c0a4,"{""exportName"":""bench"",""args"":[1024,524800],""expected"":1024,""warmupCalls"":100,""warmupMs"":3000,""calibrationMs"":50}",confirm,1,91,3.2020285494505454,291.38459799999964,30.00681999999999,20.344857999999995,73712,-2.003262740944689,908,3003.229213,"[{""calls"":45,""ms"":145.54306099999985},{""calls"":46,""ms"":145.79694999999992}]","[3.2342902444444412,3.1694989130434768]"
scalar-helper,scalar-scaling-confirm-17,scalar-region-1024,phase29,/home/ai/bend2/build/publish/bend/selfhost/build/phase30/scalar-scaling-confirm-17/report.json,56f270dacba0fca51a645c98c8fbe6c1507facf0e7aaca9e19b6164c8f00f2c7,4f5b099ece772ee85d8f721cb38fa062fdff556f87dc9181b9838450c100c0a4,"{""exportName"":""bench"",""args"":[1024,524800],""expected"":1024,""warmupCalls"":100,""warmupMs"":3000,""calibrationMs"":50}",confirm,2,91,3.2793676263736264,298.422454,29.867852,19.310342,71424,-1.9405941827102646,898,3001.956618,"[{""calls"":45,""ms"":149.010671},{""calls"":46,""ms"":149.36606699999993}]","[3.3113482444444444,3.247088413043477]"
scalar-helper,scalar-scaling-confirm-17,scalar-region-1024,phase29,/home/ai/bend2/build/publish/bend/selfhost/build/phase30/scalar-scaling-confirm-17/report.json,56f270dacba0fca51a645c98c8fbe6c1507facf0e7aaca9e19b6164c8f00f2c7,4f5b099ece772ee85d8f721cb38fa062fdff556f87dc9181b9838450c100c0a4,"{""exportName"":""bench"",""args"":[1024,524800],""expected"":1024,""warmupCalls"":100,""warmupMs"":3000,""calibrationMs"":50}",confirm,3,91,3.2167801648351646,292.726995,29.750256000000007,19.200480999999996,73864,-3.255687425360776,902,3003.249404,"[{""calls"":45,""ms"":147.15488099999993},{""calls"":46,""ms"":145.52762200000006}]","[3.2701084666666653,3.1636439565217405]"
scalar-helper,scalar-scaling-confirm-17,scalar-region-1024,phase29,/home/ai/bend2/build/publish/bend/selfhost/build/phase30/scalar-scaling-confirm-17/report.json,56f270dacba0fca51a645c98c8fbe6c1507facf0e7aaca9e19b6164c8f00f2c7,4f5b099ece772ee85d8f721cb38fa062fdff556f87dc9181b9838450c100c0a4,"{""exportName"":""bench"",""args"":[1024,524800],""expected"":1024,""warmupCalls"":100,""warmupMs"":3000,""calibrationMs"":50}",confirm,4,91,3.250540120879118,295.7991509999997,29.940792000000002,19.473326999999998,70896,-2.9841149858472416,897,3001.229199,"[{""calls"":45,""ms"":148.49184399999967},{""calls"":46,""ms"":147.262025}]","[3.2998187555555485,3.2013483695652174]"
scalar-helper,scalar-scaling-confirm-17,scalar-region-1024,typescript,/home/ai/bend2/build/publish/bend/selfhost/build/phase30/scalar-scaling-confirm-17/report.json,56f270dacba0fca51a645c98c8fbe6c1507facf0e7aaca9e19b6164c8f00f2c7,752a5711b92b0ba8b0e146f41e70ac3934e50965f77950d009b5e738320b594a,"{""exportName"":""bench"",""args"":[1024,524800],""expected"":1024,""warmupCalls"":100,""warmupMs"":3000,""calibrationMs"":50}",confirm,0,23935,0.012910797576770425,309.01994000000013,6.6099359999999905,0.82911,64652,1.7341633255162803,237237,3000.028416,"[{""calls"":11967,""ms"":153.15483399999994},{""calls"":11968,""ms"":155.82380899999998}]","[0.012798097601738109,0.01302003751671123]"
scalar-helper,scalar-scaling-confirm-17,scalar-region-1024,typescript,/home/ai/bend2/build/publish/bend/selfhost/build/phase30/scalar-scaling-confirm-17/report.json,56f270dacba0fca51a645c98c8fbe6c1507facf0e7aaca9e19b6164c8f00f2c7,752a5711b92b0ba8b0e146f41e70ac3934e50965f77950d009b5e738320b594a,"{""exportName"":""bench"",""args"":[1024,524800],""expected"":1024,""warmupCalls"":100,""warmupMs"":3000,""calibrationMs"":50}",confirm,1,23935,0.012871080050135784,308.069301,6.562978000000001,0.8200849999999988,64512,0.3209451553179976,236827,3000.040682,"[{""calls"":11967,""ms"":153.76237600000013},{""calls"":11968,""ms"":154.26875900000005}]","[0.012848865714046974,0.012890103526069523]"
scalar-helper,scalar-scaling-confirm-17,scalar-region-1024,typescript,/home/ai/bend2/build/publish/bend/selfhost/build/phase30/scalar-scaling-confirm-17/report.json,56f270dacba0fca51a645c98c8fbe6c1507facf0e7aaca9e19b6164c8f00f2c7,752a5711b92b0ba8b0e146f41e70ac3934e50965f77950d009b5e738320b594a,"{""exportName"":""bench"",""args"":[1024,524800],""expected"":1024,""warmupCalls"":100,""warmupMs"":3000,""calibrationMs"":50}",confirm,2,23935,0.012881186379778552,308.31119599999965,6.597308000000005,0.8146440000000013,64524,0.13541833886392407,235961,3000.0361759999996,"[{""calls"":11967,""ms"":154.02267900000015},{""calls"":11968,""ms"":154.244142}]","[0.012870617447981963,0.012888046624331552]"
scalar-helper,scalar-scaling-confirm-17,scalar-region-1024,typescript,/home/ai/bend2/build/publish/bend/selfhost/build/phase30/scalar-scaling-confirm-17/report.json,56f270dacba0fca51a645c98c8fbe6c1507facf0e7aaca9e19b6164c8f00f2c7,752a5711b92b0ba8b0e146f41e70ac3934e50965f77950d009b5e738320b594a,"{""exportName"":""bench"",""args"":[1024,524800],""expected"":1024,""warmupCalls"":100,""warmupMs"":3000,""calibrationMs"":50}",confirm,3,23935,0.01302439991644036,311.739012,6.639032,0.8449880000000007,62556,-1.7046743153361854,236385,3000.0224000000003,"[{""calls"":11967,""ms"":157.18374099999983},{""calls"":11968,""ms"":154.51718100000016}]","[0.013134765688978008,0.01291086071189841]"
scalar-helper,scalar-scaling-confirm-17,scalar-region-1024,typescript,/home/ai/bend2/build/publish/bend/selfhost/build/phase30/scalar-scaling-confirm-17/report.json,56f270dacba0fca51a645c98c8fbe6c1507facf0e7aaca9e19b6164c8f00f2c7,752a5711b92b0ba8b0e146f41e70ac3934e50965f77950d009b5e738320b594a,"{""exportName"":""bench"",""args"":[1024,524800],""expected"":1024,""warmupCalls"":100,""warmupMs"":3000,""calibrationMs"":50}",confirm,4,23935,0.012922716607478586,309.30522199999996,6.653989000000003,0.8529380000000018,62644,0.445881952967464,236500,3000.033828,"[{""calls"":11967,""ms"":154.28125899999986},{""calls"":11968,""ms"":154.982121}]","[0.012892225202640583,0.012949709308155082]"
scalar-helper,scalar-scaling-confirm-17,scalar-region-1024,candidate,/home/ai/bend2/build/publish/bend/selfhost/build/phase30/scalar-scaling-confirm-17/report.json,56f270dacba0fca51a645c98c8fbe6c1507facf0e7aaca9e19b6164c8f00f2c7,f6f6284972176fe8e03539b07fcb4e39a3ff92dac851833f1574ca3f273737b4,"{""exportName"":""bench"",""args"":[1024,524800],""expected"":1024,""warmupCalls"":100,""warmupMs"":3000,""calibrationMs"":50}",confirm,0,13882,0.02204205193776112,305.98776499999985,6.518951000000001,19.795452000000004,68856,-1.4550399198064778,136341,3000.038519,"[{""calls"":6941,""ms"":153.64403200000015},{""calls"":6941,""ms"":151.4084499999999}]","[0.022135719925082863,0.02181363636363635]"
scalar-helper,scalar-scaling-confirm-17,scalar-region-1024,candidate,/home/ai/bend2/build/publish/bend/selfhost/build/phase30/scalar-scaling-confirm-17/report.json,56f270dacba0fca51a645c98c8fbe6c1507facf0e7aaca9e19b6164c8f00f2c7,f6f6284972176fe8e03539b07fcb4e39a3ff92dac851833f1574ca3f273737b4,"{""exportName"":""bench"",""args"":[1024,524800],""expected"":1024,""warmupCalls"":100,""warmupMs"":3000,""calibrationMs"":50}",confirm,1,13882,0.021944509292609146,304.63367800000015,6.522976999999997,19.798378000000007,70908,-1.8416871987169459,134675,3000.0375360000003,"[{""calls"":6941,""ms"":153.235631},{""calls"":6941,""ms"":150.41350999999986}]","[0.0220768809969745,0.021670293905777245]"
scalar-helper,scalar-scaling-confirm-17,scalar-region-1024,candidate,/home/ai/bend2/build/publish/bend/selfhost/build/phase30/scalar-scaling-confirm-17/report.json,56f270dacba0fca51a645c98c8fbe6c1507facf0e7aaca9e19b6164c8f00f2c7,f6f6284972176fe8e03539b07fcb4e39a3ff92dac851833f1574ca3f273737b4,"{""exportName"":""bench"",""args"":[1024,524800],""expected"":1024,""warmupCalls"":100,""warmupMs"":3000,""calibrationMs"":50}",confirm,2,13882,0.021931844330788076,304.4578630000001,6.415469000000002,19.781959000000008,70860,-1.065605643873846,136725,3000.028453,"[{""calls"":6941,""ms"":152.57605000000012},{""calls"":6941,""ms"":150.95019100000036}]","[0.02198185419968306,0.02174761432070312]"
scalar-helper,scalar-scaling-confirm-17,scalar-region-1024,candidate,/home/ai/bend2/build/publish/bend/selfhost/build/phase30/scalar-scaling-confirm-17/report.json,56f270dacba0fca51a645c98c8fbe6c1507facf0e7aaca9e19b6164c8f00f2c7,f6f6284972176fe8e03539b07fcb4e39a3ff92dac851833f1574ca3f273737b4,"{""exportName"":""bench"",""args"":[1024,524800],""expected"":1024,""warmupCalls"":100,""warmupMs"":3000,""calibrationMs"":50}",confirm,3,13882,0.022204770566200818,308.24662499999977,6.407048000000003,19.694607999999995,68804,-0.5424337783704214,134219,3000.025748,"[{""calls"":6941,""ms"":154.06839200000013},{""calls"":6941,""ms"":153.23267299999998}]","[0.022196858089612467,0.02207645483359746]"
scalar-helper,scalar-scaling-confirm-17,scalar-region-1024,candidate,/home/ai/bend2/build/publish/bend/selfhost/build/phase30/scalar-scaling-confirm-17/report.json,56f270dacba0fca51a645c98c8fbe6c1507facf0e7aaca9e19b6164c8f00f2c7,f6f6284972176fe8e03539b07fcb4e39a3ff92dac851833f1574ca3f273737b4,"{""exportName"":""bench"",""args"":[1024,524800],""expected"":1024,""warmupCalls"":100,""warmupMs"":3000,""calibrationMs"":50}",confirm,4,13882,0.022204082264803353,308.23707000000013,6.321184000000002,19.952510000000004,68932,-0.09193558224566134,133737,3000.032923,"[{""calls"":6941,""ms"":153.707625},{""calls"":6941,""ms"":153.56631300000026}]","[0.022144881861403256,0.02212452283532636]"
scalar-helper,scalar-scaling-confirm-17,scalar-region-8192,phase29,/home/ai/bend2/build/publish/bend/selfhost/build/phase30/scalar-scaling-confirm-17/report.json,56f270dacba0fca51a645c98c8fbe6c1507facf0e7aaca9e19b6164c8f00f2c7,4f5b099ece772ee85d8f721cb38fa062fdff556f87dc9181b9838450c100c0a4,"{""exportName"":""bench"",""args"":[8192,524800],""expected"":8192,""warmupCalls"":100,""warmupMs"":3000,""calibrationMs"":50}",confirm,0,7,25.287733285714303,177.01413300000013,64.259056,19.404686999999996,68528,-0.13979836706380366,118,3019.5396499999997,"[{""calls"":3,""ms"":75.90753900000027},{""calls"":4,""ms"":101.06856199999993}]","[25.30251300000009,25.267140499999982]"
scalar-helper,scalar-scaling-confirm-17,scalar-region-8192,phase29,/home/ai/bend2/build/publish/bend/selfhost/build/phase30/scalar-scaling-confirm-17/report.json,56f270dacba0fca51a645c98c8fbe6c1507facf0e7aaca9e19b6164c8f00f2c7,4f5b099ece772ee85d8f721cb38fa062fdff556f87dc9181b9838450c100c0a4,"{""exportName"":""bench"",""args"":[8192,524800],""expected"":8192,""warmupCalls"":100,""warmupMs"":3000,""calibrationMs"":50}",confirm,1,7,25.51645357142856,178.6151749999999,65.230564,20.509678,68608,-1.9714704136230554,117,3015.045278,"[{""calls"":3,""ms"":77.40511800000013},{""calls"":4,""ms"":101.17213200000015}]","[25.801706000000042,25.293033000000037]"
scalar-helper,scalar-scaling-confirm-17,scalar-region-8192,phase29,/home/ai/bend2/build/publish/bend/selfhost/build/phase30/scalar-scaling-confirm-17/report.json,56f270dacba0fca51a645c98c8fbe6c1507facf0e7aaca9e19b6164c8f00f2c7,4f5b099ece772ee85d8f721cb38fa062fdff556f87dc9181b9838450c100c0a4,"{""exportName"":""bench"",""args"":[8192,524800],""expected"":8192,""warmupCalls"":100,""warmupMs"":3000,""calibrationMs"":50}",confirm,2,7,25.316935714285723,177.21855000000005,64.55254800000002,19.301313,67824,0.13952833113497487,117,3012.814967,"[{""calls"":3,""ms"":75.8727630000003},{""calls"":4,""ms"":101.30483600000025}]","[25.2909210000001,25.326209000000063]"
scalar-helper,scalar-scaling-confirm-17,scalar-region-8192,phase29,/home/ai/bend2/build/publish/bend/selfhost/build/phase30/scalar-scaling-confirm-17/report.json,56f270dacba0fca51a645c98c8fbe6c1507facf0e7aaca9e19b6164c8f00f2c7,4f5b099ece772ee85d8f721cb38fa062fdff556f87dc9181b9838450c100c0a4,"{""exportName"":""bench"",""args"":[8192,524800],""expected"":8192,""warmupCalls"":100,""warmupMs"":3000,""calibrationMs"":50}",confirm,3,7,25.985082428571463,181.89557700000023,64.82252000000001,19.409384000000003,68792,0.23148578793157348,115,3001.713937,"[{""calls"":3,""ms"":77.83328800000027},{""calls"":4,""ms"":104.01794800000016}]","[25.94442933333342,26.00448700000004]"
scalar-helper,scalar-scaling-confirm-17,scalar-region-8192,phase29,/home/ai/bend2/build/publish/bend/selfhost/build/phase30/scalar-scaling-confirm-17/report.json,56f270dacba0fca51a645c98c8fbe6c1507facf0e7aaca9e19b6164c8f00f2c7,4f5b099ece772ee85d8f721cb38fa062fdff556f87dc9181b9838450c100c0a4,"{""exportName"":""bench"",""args"":[8192,524800],""expected"":8192,""warmupCalls"":100,""warmupMs"":3000,""calibrationMs"":50}",confirm,4,7,25.477501428571422,178.34250999999995,64.77703899999999,19.348292,67820,-0.05362333498520888,116,3008.727993,"[{""calls"":3,""ms"":76.43873699999995},{""calls"":4,""ms"":101.86366399999997}]","[25.479578999999983,25.465915999999993]"
scalar-helper,scalar-scaling-confirm-17,scalar-region-8192,typescript,/home/ai/bend2/build/publish/bend/selfhost/build/phase30/scalar-scaling-confirm-17/report.json,56f270dacba0fca51a645c98c8fbe6c1507facf0e7aaca9e19b6164c8f00f2c7,752a5711b92b0ba8b0e146f41e70ac3934e50965f77950d009b5e738320b594a,"{""exportName"":""bench"",""args"":[8192,524800],""expected"":8192,""warmupCalls"":100,""warmupMs"":3000,""calibrationMs"":50}",confirm,0,3041,0.09937249325879635,302.1917519999997,6.669027999999997,0.8092129999999997,64416,0.5178918158600609,29918,3000.103292,"[{""calls"":1520,""ms"":150.6390150000002},{""calls"":1521,""ms"":151.51877999999988}]","[0.09910461513157907,0.09961786982248513]"
scalar-helper,scalar-scaling-confirm-17,scalar-region-8192,typescript,/home/ai/bend2/build/publish/bend/selfhost/build/phase30/scalar-scaling-confirm-17/report.json,56f270dacba0fca51a645c98c8fbe6c1507facf0e7aaca9e19b6164c8f00f2c7,752a5711b92b0ba8b0e146f41e70ac3934e50965f77950d009b5e738320b594a,"{""exportName"":""bench"",""args"":[8192,524800],""expected"":8192,""warmupCalls"":100,""warmupMs"":3000,""calibrationMs"":50}",confirm,1,3041,0.09948014995067408,302.5191359999999,6.6578679999999935,0.8198660000000046,62224,-0.02267557809401133,29900,3000.1079390000004,"[{""calls"":1520,""ms"":151.21008399999982},{""calls"":1521,""ms"":151.27525400000013}]","[0.09948031842105251,0.09945776068376078]"
scalar-helper,scalar-scaling-confirm-17,scalar-region-8192,typescript,/home/ai/bend2/build/publish/bend/selfhost/build/phase30/scalar-scaling-confirm-17/report.json,56f270dacba0fca51a645c98c8fbe6c1507facf0e7aaca9e19b6164c8f00f2c7,752a5711b92b0ba8b0e146f41e70ac3934e50965f77950d009b5e738320b594a,"{""exportName"":""bench"",""args"":[8192,524800],""expected"":8192,""warmupCalls"":100,""warmupMs"":3000,""calibrationMs"":50}",confirm,2,3041,0.09955959947385726,302.76074199999994,6.743213000000004,0.8459339999999997,62188,0.8013802513399559,29854,3000.035976,"[{""calls"":1520,""ms"":150.7096459999998},{""calls"":1521,""ms"":152.0173490000002}]","[0.0991510828947367,0.09994566009204484]"
scalar-helper,scalar-scaling-confirm-17,scalar-region-8192,typescript,/home/ai/bend2/build/publish/bend/selfhost/build/phase30/scalar-scaling-confirm-17/report.json,56f270dacba0fca51a645c98c8fbe6c1507facf0e7aaca9e19b6164c8f00f2c7,752a5711b92b0ba8b0e146f41e70ac3934e50965f77950d009b5e738320b594a,"{""exportName"":""bench"",""args"":[8192,524800],""expected"":8192,""warmupCalls"":100,""warmupMs"":3000,""calibrationMs"":50}",confirm,3,3041,0.09917330286090101,301.586014,6.7966869999999915,0.8159799999999962,62228,0.5414897850244627,29998,3000.040099,"[{""calls"":1520,""ms"":150.3187350000003},{""calls"":1521,""ms"":151.232125}]","[0.09889390460526334,0.09942940499671268]"
scalar-helper,scalar-scaling-confirm-17,scalar-region-8192,typescript,/home/ai/bend2/build/publish/bend/selfhost/build/phase30/scalar-scaling-confirm-17/report.json,56f270dacba0fca51a645c98c8fbe6c1507facf0e7aaca9e19b6164c8f00f2c7,752a5711b92b0ba8b0e146f41e70ac3934e50965f77950d009b5e738320b594a,"{""exportName"":""bench"",""args"":[8192,524800],""expected"":8192,""warmupCalls"":100,""warmupMs"":3000,""calibrationMs"":50}",confirm,4,3041,0.09923164189411374,301.7634229999999,6.780276999999998,0.8113320000000002,62460,-0.5216751978185719,30022,3000.083344,"[{""calls"":1520,""ms"":151.21005100000002},{""calls"":1521,""ms"":150.52018700000008}]","[0.09948029671052633,0.09896133267587119]"
scalar-helper,scalar-scaling-confirm-17,scalar-region-8192,candidate,/home/ai/bend2/build/publish/bend/selfhost/build/phase30/scalar-scaling-confirm-17/report.json,56f270dacba0fca51a645c98c8fbe6c1507facf0e7aaca9e19b6164c8f00f2c7,f6f6284972176fe8e03539b07fcb4e39a3ff92dac851833f1574ca3f273737b4,"{""exportName"":""bench"",""args"":[8192,524800],""expected"":8192,""warmupCalls"":100,""warmupMs"":3000,""calibrationMs"":50}",confirm,0,2153,0.13706968462610308,295.1110309999999,6.430724999999995,20.274263000000005,72648,-3.353780161389275,21299,3000.0719409999997,"[{""calls"":1076,""ms"":149.98378100000036},{""calls"":1077,""ms"":145.08836999999994}]","[0.13939013104089254,0.13471529247910857]"
scalar-helper,scalar-scaling-confirm-17,scalar-region-8192,candidate,/home/ai/bend2/build/publish/bend/selfhost/build/phase30/scalar-scaling-confirm-17/report.json,56f270dacba0fca51a645c98c8fbe6c1507facf0e7aaca9e19b6164c8f00f2c7,f6f6284972176fe8e03539b07fcb4e39a3ff92dac851833f1574ca3f273737b4,"{""exportName"":""bench"",""args"":[8192,524800],""expected"":8192,""warmupCalls"":100,""warmupMs"":3000,""calibrationMs"":50}",confirm,1,2153,0.13664899674872266,294.2052899999999,6.431311999999991,19.854502000000004,72520,-4.03502206952947,21304,3000.088897,"[{""calls"":1076,""ms"":150.0418179999997},{""calls"":1077,""ms"":144.12141500000007}]","[0.13944406877323393,0.13381746982358408]"
scalar-helper,scalar-scaling-confirm-17,scalar-region-8192,candidate,/home/ai/bend2/build/publish/bend/selfhost/build/phase30/scalar-scaling-confirm-17/report.json,56f270dacba0fca51a645c98c8fbe6c1507facf0e7aaca9e19b6164c8f00f2c7,f6f6284972176fe8e03539b07fcb4e39a3ff92dac851833f1574ca3f273737b4,"{""exportName"":""bench"",""args"":[8192,524800],""expected"":8192,""warmupCalls"":100,""warmupMs"":3000,""calibrationMs"":50}",confirm,2,2153,0.1366888903855086,294.29118100000005,6.402048000000008,19.675204000000008,72772,-4.075416794215525,21125,3000.1069159999997,"[{""calls"":1076,""ms"":150.11862399999973},{""calls"":1077,""ms"":144.13449400000036}]","[0.13951544981412614,0.1338296137418759]"
scalar-helper,scalar-scaling-confirm-17,scalar-region-8192,candidate,/home/ai/bend2/build/publish/bend/selfhost/build/phase30/scalar-scaling-confirm-17/report.json,56f270dacba0fca51a645c98c8fbe6c1507facf0e7aaca9e19b6164c8f00f2c7,f6f6284972176fe8e03539b07fcb4e39a3ff92dac851833f1574ca3f273737b4,"{""exportName"":""bench"",""args"":[8192,524800],""expected"":8192,""warmupCalls"":100,""warmupMs"":3000,""calibrationMs"":50}",confirm,3,2153,0.13616988759869955,293.1737680000001,7.004056000000006,21.815908000000007,72516,-4.211818683395285,21118,3000.096558,"[{""calls"":1076,""ms"":149.65253399999983},{""calls"":1077,""ms"":143.482665}]","[0.13908228066914483,0.13322438718662952]"
scalar-helper,scalar-scaling-confirm-17,scalar-region-8192,candidate,/home/ai/bend2/build/publish/bend/selfhost/build/phase30/scalar-scaling-confirm-17/report.json,56f270dacba0fca51a645c98c8fbe6c1507facf0e7aaca9e19b6164c8f00f2c7,f6f6284972176fe8e03539b07fcb4e39a3ff92dac851833f1574ca3f273737b4,"{""exportName"":""bench"",""args"":[8192,524800],""expected"":8192,""warmupCalls"":100,""warmupMs"":3000,""calibrationMs"":50}",confirm,4,2153,0.13730263353460279,295.6125699999998,6.534107999999989,19.855795999999998,72572,-3.599693311267238,21207,3000.117812,"[{""calls"":1076,""ms"":150.42662800000016},{""calls"":1077,""ms"":145.1465000000003}]","[0.13980169888475852,0.1347692664809659]"
historical-separate,Held14 transfer: mandelbrot,mandelbrot,typescript,/home/ai/bend2/build/publish/bend/selfhost/build/phase30/final-transfer-plan-14/mandelbrot-timing/report.json,fee9553bc7a10d96bae841c0d4d6ff7a549c3cc7dc5a6c30597c2b1ab15fe39d,037f070e948ab7701364b7413c624bca4327db0bc6171ac4523b906d2ae9e222,"{""args"":[2,0],""expected"":887240761,""exportName"":""bench"",""warmupCalls"":3,""warmupMs"":1000,""calibrationMs"":100}",transfer,0,6633,0.04581537132519223,303.89335800000003,5.6115469999999945,1.1317099999999982,61008,-0.7098268924725315,20756,1000.0586040000001,"[{""calls"":3316,""ms"":152.44509199999993},{""calls"":3317,""ms"":151.40864199999987}]","[0.04597258504221952,0.045646259270425045]"
historical-separate,Held14 transfer: mandelbrot,mandelbrot,typescript,/home/ai/bend2/build/publish/bend/selfhost/build/phase30/final-transfer-plan-14/mandelbrot-timing/report.json,fee9553bc7a10d96bae841c0d4d6ff7a549c3cc7dc5a6c30597c2b1ab15fe39d,037f070e948ab7701364b7413c624bca4327db0bc6171ac4523b906d2ae9e222,"{""args"":[2,0],""expected"":887240761,""exportName"":""bench"",""warmupCalls"":3,""warmupMs"":1000,""calibrationMs"":100}",transfer,1,6633,0.04530154831901103,300.48517000000015,5.614346999999995,1.127673999999999,61596,-0.08589824336239227,20789,1000.046675,"[{""calls"":3316,""ms"":150.26897799999983},{""calls"":3317,""ms"":150.18517700000007}]","[0.04531633835946919,0.045277412420862244]"
historical-separate,Held14 transfer: mandelbrot,mandelbrot,typescript,/home/ai/bend2/build/publish/bend/selfhost/build/phase30/final-transfer-plan-14/mandelbrot-timing/report.json,fee9553bc7a10d96bae841c0d4d6ff7a549c3cc7dc5a6c30597c2b1ab15fe39d,037f070e948ab7701364b7413c624bca4327db0bc6171ac4523b906d2ae9e222,"{""args"":[2,0],""expected"":887240761,""exportName"":""bench"",""warmupCalls"":3,""warmupMs"":1000,""calibrationMs"":100}",transfer,2,6633,0.045967031509121056,304.89932,5.740835000000004,1.1633720000000025,61008,1.2941554393308463,20717,1000.064384,"[{""calls"":3316,""ms"":151.42863799999986},{""calls"":3317,""ms"":153.43461700000012}]","[0.04566605488540406,0.04625704461863133]"
historical-separate,Held14 transfer: mandelbrot,mandelbrot,typescript,/home/ai/bend2/build/publish/bend/selfhost/build/phase30/final-transfer-plan-14/mandelbrot-timing/report.json,fee9553bc7a10d96bae841c0d4d6ff7a549c3cc7dc5a6c30597c2b1ab15fe39d,037f070e948ab7701364b7413c624bca4327db0bc6171ac4523b906d2ae9e222,"{""args"":[2,0],""expected"":887240761,""exportName"":""bench"",""warmupCalls"":3,""warmupMs"":1000,""calibrationMs"":100}",transfer,3,6633,0.045686719583898694,303.04001100000005,5.877322000000007,1.1497659999999996,61152,-0.060891585073019616,20762,1000.04721,"[{""calls"":3316,""ms"":151.5260270000001},{""calls"":3317,""ms"":151.47942799999987}]","[0.04569542430639328,0.04566759963822727]"
historical-separate,Held14 transfer: mandelbrot,mandelbrot,typescript,/home/ai/bend2/build/publish/bend/selfhost/build/phase30/final-transfer-plan-14/mandelbrot-timing/report.json,fee9553bc7a10d96bae841c0d4d6ff7a549c3cc7dc5a6c30597c2b1ab15fe39d,037f070e948ab7701364b7413c624bca4327db0bc6171ac4523b906d2ae9e222,"{""args"":[2,0],""expected"":887240761,""exportName"":""bench"",""warmupCalls"":3,""warmupMs"":1000,""calibrationMs"":100}",transfer,4,6633,0.04535714895220865,300.853969,5.719616999999992,1.1368579999999966,61048,0.028695182141014186,20737,1000.0475400000001,"[{""calls"":3316,""ms"":150.36700799999994},{""calls"":3317,""ms"":150.4555150000001}]","[0.04534590108564534,0.04535891317455535]"
historical-separate,Held14 transfer: mandelbrot,mandelbrot,phase29,/home/ai/bend2/build/publish/bend/selfhost/build/phase30/final-transfer-plan-14/mandelbrot-timing/report.json,fee9553bc7a10d96bae841c0d4d6ff7a549c3cc7dc5a6c30597c2b1ab15fe39d,11977282d5c364224eb3ac540fe3885345531d5819a68e5facfc72b03a836033,"{""args"":[2,0],""expected"":887240761,""exportName"":""bench"",""warmupCalls"":3,""warmupMs"":1000,""calibrationMs"":100}",transfer,0,14,21.473749928571433,300.63249900000005,76.30495200000001,19.730821000000006,72696,-1.1156292301539028,41,1021.6755459999999,"[{""calls"":7,""ms"":151.13811600000008},{""calls"":7,""ms"":149.45197500000017}]","[21.59115942857144,21.350282142857168]"
historical-separate,Held14 transfer: mandelbrot,mandelbrot,phase29,/home/ai/bend2/build/publish/bend/selfhost/build/phase30/final-transfer-plan-14/mandelbrot-timing/report.json,fee9553bc7a10d96bae841c0d4d6ff7a549c3cc7dc5a6c30597c2b1ab15fe39d,11977282d5c364224eb3ac540fe3885345531d5819a68e5facfc72b03a836033,"{""args"":[2,0],""expected"":887240761,""exportName"":""bench"",""warmupCalls"":3,""warmupMs"":1000,""calibrationMs"":100}",transfer,1,14,21.358437571428585,299.01812600000017,76.972427,19.815915000000004,74688,-0.8224178057531173,41,1016.3051790000001,"[{""calls"":7,""ms"":150.10375399999998},{""calls"":7,""ms"":148.86927400000013}]","[21.443393428571426,21.26703914285716]"
historical-separate,Held14 transfer: mandelbrot,mandelbrot,phase29,/home/ai/bend2/build/publish/bend/selfhost/build/phase30/final-transfer-plan-14/mandelbrot-timing/report.json,fee9553bc7a10d96bae841c0d4d6ff7a549c3cc7dc5a6c30597c2b1ab15fe39d,11977282d5c364224eb3ac540fe3885345531d5819a68e5facfc72b03a836033,"{""args"":[2,0],""expected"":887240761,""exportName"":""bench"",""warmupCalls"":3,""warmupMs"":1000,""calibrationMs"":100}",transfer,2,14,21.33789735714286,298.7305630000001,76.048442,19.734095999999994,72788,-1.4971124646401601,41,1015.8134799999999,"[{""calls"":7,""ms"":150.470192},{""calls"":7,""ms"":148.217484}]","[21.495741714285714,21.173926285714288]"
historical-separate,Held14 transfer: mandelbrot,mandelbrot,phase29,/home/ai/bend2/build/publish/bend/selfhost/build/phase30/final-transfer-plan-14/mandelbrot-timing/report.json,fee9553bc7a10d96bae841c0d4d6ff7a549c3cc7dc5a6c30597c2b1ab15fe39d,11977282d5c364224eb3ac540fe3885345531d5819a68e5facfc72b03a836033,"{""args"":[2,0],""expected"":887240761,""exportName"":""bench"",""warmupCalls"":3,""warmupMs"":1000,""calibrationMs"":100}",transfer,3,14,23.09766557142856,323.36731799999984,76.473069,19.684779,75724,-9.203243498229774,41,1025.9614100000001,"[{""calls"":7,""ms"":169.458887},{""calls"":7,""ms"":153.86317299999996}]","[24.208412428571428,21.98045328571428]"
historical-separate,Held14 transfer: mandelbrot,mandelbrot,phase29,/home/ai/bend2/build/publish/bend/selfhost/build/phase30/final-transfer-plan-14/mandelbrot-timing/report.json,fee9553bc7a10d96bae841c0d4d6ff7a549c3cc7dc5a6c30597c2b1ab15fe39d,11977282d5c364224eb3ac540fe3885345531d5819a68e5facfc72b03a836033,"{""args"":[2,0],""expected"":887240761,""exportName"":""bench"",""warmupCalls"":3,""warmupMs"":1000,""calibrationMs"":100}",transfer,4,14,21.511459071428572,301.160427,75.86185900000001,19.833194000000006,74332,-2.819106172504837,41,1020.6682280000001,"[{""calls"":7,""ms"":152.71092099999987},{""calls"":7,""ms"":148.4058379999999}]","[21.81584585714284,21.200833999999986]"
historical-separate,Held14 transfer: mandelbrot,mandelbrot,candidate,/home/ai/bend2/build/publish/bend/selfhost/build/phase30/final-transfer-plan-14/mandelbrot-timing/report.json,fee9553bc7a10d96bae841c0d4d6ff7a549c3cc7dc5a6c30597c2b1ab15fe39d,5beb848e33306470aa9ddd8f160067b3b1ebfbc4181601a27a9d1b8fbfb064c9,"{""args"":[2,0],""expected"":887240761,""exportName"":""bench"",""warmupCalls"":3,""warmupMs"":1000,""calibrationMs"":100}",transfer,0,1364,0.22059066715542514,300.8856699999999,10.607107,20.866356000000003,71608,-0.8949797988209163,3666,1000.0096730000001,"[{""calls"":682,""ms"":151.09860600000002},{""calls"":682,""ms"":149.746304}]","[0.22155220821114371,0.21956936070381233]"
historical-separate,Held14 transfer: mandelbrot,mandelbrot,candidate,/home/ai/bend2/build/publish/bend/selfhost/build/phase30/final-transfer-plan-14/mandelbrot-timing/report.json,fee9553bc7a10d96bae841c0d4d6ff7a549c3cc7dc5a6c30597c2b1ab15fe39d,5beb848e33306470aa9ddd8f160067b3b1ebfbc4181601a27a9d1b8fbfb064c9,"{""args"":[2,0],""expected"":887240761,""exportName"":""bench"",""warmupCalls"":3,""warmupMs"":1000,""calibrationMs"":100}",transfer,1,1364,0.2191498636363636,298.92041399999994,10.605439000000004,20.731157000000003,71328,0.039016160142235634,3674,1000.137162,"[{""calls"":682,""ms"":149.40988500000003},{""calls"":682,""ms"":149.46817899999996}]","[0.21907607771261,0.2191615527859237]"
historical-separate,Held14 transfer: mandelbrot,mandelbrot,candidate,/home/ai/bend2/build/publish/bend/selfhost/build/phase30/final-transfer-plan-14/mandelbrot-timing/report.json,fee9553bc7a10d96bae841c0d4d6ff7a549c3cc7dc5a6c30597c2b1ab15fe39d,5beb848e33306470aa9ddd8f160067b3b1ebfbc4181601a27a9d1b8fbfb064c9,"{""args"":[2,0],""expected"":887240761,""exportName"":""bench"",""warmupCalls"":3,""warmupMs"":1000,""calibrationMs"":100}",transfer,2,1364,0.22303885410557187,304.22499700000003,10.660350999999991,20.83744,71512,-2.1452456452416446,3659,1000.3143420000001,"[{""calls"":682,""ms"":153.74038900000005},{""calls"":682,""ms"":150.44227999999998}]","[0.22542579032258073,0.220589853372434]"
historical-separate,Held14 transfer: mandelbrot,mandelbrot,candidate,/home/ai/bend2/build/publish/bend/selfhost/build/phase30/final-transfer-plan-14/mandelbrot-timing/report.json,fee9553bc7a10d96bae841c0d4d6ff7a549c3cc7dc5a6c30597c2b1ab15fe39d,5beb848e33306470aa9ddd8f160067b3b1ebfbc4181601a27a9d1b8fbfb064c9,"{""args"":[2,0],""expected"":887240761,""exportName"":""bench"",""warmupCalls"":3,""warmupMs"":1000,""calibrationMs"":100}",transfer,3,1364,0.22609933211143687,308.3994889999999,10.858750999999998,20.908422,71796,-0.20577438218370991,3666,1000.537712,"[{""calls"":682,""ms"":154.336996},{""calls"":682,""ms"":154.0194100000001}]","[0.2263005806451613,0.22583491202346057]"
historical-separate,Held14 transfer: mandelbrot,mandelbrot,candidate,/home/ai/bend2/build/publish/bend/selfhost/build/phase30/final-transfer-plan-14/mandelbrot-timing/report.json,fee9553bc7a10d96bae841c0d4d6ff7a549c3cc7dc5a6c30597c2b1ab15fe39d,5beb848e33306470aa9ddd8f160067b3b1ebfbc4181601a27a9d1b8fbfb064c9,"{""args"":[2,0],""expected"":887240761,""exportName"":""bench"",""warmupCalls"":3,""warmupMs"":1000,""calibrationMs"":100}",transfer,4,1364,0.21959820454545467,299.53195100000016,10.707131000000004,20.826610000000002,70928,-0.9848111445708296,3666,1002.2624870000001,"[{""calls"":682,""ms"":150.4854009999999},{""calls"":682,""ms"":149.00340399999982}]","[0.22065308064516115,0.21848006451612875]"
historical-separate,Held14 transfer: editdist,editdist,typescript,/home/ai/bend2/build/publish/bend/selfhost/build/phase30/final-transfer-plan-14/editdist-timing/report.json,710952a899721a80331973b69fa5c97606835937f74f74ee03faf80312f8d574,33721b7770aa4e367896cf1b842cc8ec309dced3a2608e25c5709217474eabc6,"{""args"":[2,0],""expected"":2065873279,""exportName"":""bench"",""warmupCalls"":3,""warmupMs"":1000,""calibrationMs"":100}",transfer,0,61,4.941105836065576,301.40745600000014,25.407193000000007,1.0786090000000002,76712,-0.924189086592353,194,1000.523113,"[{""calls"":30,""ms"":148.90940999999998},{""calls"":31,""ms"":152.45097899999996}]","[4.963646999999999,4.917773516129031]"
historical-separate,Held14 transfer: editdist,editdist,typescript,/home/ai/bend2/build/publish/bend/selfhost/build/phase30/final-transfer-plan-14/editdist-timing/report.json,710952a899721a80331973b69fa5c97606835937f74f74ee03faf80312f8d574,33721b7770aa4e367896cf1b842cc8ec309dced3a2608e25c5709217474eabc6,"{""args"":[2,0],""expected"":2065873279,""exportName"":""bench"",""warmupCalls"":3,""warmupMs"":1000,""calibrationMs"":100}",transfer,1,61,4.921688803278689,300.223017,25.455540999999997,1.065066999999999,76616,-0.10382743474202094,187,1000.2889309999999,"[{""calls"":30,""ms"":147.70423300000016},{""calls"":31,""ms"":152.4692379999999}]","[4.923474433333339,4.918362516129029]"
historical-separate,Held14 transfer: editdist,editdist,typescript,/home/ai/bend2/build/publish/bend/selfhost/build/phase30/final-transfer-plan-14/editdist-timing/report.json,710952a899721a80331973b69fa5c97606835937f74f74ee03faf80312f8d574,33721b7770aa4e367896cf1b842cc8ec309dced3a2608e25c5709217474eabc6,"{""args"":[2,0],""expected"":2065873279,""exportName"":""bench"",""warmupCalls"":3,""warmupMs"":1000,""calibrationMs"":100}",transfer,2,61,4.949878557377051,301.9425920000001,25.411125999999996,1.049984000000002,76756,-1.7039831827299845,195,1004.332954,"[{""calls"":30,""ms"":149.7690970000001},{""calls"":31,""ms"":152.12429199999997}]","[4.992303233333336,4.907235225806451]"
historical-separate,Held14 transfer: editdist,editdist,typescript,/home/ai/bend2/build/publish/bend/selfhost/build/phase30/final-transfer-plan-14/editdist-timing/report.json,710952a899721a80331973b69fa5c97606835937f74f74ee03faf80312f8d574,33721b7770aa4e367896cf1b842cc8ec309dced3a2608e25c5709217474eabc6,"{""args"":[2,0],""expected"":2065873279,""exportName"":""bench"",""warmupCalls"":3,""warmupMs"":1000,""calibrationMs"":100}",transfer,3,61,4.929327377049179,300.6889699999999,25.454398999999995,1.0484200000000001,76832,0.8263353866466483,194,1000.353762,"[{""calls"":30,""ms"":147.23749799999996},{""calls"":31,""ms"":153.402646}]","[4.907916599999998,4.948472451612903]"
historical-separate,Held14 transfer: editdist,editdist,typescript,/home/ai/bend2/build/publish/bend/selfhost/build/phase30/final-transfer-plan-14/editdist-timing/report.json,710952a899721a80331973b69fa5c97606835937f74f74ee03faf80312f8d574,33721b7770aa4e367896cf1b842cc8ec309dced3a2608e25c5709217474eabc6,"{""args"":[2,0],""expected"":2065873279,""exportName"":""bench"",""warmupCalls"":3,""warmupMs"":1000,""calibrationMs"":100}",transfer,4,61,4.912445213114753,299.65915799999993,25.372310999999996,1.0496079999999992,76876,0.0675744864550687,194,1001.817746,"[{""calls"":30,""ms"":147.29905600000006},{""calls"":31,""ms"":152.3118790000001}]","[4.909968533333336,4.913286419354842]"
historical-separate,Held14 transfer: editdist,editdist,phase29,/home/ai/bend2/build/publish/bend/selfhost/build/phase30/final-transfer-plan-14/editdist-timing/report.json,710952a899721a80331973b69fa5c97606835937f74f74ee03faf80312f8d574,b8ef74706cdc0fc6c9205046b34b4a686ca501cee847ea43a2fcd830a0383ac3,"{""args"":[2,0],""expected"":2065873279,""exportName"":""bench"",""warmupCalls"":3,""warmupMs"":1000,""calibrationMs"":100}",transfer,0,1,2047.244956999999,2047.244956999999,2290.380816,19.763675000000006,79148,,3,6183.455280999999,"[{""calls"":1,""ms"":2047.2074150000008}]",[2047.2074150000008]
historical-separate,Held14 transfer: editdist,editdist,phase29,/home/ai/bend2/build/publish/bend/selfhost/build/phase30/final-transfer-plan-14/editdist-timing/report.json,710952a899721a80331973b69fa5c97606835937f74f74ee03faf80312f8d574,b8ef74706cdc0fc6c9205046b34b4a686ca501cee847ea43a2fcd830a0383ac3,"{""args"":[2,0],""expected"":2065873279,""exportName"":""bench"",""warmupCalls"":3,""warmupMs"":1000,""calibrationMs"":100}",transfer,1,1,2020.7146869999997,2020.7146869999997,2230.192653,20.21307499999999,79840,,3,6110.798387000001,"[{""calls"":1,""ms"":2020.675503999999}]",[2020.675503999999]
historical-separate,Held14 transfer: editdist,editdist,phase29,/home/ai/bend2/build/publish/bend/selfhost/build/phase30/final-transfer-plan-14/editdist-timing/report.json,710952a899721a80331973b69fa5c97606835937f74f74ee03faf80312f8d574,b8ef74706cdc0fc6c9205046b34b4a686ca501cee847ea43a2fcd830a0383ac3,"{""args"":[2,0],""expected"":2065873279,""exportName"":""bench"",""warmupCalls"":3,""warmupMs"":1000,""calibrationMs"":100}",transfer,2,1,2025.1835530000008,2025.1835530000008,2233.629114,20.30708200000001,79528,,3,6092.631551,"[{""calls"":1,""ms"":2025.1487670000006}]",[2025.1487670000006]
historical-separate,Held14 transfer: editdist,editdist,phase29,/home/ai/bend2/build/publish/bend/selfhost/build/phase30/final-transfer-plan-14/editdist-timing/report.json,710952a899721a80331973b69fa5c97606835937f74f74ee03faf80312f8d574,b8ef74706cdc0fc6c9205046b34b4a686ca501cee847ea43a2fcd830a0383ac3,"{""args"":[2,0],""expected"":2065873279,""exportName"":""bench"",""warmupCalls"":3,""warmupMs"":1000,""calibrationMs"":100}",transfer,3,1,2050.5096810000014,2050.5096810000014,2258.724707,20.334351999999996,79440,,3,6192.768211,"[{""calls"":1,""ms"":2050.4739329999993}]",[2050.4739329999993]
historical-separate,Held14 transfer: editdist,editdist,phase29,/home/ai/bend2/build/publish/bend/selfhost/build/phase30/final-transfer-plan-14/editdist-timing/report.json,710952a899721a80331973b69fa5c97606835937f74f74ee03faf80312f8d574,b8ef74706cdc0fc6c9205046b34b4a686ca501cee847ea43a2fcd830a0383ac3,"{""args"":[2,0],""expected"":2065873279,""exportName"":""bench"",""warmupCalls"":3,""warmupMs"":1000,""calibrationMs"":100}",transfer,4,1,2029.574745,2029.574745,2234.604749,20.08659,79104,,3,6125.831805999999,"[{""calls"":1,""ms"":2029.5384880000001}]",[2029.5384880000001]
historical-separate,Held14 transfer: editdist,editdist,candidate,/home/ai/bend2/build/publish/bend/selfhost/build/phase30/final-transfer-plan-14/editdist-timing/report.json,710952a899721a80331973b69fa5c97606835937f74f74ee03faf80312f8d574,10c684a5ff9768630848afd3b9ec455cc24fad3a265a37c7d095d1736afe3e32,"{""args"":[2,0],""expected"":2065873279,""exportName"":""bench"",""warmupCalls"":3,""warmupMs"":1000,""calibrationMs"":100}",transfer,0,1,2435.4807679999994,2435.4807679999994,2700.390365,24.188716,78600,,3,7419.941595999999,"[{""calls"":1,""ms"":2435.446925}]",[2435.446925]
historical-separate,Held14 transfer: editdist,editdist,candidate,/home/ai/bend2/build/publish/bend/selfhost/build/phase30/final-transfer-plan-14/editdist-timing/report.json,710952a899721a80331973b69fa5c97606835937f74f74ee03faf80312f8d574,10c684a5ff9768630848afd3b9ec455cc24fad3a265a37c7d095d1736afe3e32,"{""args"":[2,0],""expected"":2065873279,""exportName"":""bench"",""warmupCalls"":3,""warmupMs"":1000,""calibrationMs"":100}",transfer,1,1,2444.7423470000012,2444.7423470000012,2654.186679,20.250116000000006,78916,,3,7378.717150999999,"[{""calls"":1,""ms"":2444.7100839999985}]",[2444.7100839999985]
historical-separate,Held14 transfer: editdist,editdist,candidate,/home/ai/bend2/build/publish/bend/selfhost/build/phase30/final-transfer-plan-14/editdist-timing/report.json,710952a899721a80331973b69fa5c97606835937f74f74ee03faf80312f8d574,10c684a5ff9768630848afd3b9ec455cc24fad3a265a37c7d095d1736afe3e32,"{""args"":[2,0],""expected"":2065873279,""exportName"":""bench"",""warmupCalls"":3,""warmupMs"":1000,""calibrationMs"":100}",transfer,2,1,2418.8257780000004,2418.8257780000004,2638.071433,20.053736,79312,,3,7312.386682,"[{""calls"":1,""ms"":2418.792956000001}]",[2418.792956000001]
historical-separate,Held14 transfer: editdist,editdist,candidate,/home/ai/bend2/build/publish/bend/selfhost/build/phase30/final-transfer-plan-14/editdist-timing/report.json,710952a899721a80331973b69fa5c97606835937f74f74ee03faf80312f8d574,10c684a5ff9768630848afd3b9ec455cc24fad3a265a37c7d095d1736afe3e32,"{""args"":[2,0],""expected"":2065873279,""exportName"":""bench"",""warmupCalls"":3,""warmupMs"":1000,""calibrationMs"":100}",transfer,3,1,2461.217501000001,2461.217501000001,2655.463798,20.010761000000002,79748,,3,7404.504306,"[{""calls"":1,""ms"":2461.184368}]",[2461.184368]
historical-separate,Held14 transfer: editdist,editdist,candidate,/home/ai/bend2/build/publish/bend/selfhost/build/phase30/final-transfer-plan-14/editdist-timing/report.json,710952a899721a80331973b69fa5c97606835937f74f74ee03faf80312f8d574,10c684a5ff9768630848afd3b9ec455cc24fad3a265a37c7d095d1736afe3e32,"{""args"":[2,0],""expected"":2065873279,""exportName"":""bench"",""warmupCalls"":3,""warmupMs"":1000,""calibrationMs"":100}",transfer,4,1,2430.203708000001,2430.203708000001,2635.817716,20.134979,79140,,3,7293.470819,"[{""calls"":1,""ms"":2430.1708369999997}]",[2430.1708369999997]
historical-separate,Held14 transfer: tree-bitonic,tree-bitonic,typescript,/home/ai/bend2/build/publish/bend/selfhost/build/phase30/final-transfer-plan-14/tree-bitonic-timing/report.json,b8001e18308d196e3b84c80f18f94382064ed0cb9d431438a50ff11d27fc6a09,c24fff66dd20c4579b7912b42450f1574e4c0b7a84e5d8b2d3d1d1345ef2b159,"{""args"":[8,0],""expected"":971629740,""exportName"":""bench"",""warmupCalls"":3,""warmupMs"":1000,""calibrationMs"":100}",transfer,0,1056,0.312280675189394,329.76839300000006,5.199061999999991,0.9744710000000012,91720,5.206634106063057,3393,1000.224411,"[{""calls"":528,""ms"":160.67720200000008},{""calls"":528,""ms"":169.04307599999993}]","[0.3043128825757577,0.32015734090909076]"
historical-separate,Held14 transfer: tree-bitonic,tree-bitonic,typescript,/home/ai/bend2/build/publish/bend/selfhost/build/phase30/final-transfer-plan-14/tree-bitonic-timing/report.json,b8001e18308d196e3b84c80f18f94382064ed0cb9d431438a50ff11d27fc6a09,c24fff66dd20c4579b7912b42450f1574e4c0b7a84e5d8b2d3d1d1345ef2b159,"{""args"":[8,0],""expected"":971629740,""exportName"":""bench"",""warmupCalls"":3,""warmupMs"":1000,""calibrationMs"":100}",transfer,1,1056,0.2789658882575758,294.587978,5.199943999999995,0.9701199999999943,91748,2.2130666614837757,3437,1000.1691429999998,"[{""calls"":528,""ms"":145.65986900000007},{""calls"":528,""ms"":148.883419}]","[0.27587096401515165,0.2819761723484849]"
historical-separate,Held14 transfer: tree-bitonic,tree-bitonic,typescript,/home/ai/bend2/build/publish/bend/selfhost/build/phase30/final-transfer-plan-14/tree-bitonic-timing/report.json,b8001e18308d196e3b84c80f18f94382064ed0cb9d431438a50ff11d27fc6a09,c24fff66dd20c4579b7912b42450f1574e4c0b7a84e5d8b2d3d1d1345ef2b159,"{""args"":[8,0],""expected"":971629740,""exportName"":""bench"",""warmupCalls"":3,""warmupMs"":1000,""calibrationMs"":100}",transfer,2,1056,0.280754540719697,296.47679500000004,5.202356999999992,0.9763109999999955,91752,1.8577200686273665,3399,1000.073939,"[{""calls"":528,""ms"":146.8513499999999},{""calls"":528,""ms"":149.5794370000001}]","[0.27812755681818163,0.28329438825757597]"
historical-separate,Held14 transfer: tree-bitonic,tree-bitonic,typescript,/home/ai/bend2/build/publish/bend/selfhost/build/phase30/final-transfer-plan-14/tree-bitonic-timing/report.json,b8001e18308d196e3b84c80f18f94382064ed0cb9d431438a50ff11d27fc6a09,c24fff66dd20c4579b7912b42450f1574e4c0b7a84e5d8b2d3d1d1345ef2b159,"{""args"":[8,0],""expected"":971629740,""exportName"":""bench"",""warmupCalls"":3,""warmupMs"":1000,""calibrationMs"":100}",transfer,3,1056,0.28679970265151516,302.86048600000004,5.334697000000006,1.001129000000006,91760,7.194984974436114,3394,1000.1007319999999,"[{""calls"":528,""ms"":146.14992299999994},{""calls"":528,""ms"":156.6653879999999}]","[0.276799096590909,0.2967147499999998]"
historical-separate,Held14 transfer: tree-bitonic,tree-bitonic,typescript,/home/ai/bend2/build/publish/bend/selfhost/build/phase30/final-transfer-plan-14/tree-bitonic-timing/report.json,b8001e18308d196e3b84c80f18f94382064ed0cb9d431438a50ff11d27fc6a09,c24fff66dd20c4579b7912b42450f1574e4c0b7a84e5d8b2d3d1d1345ef2b159,"{""args"":[8,0],""expected"":971629740,""exportName"":""bench"",""warmupCalls"":3,""warmupMs"":1000,""calibrationMs"":100}",transfer,4,1056,0.28002385795454554,295.7051940000001,5.1989480000000015,0.9692040000000048,91812,1.9743879094103578,3419,1000.151447,"[{""calls"":528,""ms"":146.385317},{""calls"":528,""ms"":149.275531}]","[0.277244918560606,0.28271880871212124]"
historical-separate,Held14 transfer: tree-bitonic,tree-bitonic,phase29,/home/ai/bend2/build/publish/bend/selfhost/build/phase30/final-transfer-plan-14/tree-bitonic-timing/report.json,b8001e18308d196e3b84c80f18f94382064ed0cb9d431438a50ff11d27fc6a09,c9e05243ea537eaa63fd394ba7e90ae67269045cddebd1a272374ab13552c867,"{""args"":[8,0],""expected"":971629740,""exportName"":""bench"",""warmupCalls"":3,""warmupMs"":1000,""calibrationMs"":100}",transfer,0,10,26.020736599999985,260.20736599999987,74.471578,23.294110000000003,100144,-20.091083156708333,37,1015.743735,"[{""calls"":5,""ms"":144.6067579999999},{""calls"":5,""ms"":115.55369399999995}]","[28.92135159999998,23.11073879999999]"
historical-separate,Held14 transfer: tree-bitonic,tree-bitonic,phase29,/home/ai/bend2/build/publish/bend/selfhost/build/phase30/final-transfer-plan-14/tree-bitonic-timing/report.json,b8001e18308d196e3b84c80f18f94382064ed0cb9d431438a50ff11d27fc6a09,c9e05243ea537eaa63fd394ba7e90ae67269045cddebd1a272374ab13552c867,"{""args"":[8,0],""expected"":971629740,""exportName"":""bench"",""warmupCalls"":3,""warmupMs"":1000,""calibrationMs"":100}",transfer,1,10,26.097304399999985,260.97304399999985,69.14174000000001,19.817457999999995,100380,-17.630632078567153,36,1014.639057,"[{""calls"":5,""ms"":143.07406500000002},{""calls"":5,""ms"":117.84920299999999}]","[28.614813000000005,23.5698406]"
historical-separate,Held14 transfer: tree-bitonic,tree-bitonic,phase29,/home/ai/bend2/build/publish/bend/selfhost/build/phase30/final-transfer-plan-14/tree-bitonic-timing/report.json,b8001e18308d196e3b84c80f18f94382064ed0cb9d431438a50ff11d27fc6a09,c9e05243ea537eaa63fd394ba7e90ae67269045cddebd1a272374ab13552c867,"{""args"":[8,0],""expected"":971629740,""exportName"":""bench"",""warmupCalls"":3,""warmupMs"":1000,""calibrationMs"":100}",transfer,2,10,26.0281285,260.281285,70.313991,19.94234,100224,-17.681342433404467,36,1005.2803060000001,"[{""calls"":5,""ms"":142.73309900000004},{""calls"":5,""ms"":117.49597099999983}]","[28.54661980000001,23.499194199999966]"
historical-separate,Held14 transfer: tree-bitonic,tree-bitonic,phase29,/home/ai/bend2/build/publish/bend/selfhost/build/phase30/final-transfer-plan-14/tree-bitonic-timing/report.json,b8001e18308d196e3b84c80f18f94382064ed0cb9d431438a50ff11d27fc6a09,c9e05243ea537eaa63fd394ba7e90ae67269045cddebd1a272374ab13552c867,"{""args"":[8,0],""expected"":971629740,""exportName"":""bench"",""warmupCalls"":3,""warmupMs"":1000,""calibrationMs"":100}",transfer,3,10,26.239657599999987,262.39657599999987,68.82970600000002,19.688174000000004,100152,-20.0837249032194,37,1013.08188,"[{""calls"":5,""ms"":145.81730800000014},{""calls"":5,""ms"":116.53176099999996}]","[29.163461600000026,23.306352199999992]"
historical-separate,Held14 transfer: tree-bitonic,tree-bitonic,phase29,/home/ai/bend2/build/publish/bend/selfhost/build/phase30/final-transfer-plan-14/tree-bitonic-timing/report.json,b8001e18308d196e3b84c80f18f94382064ed0cb9d431438a50ff11d27fc6a09,c9e05243ea537eaa63fd394ba7e90ae67269045cddebd1a272374ab13552c867,"{""args"":[8,0],""expected"":971629740,""exportName"":""bench"",""warmupCalls"":3,""warmupMs"":1000,""calibrationMs"":100}",transfer,4,10,26.205198999999993,262.05198999999993,69.46537200000002,19.940971999999995,100304,-20.018151085973745,37,1011.015613,"[{""calls"":5,""ms"":145.57365900000013},{""calls"":5,""ms"":116.43250399999988}]","[29.114731800000026,23.286500799999978]"
historical-separate,Held14 transfer: tree-bitonic,tree-bitonic,candidate,/home/ai/bend2/build/publish/bend/selfhost/build/phase30/final-transfer-plan-14/tree-bitonic-timing/report.json,b8001e18308d196e3b84c80f18f94382064ed0cb9d431438a50ff11d27fc6a09,abb50d18f514bd9322084c1193a4e8e7fdd45d01adb8d19e8a3470bdc19bb487,"{""args"":[8,0],""expected"":971629740,""exportName"":""bench"",""warmupCalls"":3,""warmupMs"":1000,""calibrationMs"":100}",transfer,0,10,31.405050499999994,314.05050499999993,81.47291,19.966427000000003,99968,-0.05030558556095022,28,1008.6831549999999,"[{""calls"":5,""ms"":157.03425199999992},{""calls"":5,""ms"":156.95525500000008}]","[31.406850399999986,31.391051000000015]"
historical-separate,Held14 transfer: tree-bitonic,tree-bitonic,candidate,/home/ai/bend2/build/publish/bend/selfhost/build/phase30/final-transfer-plan-14/tree-bitonic-timing/report.json,b8001e18308d196e3b84c80f18f94382064ed0cb9d431438a50ff11d27fc6a09,abb50d18f514bd9322084c1193a4e8e7fdd45d01adb8d19e8a3470bdc19bb487,"{""args"":[8,0],""expected"":971629740,""exportName"":""bench"",""warmupCalls"":3,""warmupMs"":1000,""calibrationMs"":100}",transfer,1,10,31.86505490000002,318.6505490000002,81.39915600000002,19.871661999999993,99784,-0.8516861263830999,28,1025.557953,"[{""calls"":5,""ms"":159.98323300000015},{""calls"":5,""ms"":158.620678}]","[31.99664660000003,31.7241356]"
historical-separate,Held14 transfer: tree-bitonic,tree-bitonic,candidate,/home/ai/bend2/build/publish/bend/selfhost/build/phase30/final-transfer-plan-14/tree-bitonic-timing/report.json,b8001e18308d196e3b84c80f18f94382064ed0cb9d431438a50ff11d27fc6a09,abb50d18f514bd9322084c1193a4e8e7fdd45d01adb8d19e8a3470bdc19bb487,"{""args"":[8,0],""expected"":971629740,""exportName"":""bench"",""warmupCalls"":3,""warmupMs"":1000,""calibrationMs"":100}",transfer,2,10,31.799471500000003,317.99471500000004,82.824474,19.805347999999995,99480,-0.922098421235118,28,1017.1598309999999,"[{""calls"":5,""ms"":159.71071700000016},{""calls"":5,""ms"":158.23802699999987}]","[31.94214340000003,31.647605399999975]"
historical-separate,Held14 transfer: tree-bitonic,tree-bitonic,candidate,/home/ai/bend2/build/publish/bend/selfhost/build/phase30/final-transfer-plan-14/tree-bitonic-timing/report.json,b8001e18308d196e3b84c80f18f94382064ed0cb9d431438a50ff11d27fc6a09,abb50d18f514bd9322084c1193a4e8e7fdd45d01adb8d19e8a3470bdc19bb487,"{""args"":[8,0],""expected"":971629740,""exportName"":""bench"",""warmupCalls"":3,""warmupMs"":1000,""calibrationMs"":100}",transfer,3,10,32.35396860000001,323.5396860000001,81.43580899999999,19.949241,99560,0.06807762717242483,27,1000.097548,"[{""calls"":5,""ms"":161.69188699999995},{""calls"":5,""ms"":161.8019629999999}]","[32.33837739999999,32.360392599999976]"
historical-separate,Held14 transfer: tree-bitonic,tree-bitonic,candidate,/home/ai/bend2/build/publish/bend/selfhost/build/phase30/final-transfer-plan-14/tree-bitonic-timing/report.json,b8001e18308d196e3b84c80f18f94382064ed0cb9d431438a50ff11d27fc6a09,abb50d18f514bd9322084c1193a4e8e7fdd45d01adb8d19e8a3470bdc19bb487,"{""args"":[8,0],""expected"":971629740,""exportName"":""bench"",""warmupCalls"":3,""warmupMs"":1000,""calibrationMs"":100}",transfer,4,10,32.3617117,323.617117,82.05821300000001,19.982102999999995,100052,-2.2323886341103383,28,1031.7494860000002,"[{""calls"":5,""ms"":163.61196900000004},{""calls"":5,""ms"":159.9595139999999}]","[32.722393800000006,31.99190279999998]"
historical-separate,Held14 transfer: lexer,lexer,typescript,/home/ai/bend2/build/publish/bend/selfhost/build/phase30/final-transfer-plan-14/lexer-timing/report.json,3de1e28f69c498e2847ca7fcb3ed47574d6a5bd531e20ca8a11c2f9b4b251830,2d9378dfdcacc5904f4b2ac65fd90ba1dcc4a51d9c68b00f6042c42aaeadbbba,"{""args"":[8,0],""expected"":1822208108,""exportName"":""bench"",""warmupCalls"":3,""warmupMs"":1000,""calibrationMs"":100}",transfer,0,158,1.9124805759493662,302.17193099999986,21.231537999999993,1.128855999999999,63648,-1.0712999596035444,507,1001.721321,"[{""calls"":79,""ms"":151.88005799999996},{""calls"":79,""ms"":150.25296700000013}]","[1.922532379746835,1.9019362911392421]"
historical-separate,Held14 transfer: lexer,lexer,typescript,/home/ai/bend2/build/publish/bend/selfhost/build/phase30/final-transfer-plan-14/lexer-timing/report.json,3de1e28f69c498e2847ca7fcb3ed47574d6a5bd531e20ca8a11c2f9b4b251830,2d9378dfdcacc5904f4b2ac65fd90ba1dcc4a51d9c68b00f6042c42aaeadbbba,"{""args"":[8,0],""expected"":1822208108,""exportName"":""bench"",""warmupCalls"":3,""warmupMs"":1000,""calibrationMs"":100}",transfer,1,158,1.9077405949367086,301.42301399999997,20.06849400000001,1.135902999999999,63700,-0.41656560847079804,506,1000.99561,"[{""calls"":79,""ms"":151.00622499999986},{""calls"":79,""ms"":150.37718499999983}]","[1.9114712025316438,1.9035086708860738]"
historical-separate,Held14 transfer: lexer,lexer,typescript,/home/ai/bend2/build/publish/bend/selfhost/build/phase30/final-transfer-plan-14/lexer-timing/report.json,3de1e28f69c498e2847ca7fcb3ed47574d6a5bd531e20ca8a11c2f9b4b251830,2d9378dfdcacc5904f4b2ac65fd90ba1dcc4a51d9c68b00f6042c42aaeadbbba,"{""args"":[8,0],""expected"":1822208108,""exportName"":""bench"",""warmupCalls"":3,""warmupMs"":1000,""calibrationMs"":100}",transfer,2,158,1.913968943037975,302.40709300000003,20.239119999999993,1.1158040000000042,63428,-0.011687748752453597,507,1000.3824729999999,"[{""calls"":79,""ms"":151.1925040000001},{""calls"":79,""ms"":151.17483300000004}]","[1.9138291645569632,1.9136054810126586]"
historical-separate,Held14 transfer: lexer,lexer,typescript,/home/ai/bend2/build/publish/bend/selfhost/build/phase30/final-transfer-plan-14/lexer-timing/report.json,3de1e28f69c498e2847ca7fcb3ed47574d6a5bd531e20ca8a11c2f9b4b251830,2d9378dfdcacc5904f4b2ac65fd90ba1dcc4a51d9c68b00f6042c42aaeadbbba,"{""args"":[8,0],""expected"":1822208108,""exportName"":""bench"",""warmupCalls"":3,""warmupMs"":1000,""calibrationMs"":100}",transfer,3,158,1.9013225822784823,300.4089680000002,20.119034,1.1189370000000025,63412,-0.4905486224837108,507,1000.779429,"[{""calls"":79,""ms"":150.55551400000013},{""calls"":79,""ms"":149.81696599999987}]","[1.9057660000000016,1.8964172911392387]"
historical-separate,Held14 transfer: lexer,lexer,typescript,/home/ai/bend2/build/publish/bend/selfhost/build/phase30/final-transfer-plan-14/lexer-timing/report.json,3de1e28f69c498e2847ca7fcb3ed47574d6a5bd531e20ca8a11c2f9b4b251830,2d9378dfdcacc5904f4b2ac65fd90ba1dcc4a51d9c68b00f6042c42aaeadbbba,"{""args"":[8,0],""expected"":1822208108,""exportName"":""bench"",""warmupCalls"":3,""warmupMs"":1000,""calibrationMs"":100}",transfer,4,158,1.9179196392405062,303.031303,20.022099000000004,1.1385760000000005,63488,-0.9401354942929707,502,1000.990783,"[{""calls"":79,""ms"":152.212315},{""calls"":79,""ms"":150.78131299999995}]","[1.926738164556962,1.908624215189873]"
historical-separate,Held14 transfer: lexer,lexer,phase29,/home/ai/bend2/build/publish/bend/selfhost/build/phase30/final-transfer-plan-14/lexer-timing/report.json,3de1e28f69c498e2847ca7fcb3ed47574d6a5bd531e20ca8a11c2f9b4b251830,1f5e140803c8a6f19eadc7dd8880b7a9372f9a70fc80a81dd98b886104d85d7d,"{""args"":[8,0],""expected"":1822208108,""exportName"":""bench"",""warmupCalls"":3,""warmupMs"":1000,""calibrationMs"":100}",transfer,0,2,176.62190800000008,353.24381600000015,318.761995,20.013455999999998,72184,-0.22231194090303052,5,1027.961391,"[{""calls"":1,""ms"":176.79707099999996},{""calls"":1,""ms"":176.40403000000015}]","[176.79707099999996,176.40403000000015]"
historical-separate,Held14 transfer: lexer,lexer,phase29,/home/ai/bend2/build/publish/bend/selfhost/build/phase30/final-transfer-plan-14/lexer-timing/report.json,3de1e28f69c498e2847ca7fcb3ed47574d6a5bd531e20ca8a11c2f9b4b251830,1f5e140803c8a6f19eadc7dd8880b7a9372f9a70fc80a81dd98b886104d85d7d,"{""args"":[8,0],""expected"":1822208108,""exportName"":""bench"",""warmupCalls"":3,""warmupMs"":1000,""calibrationMs"":100}",transfer,1,2,175.53635050000003,351.07270100000005,319.59868500000005,20.346527000000002,72256,-0.43984091270168335,5,1019.9247209999999,"[{""calls"":1,""ms"":175.902918},{""calls"":1,""ms"":175.1292249999999}]","[175.902918,175.1292249999999]"
historical-separate,Held14 transfer: lexer,lexer,phase29,/home/ai/bend2/build/publish/bend/selfhost/build/phase30/final-transfer-plan-14/lexer-timing/report.json,3de1e28f69c498e2847ca7fcb3ed47574d6a5bd531e20ca8a11c2f9b4b251830,1f5e140803c8a6f19eadc7dd8880b7a9372f9a70fc80a81dd98b886104d85d7d,"{""args"":[8,0],""expected"":1822208108,""exportName"":""bench"",""warmupCalls"":3,""warmupMs"":1000,""calibrationMs"":100}",transfer,2,2,174.94487100000003,349.88974200000007,318.50316899999996,19.968978000000007,72076,-0.38152358086878113,5,1018.6275599999999,"[{""calls"":1,""ms"":175.256795},{""calls"":1,""ms"":174.58814900000016}]","[175.256795,174.58814900000016]"
historical-separate,Held14 transfer: lexer,lexer,phase29,/home/ai/bend2/build/publish/bend/selfhost/build/phase30/final-transfer-plan-14/lexer-timing/report.json,3de1e28f69c498e2847ca7fcb3ed47574d6a5bd531e20ca8a11c2f9b4b251830,1f5e140803c8a6f19eadc7dd8880b7a9372f9a70fc80a81dd98b886104d85d7d,"{""args"":[8,0],""expected"":1822208108,""exportName"":""bench"",""warmupCalls"":3,""warmupMs"":1000,""calibrationMs"":100}",transfer,3,2,175.07392600000003,350.14785200000006,318.08588399999996,19.866580999999996,72556,-1.306542759630469,5,1017.1369440000001,"[{""calls"":1,""ms"":176.20242299999995},{""calls"":1,""ms"":173.900263}]","[176.20242299999995,173.900263]"
historical-separate,Held14 transfer: lexer,lexer,phase29,/home/ai/bend2/build/publish/bend/selfhost/build/phase30/final-transfer-plan-14/lexer-timing/report.json,3de1e28f69c498e2847ca7fcb3ed47574d6a5bd531e20ca8a11c2f9b4b251830,1f5e140803c8a6f19eadc7dd8880b7a9372f9a70fc80a81dd98b886104d85d7d,"{""args"":[8,0],""expected"":1822208108,""exportName"":""bench"",""warmupCalls"":3,""warmupMs"":1000,""calibrationMs"":100}",transfer,4,2,174.9903395,349.980679,320.472902,19.830709999999996,72272,0.07179387850109187,5,1031.956138,"[{""calls"":1,""ms"":174.90627700000005},{""calls"":1,""ms"":175.0318490000002}]","[174.90627700000005,175.0318490000002]"
historical-separate,Held14 transfer: lexer,lexer,candidate,/home/ai/bend2/build/publish/bend/selfhost/build/phase30/final-transfer-plan-14/lexer-timing/report.json,3de1e28f69c498e2847ca7fcb3ed47574d6a5bd531e20ca8a11c2f9b4b251830,c1ec72635240e43b605ef97894369631d1d6118c7358f1794fd44192ea8e0982,"{""args"":[8,0],""expected"":1822208108,""exportName"":""bench"",""warmupCalls"":3,""warmupMs"":1000,""calibrationMs"":100}",transfer,0,2,210.31069550000007,420.62139100000013,349.679347,20.33398499999999,71556,0.5190349766450719,5,1190.081238,"[{""calls"":1,""ms"":209.74501699999996},{""calls"":1,""ms"":210.8336670000001}]","[209.74501699999996,210.8336670000001]"
historical-separate,Held14 transfer: lexer,lexer,candidate,/home/ai/bend2/build/publish/bend/selfhost/build/phase30/final-transfer-plan-14/lexer-timing/report.json,3de1e28f69c498e2847ca7fcb3ed47574d6a5bd531e20ca8a11c2f9b4b251830,c1ec72635240e43b605ef97894369631d1d6118c7358f1794fd44192ea8e0982,"{""args"":[8,0],""expected"":1822208108,""exportName"":""bench"",""warmupCalls"":3,""warmupMs"":1000,""calibrationMs"":100}",transfer,1,2,210.06813499999998,420.13626999999997,347.863682,20.84118,71384,-0.07170415715775924,5,1187.423932,"[{""calls"":1,""ms"":210.1231029999999},{""calls"":1,""ms"":209.97243600000002}]","[210.1231029999999,209.97243600000002]"
historical-separate,Held14 transfer: lexer,lexer,candidate,/home/ai/bend2/build/publish/bend/selfhost/build/phase30/final-transfer-plan-14/lexer-timing/report.json,3de1e28f69c498e2847ca7fcb3ed47574d6a5bd531e20ca8a11c2f9b4b251830,c1ec72635240e43b605ef97894369631d1d6118c7358f1794fd44192ea8e0982,"{""args"":[8,0],""expected"":1822208108,""exportName"":""bench"",""warmupCalls"":3,""warmupMs"":1000,""calibrationMs"":100}",transfer,2,2,210.84746799999994,421.69493599999987,348.702452,20.365498000000002,71864,-0.20062523682273792,5,1196.436545,"[{""calls"":1,""ms"":211.03875399999993},{""calls"":1,""ms"":210.61535699999968}]","[211.03875399999993,210.61535699999968]"
historical-separate,Held14 transfer: lexer,lexer,candidate,/home/ai/bend2/build/publish/bend/selfhost/build/phase30/final-transfer-plan-14/lexer-timing/report.json,3de1e28f69c498e2847ca7fcb3ed47574d6a5bd531e20ca8a11c2f9b4b251830,c1ec72635240e43b605ef97894369631d1d6118c7358f1794fd44192ea8e0982,"{""args"":[8,0],""expected"":1822208108,""exportName"":""bench"",""warmupCalls"":3,""warmupMs"":1000,""calibrationMs"":100}",transfer,3,2,217.61164499999995,435.2232899999999,350.851584,20.259434,71624,2.9524226172968238,5,1206.754811,"[{""calls"":1,""ms"":214.42272400000002},{""calls"":1,""ms"":220.75338899999997}]","[214.42272400000002,220.75338899999997]"
historical-separate,Held14 transfer: lexer,lexer,candidate,/home/ai/bend2/build/publish/bend/selfhost/build/phase30/final-transfer-plan-14/lexer-timing/report.json,3de1e28f69c498e2847ca7fcb3ed47574d6a5bd531e20ca8a11c2f9b4b251830,c1ec72635240e43b605ef97894369631d1d6118c7358f1794fd44192ea8e0982,"{""args"":[8,0],""expected"":1822208108,""exportName"":""bench"",""warmupCalls"":3,""warmupMs"":1000,""calibrationMs"":100}",transfer,4,2,214.375132,428.750264,353.712175,20.156024000000002,71628,-1.5877509411032165,4,1038.975944,"[{""calls"":1,""ms"":216.06688499999996},{""calls"":1,""ms"":212.63628100000005}]","[216.06688499999996,212.63628100000005]"
historical-separate,Held14 transfer: symreg,symreg,typescript,/home/ai/bend2/build/publish/bend/selfhost/build/phase30/final-transfer-plan-14/symreg-timing/report.json,86a88360edb80baeda1d276895c1de9b1fa47d8f54328283bf29ddcab72fea98,545d6112dbbb0cc66074407a0daf7076b148f9d311e7e9bbffff3376f8e00651,"{""args"":[6,42],""expected"":2490246820,""exportName"":""bench"",""warmupCalls"":3,""warmupMs"":1000,""calibrationMs"":100}",transfer,0,273,1.1034816996337,301.2505040000001,9.220756000000002,1.0766130000000018,62956,-0.404242739150551,873,1000.237096,"[{""calls"":136,""ms"":150.36042899999984},{""calls"":137,""ms"":150.85373000000004}]","[1.1055913897058811,1.1011221167883214]"
historical-separate,Held14 transfer: symreg,symreg,typescript,/home/ai/bend2/build/publish/bend/selfhost/build/phase30/final-transfer-plan-14/symreg-timing/report.json,86a88360edb80baeda1d276895c1de9b1fa47d8f54328283bf29ddcab72fea98,545d6112dbbb0cc66074407a0daf7076b148f9d311e7e9bbffff3376f8e00651,"{""args"":[6,42],""expected"":2490246820,""exportName"":""bench"",""warmupCalls"":3,""warmupMs"":1000,""calibrationMs"":100}",transfer,1,273,1.1050942014652012,301.69071699999995,9.280127,1.066227000000005,65192,-0.7367908800950396,857,1000.3971849999999,"[{""calls"":136,""ms"":150.83140700000013},{""calls"":137,""ms"":150.82097799999997}]","[1.109054463235295,1.1008830510948904]"
historical-separate,Held14 transfer: symreg,symreg,typescript,/home/ai/bend2/build/publish/bend/selfhost/build/phase30/final-transfer-plan-14/symreg-timing/report.json,86a88360edb80baeda1d276895c1de9b1fa47d8f54328283bf29ddcab72fea98,545d6112dbbb0cc66074407a0daf7076b148f9d311e7e9bbffff3376f8e00651,"{""args"":[6,42],""expected"":2490246820,""exportName"":""bench"",""warmupCalls"":3,""warmupMs"":1000,""calibrationMs"":100}",transfer,2,273,1.1030985897435899,301.14591500000006,9.19193,1.0570319999999995,65116,-0.14189032668685542,873,1000.291052,"[{""calls"":136,""ms"":150.10960899999986},{""calls"":137,""ms"":150.99879899999996}]","[1.103747124999999,1.1021810145985398]"
historical-separate,Held14 transfer: symreg,symreg,typescript,/home/ai/bend2/build/publish/bend/selfhost/build/phase30/final-transfer-plan-14/symreg-timing/report.json,86a88360edb80baeda1d276895c1de9b1fa47d8f54328283bf29ddcab72fea98,545d6112dbbb0cc66074407a0daf7076b148f9d311e7e9bbffff3376f8e00651,"{""args"":[6,42],""expected"":2490246820,""exportName"":""bench"",""warmupCalls"":3,""warmupMs"":1000,""calibrationMs"":100}",transfer,3,273,1.1042088205128198,301.4490079999998,14.432893000000007,1.917494000000005,62488,0.8372318046920624,867,1000.5396830000001,"[{""calls"":136,""ms"":149.52390300000002},{""calls"":137,""ms"":151.88441000000012}]","[1.0994404632352943,1.108645328467154]"
historical-separate,Held14 transfer: symreg,symreg,typescript,/home/ai/bend2/build/publish/bend/selfhost/build/phase30/final-transfer-plan-14/symreg-timing/report.json,86a88360edb80baeda1d276895c1de9b1fa47d8f54328283bf29ddcab72fea98,545d6112dbbb0cc66074407a0daf7076b148f9d311e7e9bbffff3376f8e00651,"{""args"":[6,42],""expected"":2490246820,""exportName"":""bench"",""warmupCalls"":3,""warmupMs"":1000,""calibrationMs"":100}",transfer,4,273,1.1096291245421241,302.9287509999999,9.184695000000005,1.072099999999999,63092,-0.09864914496235944,874,1000.8265670000001,"[{""calls"":136,""ms"":150.96405000000004},{""calls"":137,""ms"":151.92406000000005}]","[1.110029779411765,1.1089347445255477]"
historical-separate,Held14 transfer: symreg,symreg,phase29,/home/ai/bend2/build/publish/bend/selfhost/build/phase30/final-transfer-plan-14/symreg-timing/report.json,86a88360edb80baeda1d276895c1de9b1fa47d8f54328283bf29ddcab72fea98,d252d573449d06ab88d88243c0a18b237e3643de94b4cbd75141086b9f57661e,"{""args"":[6,42],""expected"":2490246820,""exportName"":""bench"",""warmupCalls"":3,""warmupMs"":1000,""calibrationMs"":100}",transfer,0,3,106.45799200000003,319.3739760000001,224.01749399999997,19.697233000000004,78400,-1.1778759591327348,9,1084.367628,"[{""calls"":1,""ms"":107.2812879999999},{""calls"":2,""ms"":212.0352949999999}]","[107.2812879999999,106.01764749999995]"
historical-separate,Held14 transfer: symreg,symreg,phase29,/home/ai/bend2/build/publish/bend/selfhost/build/phase30/final-transfer-plan-14/symreg-timing/report.json,86a88360edb80baeda1d276895c1de9b1fa47d8f54328283bf29ddcab72fea98,d252d573449d06ab88d88243c0a18b237e3643de94b4cbd75141086b9f57661e,"{""args"":[6,42],""expected"":2490246820,""exportName"":""bench"",""warmupCalls"":3,""warmupMs"":1000,""calibrationMs"":100}",transfer,1,3,105.75848199999996,317.2754459999999,221.605299,19.959302000000008,78320,-0.6806438649549662,9,1072.6191319999998,"[{""calls"":1,""ms"":106.22500799999989},{""calls"":2,""ms"":211.00398799999994}]","[106.22500799999989,105.50199399999997]"
historical-separate,Held14 transfer: symreg,symreg,phase29,/home/ai/bend2/build/publish/bend/selfhost/build/phase30/final-transfer-plan-14/symreg-timing/report.json,86a88360edb80baeda1d276895c1de9b1fa47d8f54328283bf29ddcab72fea98,d252d573449d06ab88d88243c0a18b237e3643de94b4cbd75141086b9f57661e,"{""args"":[6,42],""expected"":2490246820,""exportName"":""bench"",""warmupCalls"":3,""warmupMs"":1000,""calibrationMs"":100}",transfer,2,3,107.50892466666664,322.52677399999993,221.747679,19.84464700000001,80484,-0.7769368890654604,9,1072.374089,"[{""calls"":1,""ms"":108.05208399999992},{""calls"":2,""ms"":214.42517499999985}]","[108.05208399999992,107.21258749999993]"
historical-separate,Held14 transfer: symreg,symreg,phase29,/home/ai/bend2/build/publish/bend/selfhost/build/phase30/final-transfer-plan-14/symreg-timing/report.json,86a88360edb80baeda1d276895c1de9b1fa47d8f54328283bf29ddcab72fea98,d252d573449d06ab88d88243c0a18b237e3643de94b4cbd75141086b9f57661e,"{""args"":[6,42],""expected"":2490246820,""exportName"":""bench"",""warmupCalls"":3,""warmupMs"":1000,""calibrationMs"":100}",transfer,3,3,106.22878199999998,318.68634599999996,221.43461499999998,19.873278,78484,-1.0860645557425164,9,1076.0243409999998,"[{""calls"":1,""ms"":106.98521499999993},{""calls"":2,""ms"":211.646573}]","[106.98521499999993,105.8232865]"
historical-separate,Held14 transfer: symreg,symreg,phase29,/home/ai/bend2/build/publish/bend/selfhost/build/phase30/final-transfer-plan-14/symreg-timing/report.json,86a88360edb80baeda1d276895c1de9b1fa47d8f54328283bf29ddcab72fea98,d252d573449d06ab88d88243c0a18b237e3643de94b4cbd75141086b9f57661e,"{""args"":[6,42],""expected"":2490246820,""exportName"":""bench"",""warmupCalls"":3,""warmupMs"":1000,""calibrationMs"":100}",transfer,4,3,105.92071299999998,317.76213899999993,224.27079699999996,19.63168900000001,78224,-1.101381608365093,9,1073.292357,"[{""calls"":1,""ms"":106.68913399999997},{""calls"":2,""ms"":211.02815899999996}]","[106.68913399999997,105.51407949999998]"
historical-separate,Held14 transfer: symreg,symreg,candidate,/home/ai/bend2/build/publish/bend/selfhost/build/phase30/final-transfer-plan-14/symreg-timing/report.json,86a88360edb80baeda1d276895c1de9b1fa47d8f54328283bf29ddcab72fea98,c979699da6161e2b184f74308b2e22ae708bb1466eaaf651079ac416f35e1f98,"{""args"":[6,42],""expected"":2490246820,""exportName"":""bench"",""warmupCalls"":3,""warmupMs"":1000,""calibrationMs"":100}",transfer,0,3,134.07992166666668,402.23976500000003,253.251291,20.25254199999999,78540,-1.679200650568069,7,1022.853978,"[{""calls"":1,""ms"":135.5824570000002},{""calls"":2,""ms"":266.61151100000006}]","[135.5824570000002,133.30575550000003]"
historical-separate,Held14 transfer: symreg,symreg,candidate,/home/ai/bend2/build/publish/bend/selfhost/build/phase30/final-transfer-plan-14/symreg-timing/report.json,86a88360edb80baeda1d276895c1de9b1fa47d8f54328283bf29ddcab72fea98,c979699da6161e2b184f74308b2e22ae708bb1466eaaf651079ac416f35e1f98,"{""args"":[6,42],""expected"":2490246820,""exportName"":""bench"",""warmupCalls"":3,""warmupMs"":1000,""calibrationMs"":100}",transfer,1,3,132.56862500000003,397.7058750000001,251.33321999999998,20.212628999999993,78556,-1.8156626378428853,7,1016.050917,"[{""calls"":1,""ms"":134.17820299999994},{""calls"":2,""ms"":263.4839589999999}]","[134.17820299999994,131.74197949999996]"
historical-separate,Held14 transfer: symreg,symreg,candidate,/home/ai/bend2/build/publish/bend/selfhost/build/phase30/final-transfer-plan-14/symreg-timing/report.json,86a88360edb80baeda1d276895c1de9b1fa47d8f54328283bf29ddcab72fea98,c979699da6161e2b184f74308b2e22ae708bb1466eaaf651079ac416f35e1f98,"{""args"":[6,42],""expected"":2490246820,""exportName"":""bench"",""warmupCalls"":3,""warmupMs"":1000,""calibrationMs"":100}",transfer,2,3,132.85685566666666,398.570567,251.019591,20.293501999999997,78480,-0.9164563134564818,7,1015.365327,"[{""calls"":1,""ms"":133.65852599999994},{""calls"":2,""ms"":264.8672080000001}]","[133.65852599999994,132.43360400000006]"
historical-separate,Held14 transfer: symreg,symreg,candidate,/home/ai/bend2/build/publish/bend/selfhost/build/phase30/final-transfer-plan-14/symreg-timing/report.json,86a88360edb80baeda1d276895c1de9b1fa47d8f54328283bf29ddcab72fea98,c979699da6161e2b184f74308b2e22ae708bb1466eaaf651079ac416f35e1f98,"{""args"":[6,42],""expected"":2490246820,""exportName"":""bench"",""warmupCalls"":3,""warmupMs"":1000,""calibrationMs"":100}",transfer,3,3,185.16439833333334,555.493195,253.63671399999998,20.257373,78656,-26.866715840971466,7,1027.3936589999998,"[{""calls"":1,""ms"":225.5459780000001},{""calls"":2,""ms"":329.89836200000013}]","[225.5459780000001,164.94918100000007]"
historical-separate,Held14 transfer: symreg,symreg,candidate,/home/ai/bend2/build/publish/bend/selfhost/build/phase30/final-transfer-plan-14/symreg-timing/report.json,86a88360edb80baeda1d276895c1de9b1fa47d8f54328283bf29ddcab72fea98,c979699da6161e2b184f74308b2e22ae708bb1466eaaf651079ac416f35e1f98,"{""args"":[6,42],""expected"":2490246820,""exportName"":""bench"",""warmupCalls"":3,""warmupMs"":1000,""calibrationMs"":100}",transfer,4,3,133.37793299999998,400.13379899999995,250.61162399999998,19.984427999999994,77988,-1.6520855537549783,7,1035.133116,"[{""calls"":1,""ms"":134.84864600000014},{""calls"":2,""ms"":265.2416619999999}]","[134.84864600000014,132.62083099999995]"
historical-separate,Held14 transfer: test-morning-program,test-morning-program,typescript,/home/ai/bend2/build/publish/bend/selfhost/build/phase30/final-transfer-plan-14/test-morning-program-timing/report.json,46b553678bd1877efdaa56f5df929ac8acef8e9013c6b3b406d7231f2b01a70e,faff88b122b84d0d18698210c66233cae52493e3cc68c92d95e0c639e20990ad,"{""args"":[],""expected"":""a-bb-ccc 8 1877 42 lo hello 3"",""exportName"":""main.out"",""warmupCalls"":3,""warmupMs"":1000,""calibrationMs"":100}",transfer,0,84094,0.003816697421932601,320.96135300000014,2.1657259999999923,2.678481000000005,66152,1.4515831545212077,210516,1000.0246999999999,"[{""calls"":42047,""ms"":159.302138},{""calls"":42047,""ms"":161.61454100000014}]","[0.003788668347325612,0.003843664018836068]"
historical-separate,Held14 transfer: test-morning-program,test-morning-program,typescript,/home/ai/bend2/build/publish/bend/selfhost/build/phase30/final-transfer-plan-14/test-morning-program-timing/report.json,46b553678bd1877efdaa56f5df929ac8acef8e9013c6b3b406d7231f2b01a70e,faff88b122b84d0d18698210c66233cae52493e3cc68c92d95e0c639e20990ad,"{""args"":[],""expected"":""a-bb-ccc 8 1877 42 lo hello 3"",""exportName"":""main.out"",""warmupCalls"":3,""warmupMs"":1000,""calibrationMs"":100}",transfer,1,84094,0.0036780963921326133,309.305838,2.173611000000001,2.6612539999999996,67276,2.210850988195312,215928,1000.0264300000001,"[{""calls"":42047,""ms"":152.9389369999999},{""calls"":42047,""ms"":156.3201889999998}]","[0.0036373329131685946,0.003717748923823336]"
historical-separate,Held14 transfer: test-morning-program,test-morning-program,typescript,/home/ai/bend2/build/publish/bend/selfhost/build/phase30/final-transfer-plan-14/test-morning-program-timing/report.json,46b553678bd1877efdaa56f5df929ac8acef8e9013c6b3b406d7231f2b01a70e,faff88b122b84d0d18698210c66233cae52493e3cc68c92d95e0c639e20990ad,"{""args"":[],""expected"":""a-bb-ccc 8 1877 42 lo hello 3"",""exportName"":""main.out"",""warmupCalls"":3,""warmupMs"":1000,""calibrationMs"":100}",transfer,2,84094,0.0036756162151877656,309.09727,2.2082090000000036,2.633547,67720,2.165288838624768,220858,1000.026142,"[{""calls"":42047,""ms"":152.87055199999986},{""calls"":42047,""ms"":156.18064099999992}]","[0.0036357065188955184,0.003714430066354316]"
historical-separate,Held14 transfer: test-morning-program,test-morning-program,typescript,/home/ai/bend2/build/publish/bend/selfhost/build/phase30/final-transfer-plan-14/test-morning-program-timing/report.json,46b553678bd1877efdaa56f5df929ac8acef8e9013c6b3b406d7231f2b01a70e,faff88b122b84d0d18698210c66233cae52493e3cc68c92d95e0c639e20990ad,"{""args"":[],""expected"":""a-bb-ccc 8 1877 42 lo hello 3"",""exportName"":""main.out"",""warmupCalls"":3,""warmupMs"":1000,""calibrationMs"":100}",transfer,3,84094,0.003684293243275381,309.8269559999999,2.1925600000000003,2.6756500000000045,66488,1.2638489324421132,223512,1000.0280389999999,"[{""calls"":42047,""ms"":153.918633},{""calls"":42047,""ms"":155.86393199999998}]","[0.0036606329345732157,0.0037068978048374434]"
historical-separate,Held14 transfer: test-morning-program,test-morning-program,typescript,/home/ai/bend2/build/publish/bend/selfhost/build/phase30/final-transfer-plan-14/test-morning-program-timing/report.json,46b553678bd1877efdaa56f5df929ac8acef8e9013c6b3b406d7231f2b01a70e,faff88b122b84d0d18698210c66233cae52493e3cc68c92d95e0c639e20990ad,"{""args"":[],""expected"":""a-bb-ccc 8 1877 42 lo hello 3"",""exportName"":""main.out"",""warmupCalls"":3,""warmupMs"":1000,""calibrationMs"":100}",transfer,4,84094,0.0038254431588460535,321.696817,2.250396000000009,2.6583360000000056,67692,-0.03680974371378376,210219,1000.0283330000001,"[{""calls"":42047,""ms"":160.854149},{""calls"":42047,""ms"":160.7949390000001}]","[0.0038255796846386188,0.0038241714985611367]"
historical-separate,Held14 transfer: test-morning-program,test-morning-program,phase29,/home/ai/bend2/build/publish/bend/selfhost/build/phase30/final-transfer-plan-14/test-morning-program-timing/report.json,46b553678bd1877efdaa56f5df929ac8acef8e9013c6b3b406d7231f2b01a70e,f9431ea138f00f8913c09c9aaca21f599a9a50c7a9ba3ff194f4748ab9f06ac0,"{""args"":[],""expected"":""a-bb-ccc 8 1877 42 lo hello 3"",""exportName"":""main.out"",""warmupCalls"":3,""warmupMs"":1000,""calibrationMs"":100}",transfer,0,1483,0.22535837963587318,334.20647699999995,9.967262000000005,20.897812000000002,72292,-21.818593958730702,3521,1000.0996700000001,"[{""calls"":741,""ms"":187.4304279999999},{""calls"":742,""ms"":146.73349800000005}]","[0.25294254790823195,0.19775404043126693]"
historical-separate,Held14 transfer: test-morning-program,test-morning-program,phase29,/home/ai/bend2/build/publish/bend/selfhost/build/phase30/final-transfer-plan-14/test-morning-program-timing/report.json,46b553678bd1877efdaa56f5df929ac8acef8e9013c6b3b406d7231f2b01a70e,f9431ea138f00f8913c09c9aaca21f599a9a50c7a9ba3ff194f4748ab9f06ac0,"{""args"":[],""expected"":""a-bb-ccc 8 1877 42 lo hello 3"",""exportName"":""main.out"",""warmupCalls"":3,""warmupMs"":1000,""calibrationMs"":100}",transfer,1,1483,0.2248940438300742,333.517867,9.942533999999995,21.082198000000005,72452,-20.59041440799325,3525,1000.0683640000001,"[{""calls"":741,""ms"":185.76308400000016},{""calls"":742,""ms"":147.71276899999998}]","[0.2506924210526318,0.19907381266846358]"
historical-separate,Held14 transfer: test-morning-program,test-morning-program,phase29,/home/ai/bend2/build/publish/bend/selfhost/build/phase30/final-transfer-plan-14/test-morning-program-timing/report.json,46b553678bd1877efdaa56f5df929ac8acef8e9013c6b3b406d7231f2b01a70e,f9431ea138f00f8913c09c9aaca21f599a9a50c7a9ba3ff194f4748ab9f06ac0,"{""args"":[],""expected"":""a-bb-ccc 8 1877 42 lo hello 3"",""exportName"":""main.out"",""warmupCalls"":3,""warmupMs"":1000,""calibrationMs"":100}",transfer,2,1483,0.22457399393122057,333.0432330000001,9.940200999999988,21.056129999999996,72204,-19.745190764419018,3519,1000.0077949999999,"[{""calls"":741,""ms"":184.62768200000005},{""calls"":742,""ms"":148.37255699999992}]","[0.24916016464237523,0.19996301482479772]"
historical-separate,Held14 transfer: test-morning-program,test-morning-program,phase29,/home/ai/bend2/build/publish/bend/selfhost/build/phase30/final-transfer-plan-14/test-morning-program-timing/report.json,46b553678bd1877efdaa56f5df929ac8acef8e9013c6b3b406d7231f2b01a70e,f9431ea138f00f8913c09c9aaca21f599a9a50c7a9ba3ff194f4748ab9f06ac0,"{""args"":[],""expected"":""a-bb-ccc 8 1877 42 lo hello 3"",""exportName"":""main.out"",""warmupCalls"":3,""warmupMs"":1000,""calibrationMs"":100}",transfer,3,1483,0.22285169318948078,330.489061,11.140968,23.15442800000001,72200,-20.2422453903769,3474,1000.0078189999999,"[{""calls"":741,""ms"":183.718169},{""calls"":742,""ms"":146.72723199999996}]","[0.24793275168690956,0.1977455956873315]"
historical-separate,Held14 transfer: test-morning-program,test-morning-program,phase29,/home/ai/bend2/build/publish/bend/selfhost/build/phase30/final-transfer-plan-14/test-morning-program-timing/report.json,46b553678bd1877efdaa56f5df929ac8acef8e9013c6b3b406d7231f2b01a70e,f9431ea138f00f8913c09c9aaca21f599a9a50c7a9ba3ff194f4748ab9f06ac0,"{""args"":[],""expected"":""a-bb-ccc 8 1877 42 lo hello 3"",""exportName"":""main.out"",""warmupCalls"":3,""warmupMs"":1000,""calibrationMs"":100}",transfer,4,1483,0.21397156574511136,317.31983200000013,9.812027999999998,21.241664,72136,-14.36516797692471,3527,1009.851628,"[{""calls"":741,""ms"":170.80805499999997},{""calls"":742,""ms"":146.46858799999995}]","[0.23051019568151143,0.19739701886792446]"
historical-separate,Held14 transfer: test-morning-program,test-morning-program,candidate,/home/ai/bend2/build/publish/bend/selfhost/build/phase30/final-transfer-plan-14/test-morning-program-timing/report.json,46b553678bd1877efdaa56f5df929ac8acef8e9013c6b3b406d7231f2b01a70e,68420fc6c4a9f457d156a819a7aa6d3e8f5cea50f3599b8bebfb11732c4fc263,"{""args"":[],""expected"":""a-bb-ccc 8 1877 42 lo hello 3"",""exportName"":""main.out"",""warmupCalls"":3,""warmupMs"":1000,""calibrationMs"":100}",transfer,0,889,0.3050272823397077,271.16925400000014,10.253430999999992,21.523086,72504,18.204774208338126,2724,1000.0990639999999,"[{""calls"":444,""ms"":124.10260700000003},{""calls"":445,""ms"":147.02560100000005}]","[0.2795103761261262,0.33039460898876416]"
historical-separate,Held14 transfer: test-morning-program,test-morning-program,candidate,/home/ai/bend2/build/publish/bend/selfhost/build/phase30/final-transfer-plan-14/test-morning-program-timing/report.json,46b553678bd1877efdaa56f5df929ac8acef8e9013c6b3b406d7231f2b01a70e,68420fc6c4a9f457d156a819a7aa6d3e8f5cea50f3599b8bebfb11732c4fc263,"{""args"":[],""expected"":""a-bb-ccc 8 1877 42 lo hello 3"",""exportName"":""main.out"",""warmupCalls"":3,""warmupMs"":1000,""calibrationMs"":100}",transfer,1,889,0.29741442969628784,264.4014279999999,10.223483000000002,21.254148999999998,72544,25.185383628329582,2741,1000.82553,"[{""calls"":444,""ms"":117.24944800000003},{""calls"":445,""ms"":147.10975499999995}]","[0.2640753333333334,0.3305837191011235]"
historical-separate,Held14 transfer: test-morning-program,test-morning-program,candidate,/home/ai/bend2/build/publish/bend/selfhost/build/phase30/final-transfer-plan-14/test-morning-program-timing/report.json,46b553678bd1877efdaa56f5df929ac8acef8e9013c6b3b406d7231f2b01a70e,68420fc6c4a9f457d156a819a7aa6d3e8f5cea50f3599b8bebfb11732c4fc263,"{""args"":[],""expected"":""a-bb-ccc 8 1877 42 lo hello 3"",""exportName"":""main.out"",""warmupCalls"":3,""warmupMs"":1000,""calibrationMs"":100}",transfer,2,889,0.29573250281214825,262.9061949999998,10.186768,21.451318,72880,25.416184769002914,2741,1002.999144,"[{""calls"":444,""ms"":116.4666850000001},{""calls"":445,""ms"":146.39705500000014}]","[0.26231235360360383,0.32898214606741605]"
historical-separate,Held14 transfer: test-morning-program,test-morning-program,candidate,/home/ai/bend2/build/publish/bend/selfhost/build/phase30/final-transfer-plan-14/test-morning-program-timing/report.json,46b553678bd1877efdaa56f5df929ac8acef8e9013c6b3b406d7231f2b01a70e,68420fc6c4a9f457d156a819a7aa6d3e8f5cea50f3599b8bebfb11732c4fc263,"{""args"":[],""expected"":""a-bb-ccc 8 1877 42 lo hello 3"",""exportName"":""main.out"",""warmupCalls"":3,""warmupMs"":1000,""calibrationMs"":100}",transfer,3,889,0.30367280202474684,269.96512099999995,10.700565000000012,21.299443999999994,72540,20.02944849835484,2739,1000.044815,"[{""calls"":444,""ms"":122.52523799999994},{""calls"":445,""ms"":147.39759800000002}]","[0.2759577432432431,0.3312305573033708]"
historical-separate,Held14 transfer: test-morning-program,test-morning-program,candidate,/home/ai/bend2/build/publish/bend/selfhost/build/phase30/final-transfer-plan-14/test-morning-program-timing/report.json,46b553678bd1877efdaa56f5df929ac8acef8e9013c6b3b406d7231f2b01a70e,68420fc6c4a9f457d156a819a7aa6d3e8f5cea50f3599b8bebfb11732c4fc263,"{""args"":[],""expected"":""a-bb-ccc 8 1877 42 lo hello 3"",""exportName"":""main.out"",""warmupCalls"":3,""warmupMs"":1000,""calibrationMs"":100}",transfer,4,889,0.2950708098987625,262.3179499999999,10.203575999999998,21.429549,72400,25.367889457695682,2741,1002.5695880000001,"[{""calls"":444,""ms"":116.23114200000009},{""calls"":445,""ms"":146.04471999999987}]","[0.26178185135135157,0.32819038202247164]"
historical-separate,Held14 transfer: test-evening-program,test-evening-program,typescript,/home/ai/bend2/build/publish/bend/selfhost/build/phase30/final-transfer-plan-14/test-evening-program-timing/report.json,906ba05d5768d5d5f99d6ef4bf73ad1660892ce6bd985747218ffe7d96e0970d,0c1d34b107501041c6e5a3bb5b896e91b8ab56b8826c3f616ea6b4e3a3e1d6d0,"{""args"":[],""expected"":81111,""exportName"":""main.out"",""warmupCalls"":3,""warmupMs"":1000,""calibrationMs"":100}",transfer,0,97137,0.00314634665472477,305.626675,2.5028760000000005,3.025051000000005,65492,-0.7107357292313932,261611,1000.0258709999999,"[{""calls"":48568,""ms"":153.33345499999996},{""calls"":48569,""ms"":152.24679400000014}]","[0.0031570881032778777,0.003134649550124568]"
historical-separate,Held14 transfer: test-evening-program,test-evening-program,typescript,/home/ai/bend2/build/publish/bend/selfhost/build/phase30/final-transfer-plan-14/test-evening-program-timing/report.json,906ba05d5768d5d5f99d6ef4bf73ad1660892ce6bd985747218ffe7d96e0970d,0c1d34b107501041c6e5a3bb5b896e91b8ab56b8826c3f616ea6b4e3a3e1d6d0,"{""args"":[],""expected"":81111,""exportName"":""main.out"",""warmupCalls"":3,""warmupMs"":1000,""calibrationMs"":100}",transfer,1,97137,0.003165829385301172,307.5191689999999,2.518065,2.9957080000000005,66320,-2.8287933381952457,254097,1000.027306,"[{""calls"":48568,""ms"":155.9373680000001},{""calls"":48569,""ms"":151.52934200000004}]","[0.003210701861307859,0.0031198777409458716]"
historical-separate,Held14 transfer: test-evening-program,test-evening-program,typescript,/home/ai/bend2/build/publish/bend/selfhost/build/phase30/final-transfer-plan-14/test-evening-program-timing/report.json,906ba05d5768d5d5f99d6ef4bf73ad1660892ce6bd985747218ffe7d96e0970d,0c1d34b107501041c6e5a3bb5b896e91b8ab56b8826c3f616ea6b4e3a3e1d6d0,"{""args"":[],""expected"":81111,""exportName"":""main.out"",""warmupCalls"":3,""warmupMs"":1000,""calibrationMs"":100}",transfer,2,97137,0.0031335827645490393,304.38682900000003,2.4827860000000044,2.978952999999997,65752,-0.6124571181165717,262642,1000.0263369999999,"[{""calls"":48568,""ms"":152.635088},{""calls"":48569,""ms"":151.70338700000002}]","[0.003142708944160764,0.0031234611995305654]"
historical-separate,Held14 transfer: test-evening-program,test-evening-program,typescript,/home/ai/bend2/build/publish/bend/selfhost/build/phase30/final-transfer-plan-14/test-evening-program-timing/report.json,906ba05d5768d5d5f99d6ef4bf73ad1660892ce6bd985747218ffe7d96e0970d,0c1d34b107501041c6e5a3bb5b896e91b8ab56b8826c3f616ea6b4e3a3e1d6d0,"{""args"":[],""expected"":81111,""exportName"":""main.out"",""warmupCalls"":3,""warmupMs"":1000,""calibrationMs"":100}",transfer,3,97137,0.00316639804605866,307.57440700000006,2.5125420000000034,2.914119999999997,65584,-1.0222001813591564,254108,1000.026463,"[{""calls"":48568,""ms"":154.548454},{""calls"":48569,""ms"":152.97180900000012}]","[0.003182104554439137,0.003149577075912622]"
historical-separate,Held14 transfer: test-evening-program,test-evening-program,typescript,/home/ai/bend2/build/publish/bend/selfhost/build/phase30/final-transfer-plan-14/test-evening-program-timing/report.json,906ba05d5768d5d5f99d6ef4bf73ad1660892ce6bd985747218ffe7d96e0970d,0c1d34b107501041c6e5a3bb5b896e91b8ab56b8826c3f616ea6b4e3a3e1d6d0,"{""args"":[],""expected"":81111,""exportName"":""main.out"",""warmupCalls"":3,""warmupMs"":1000,""calibrationMs"":100}",transfer,4,97137,0.0031416940197864867,305.17473199999995,2.525700999999998,2.9602450000000005,65740,-1.0583387977391778,262111,1000.025079,"[{""calls"":48568,""ms"":153.3753210000002},{""calls"":48569,""ms"":151.75521500000013}]","[0.003157950111184323,0.003124528299944412]"
historical-separate,Held14 transfer: test-evening-program,test-evening-program,phase29,/home/ai/bend2/build/publish/bend/selfhost/build/phase30/final-transfer-plan-14/test-evening-program-timing/report.json,906ba05d5768d5d5f99d6ef4bf73ad1660892ce6bd985747218ffe7d96e0970d,96bf6ad0006eed050ba8213858e4fe72282483622be3dcdc5a6948f9790a4291,"{""args"":[],""expected"":81111,""exportName"":""main.out"",""warmupCalls"":3,""warmupMs"":1000,""calibrationMs"":100}",transfer,0,760,0.3111837447368424,236.4996460000002,12.294194000000005,22.814529999999998,73208,213.18848133085123,4866,1000.06165,"[{""calls"":380,""ms"":57.22751399999993},{""calls"":380,""ms"":179.22998200000006}]","[0.1505987210526314,0.4716578473684212]"
historical-separate,Held14 transfer: test-evening-program,test-evening-program,phase29,/home/ai/bend2/build/publish/bend/selfhost/build/phase30/final-transfer-plan-14/test-evening-program-timing/report.json,906ba05d5768d5d5f99d6ef4bf73ad1660892ce6bd985747218ffe7d96e0970d,96bf6ad0006eed050ba8213858e4fe72282483622be3dcdc5a6948f9790a4291,"{""args"":[],""expected"":81111,""exportName"":""main.out"",""warmupCalls"":3,""warmupMs"":1000,""calibrationMs"":100}",transfer,1,760,0.2956179500000001,224.66964200000007,12.324572000000003,23.033450999999992,73444,191.17521854121034,4822,1000.140326,"[{""calls"":380,""ms"":57.42360899999994},{""calls"":380,""ms"":167.20331899999996}]","[0.15111476052631564,0.4400087342105262]"
historical-separate,Held14 transfer: test-evening-program,test-evening-program,phase29,/home/ai/bend2/build/publish/bend/selfhost/build/phase30/final-transfer-plan-14/test-evening-program-timing/report.json,906ba05d5768d5d5f99d6ef4bf73ad1660892ce6bd985747218ffe7d96e0970d,96bf6ad0006eed050ba8213858e4fe72282483622be3dcdc5a6948f9790a4291,"{""args"":[],""expected"":81111,""exportName"":""main.out"",""warmupCalls"":3,""warmupMs"":1000,""calibrationMs"":100}",transfer,2,760,0.3035794078947369,230.72035000000005,12.394507999999988,23.038845999999992,73720,200.9067319444418,4781,1000.06104,"[{""calls"":380,""ms"":57.53872500000011},{""calls"":380,""ms"":173.13789699999984}]","[0.15141769736842134,0.4556260447368417]"
historical-separate,Held14 transfer: test-evening-program,test-evening-program,phase29,/home/ai/bend2/build/publish/bend/selfhost/build/phase30/final-transfer-plan-14/test-evening-program-timing/report.json,906ba05d5768d5d5f99d6ef4bf73ad1660892ce6bd985747218ffe7d96e0970d,96bf6ad0006eed050ba8213858e4fe72282483622be3dcdc5a6948f9790a4291,"{""args"":[],""expected"":81111,""exportName"":""main.out"",""warmupCalls"":3,""warmupMs"":1000,""calibrationMs"":100}",transfer,3,760,0.31541929999999996,239.71866799999998,12.361571999999995,22.806655999999997,72604,215.23653114165745,4802,1000.1380909999999,"[{""calls"":380,""ms"":57.72083500000008},{""calls"":380,""ms"":181.95715799999994}]","[0.15189693421052652,0.4788346263157893]"
historical-separate,Held14 transfer: test-evening-program,test-evening-program,phase29,/home/ai/bend2/build/publish/bend/selfhost/build/phase30/final-transfer-plan-14/test-evening-program-timing/report.json,906ba05d5768d5d5f99d6ef4bf73ad1660892ce6bd985747218ffe7d96e0970d,96bf6ad0006eed050ba8213858e4fe72282483622be3dcdc5a6948f9790a4291,"{""args"":[],""expected"":81111,""exportName"":""main.out"",""warmupCalls"":3,""warmupMs"":1000,""calibrationMs"":100}",transfer,4,760,0.30036111447368424,228.274447,12.325266999999997,22.664648999999997,73828,195.61740368108457,4765,1000.00519,"[{""calls"":380,""ms"":57.690278000000035},{""calls"":380,""ms"":170.542502}]","[0.15181652105263166,0.44879605789473687]"
historical-separate,Held14 transfer: test-evening-program,test-evening-program,candidate,/home/ai/bend2/build/publish/bend/selfhost/build/phase30/final-transfer-plan-14/test-evening-program-timing/report.json,906ba05d5768d5d5f99d6ef4bf73ad1660892ce6bd985747218ffe7d96e0970d,b658083a83b833157e90a4787a9c531a1095f0f0ef13d8a134679b53ffaf844a,"{""args"":[],""expected"":81111,""exportName"":""main.out"",""warmupCalls"":3,""warmupMs"":1000,""calibrationMs"":100}",transfer,0,1060,0.18849911415094353,199.80906100000016,12.685513,23.110539999999993,71828,1.7939407136791097,4129,1000.1351970000001,"[{""calls"":530,""ms"":98.99106399999982},{""calls"":530,""ms"":100.76690499999995}]","[0.18677559245282985,0.19012623584905652]"
historical-separate,Held14 transfer: test-evening-program,test-evening-program,candidate,/home/ai/bend2/build/publish/bend/selfhost/build/phase30/final-transfer-plan-14/test-evening-program-timing/report.json,906ba05d5768d5d5f99d6ef4bf73ad1660892ce6bd985747218ffe7d96e0970d,b658083a83b833157e90a4787a9c531a1095f0f0ef13d8a134679b53ffaf844a,"{""args"":[],""expected"":81111,""exportName"":""main.out"",""warmupCalls"":3,""warmupMs"":1000,""calibrationMs"":100}",transfer,1,1060,0.18165435377358494,192.55361500000004,12.572320000000005,23.234327999999998,71580,-4.234728078403305,4103,1000.0315440000002,"[{""calls"":530,""ms"":98.33863999999994},{""calls"":530,""ms"":94.17426599999999}]","[0.18554460377358478,0.17768729433962263]"
historical-separate,Held14 transfer: test-evening-program,test-evening-program,candidate,/home/ai/bend2/build/publish/bend/selfhost/build/phase30/final-transfer-plan-14/test-evening-program-timing/report.json,906ba05d5768d5d5f99d6ef4bf73ad1660892ce6bd985747218ffe7d96e0970d,b658083a83b833157e90a4787a9c531a1095f0f0ef13d8a134679b53ffaf844a,"{""args"":[],""expected"":81111,""exportName"":""main.out"",""warmupCalls"":3,""warmupMs"":1000,""calibrationMs"":100}",transfer,2,1060,0.1881574292452829,199.44687499999986,12.631006000000014,23.215024,70920,-3.742803715344578,4076,1000.043005,"[{""calls"":530,""ms"":101.60468700000001},{""calls"":530,""ms"":97.80182299999979}]","[0.1917069566037736,0.18453174150943355]"
historical-separate,Held14 transfer: test-evening-program,test-evening-program,candidate,/home/ai/bend2/build/publish/bend/selfhost/build/phase30/final-transfer-plan-14/test-evening-program-timing/report.json,906ba05d5768d5d5f99d6ef4bf73ad1660892ce6bd985747218ffe7d96e0970d,b658083a83b833157e90a4787a9c531a1095f0f0ef13d8a134679b53ffaf844a,"{""args"":[],""expected"":81111,""exportName"":""main.out"",""warmupCalls"":3,""warmupMs"":1000,""calibrationMs"":100}",transfer,3,1060,0.17918370283018875,189.93472500000007,12.698606999999996,23.207266999999995,71804,-3.668557512470727,4169,1000.2886000000001,"[{""calls"":530,""ms"":96.72003199999995},{""calls"":530,""ms"":93.17180199999984}]","[0.18249062641509423,0.1757958528301884]"
historical-separate,Held14 transfer: test-evening-program,test-evening-program,candidate,/home/ai/bend2/build/publish/bend/selfhost/build/phase30/final-transfer-plan-14/test-evening-program-timing/report.json,906ba05d5768d5d5f99d6ef4bf73ad1660892ce6bd985747218ffe7d96e0970d,b658083a83b833157e90a4787a9c531a1095f0f0ef13d8a134679b53ffaf844a,"{""args"":[],""expected"":81111,""exportName"":""main.out"",""warmupCalls"":3,""warmupMs"":1000,""calibrationMs"":100}",transfer,4,1060,0.18104622735849055,191.909001,12.636368000000004,23.284281,71924,-3.6767047026058597,4128,1000.1160629999999,"[{""calls"":530,""ms"":97.73063899999988},{""calls"":530,""ms"":94.13737200000014}]","[0.1843974320754715,0.17761768301886818]"
historical-separate,Held14 transfer: test-rle-roundtrip,test-rle-roundtrip,typescript,/home/ai/bend2/build/publish/bend/selfhost/build/phase30/final-transfer-plan-14/test-rle-roundtrip-timing/report.json,9c6d5845851b8b91d222412d5859c7af31c39a40f9254e42fc6c4d9e85f35ea4,f21a8eb4239ff0db7fbfda6121f24b04b48c5478fe6de5798660ca5b417c80a8,"{""args"":[],""expected"":11,""exportName"":""main.out"",""warmupCalls"":3,""warmupMs"":1000,""calibrationMs"":100}",transfer,0,505192,0.0006000577384439972,303.14436899999987,0.5055349999999947,0.896765000000002,63120,1.9476025060184643,1399874,1000.025557,"[{""calls"":252596,""ms"":150.08652899999993},{""calls"":252596,""ms"":153.00961800000005}]","[0.0005941761904384865,0.0006057483808136314]"
historical-separate,Held14 transfer: test-rle-roundtrip,test-rle-roundtrip,typescript,/home/ai/bend2/build/publish/bend/selfhost/build/phase30/final-transfer-plan-14/test-rle-roundtrip-timing/report.json,9c6d5845851b8b91d222412d5859c7af31c39a40f9254e42fc6c4d9e85f35ea4,f21a8eb4239ff0db7fbfda6121f24b04b48c5478fe6de5798660ca5b417c80a8,"{""args"":[],""expected"":11,""exportName"":""main.out"",""warmupCalls"":3,""warmupMs"":1000,""calibrationMs"":100}",transfer,1,505192,0.0005949647124261665,300.5714129999999,0.5071979999999954,0.8944529999999986,62976,-0.1326302320048489,1400387,1000.0252049999999,"[{""calls"":252596,""ms"":150.3631539999999},{""calls"":252596,""ms"":150.16372699999988}]","[0.0005952713186273729,0.0005944818088964191]"
historical-separate,Held14 transfer: test-rle-roundtrip,test-rle-roundtrip,typescript,/home/ai/bend2/build/publish/bend/selfhost/build/phase30/final-transfer-plan-14/test-rle-roundtrip-timing/report.json,9c6d5845851b8b91d222412d5859c7af31c39a40f9254e42fc6c4d9e85f35ea4,f21a8eb4239ff0db7fbfda6121f24b04b48c5478fe6de5798660ca5b417c80a8,"{""args"":[],""expected"":11,""exportName"":""main.out"",""warmupCalls"":3,""warmupMs"":1000,""calibrationMs"":100}",transfer,2,505192,0.0005937637512074614,299.9646969999999,0.517832999999996,0.9097379999999973,63104,1.644184882109645,1398836,1000.0252670000001,"[{""calls"":252596,""ms"":148.7378960000001},{""calls"":252596,""ms"":151.18342200000006}]","[0.0005888370995581881,0.0005985186701293768]"
historical-separate,Held14 transfer: test-rle-roundtrip,test-rle-roundtrip,typescript,/home/ai/bend2/build/publish/bend/selfhost/build/phase30/final-transfer-plan-14/test-rle-roundtrip-timing/report.json,9c6d5845851b8b91d222412d5859c7af31c39a40f9254e42fc6c4d9e85f35ea4,f21a8eb4239ff0db7fbfda6121f24b04b48c5478fe6de5798660ca5b417c80a8,"{""args"":[],""expected"":11,""exportName"":""main.out"",""warmupCalls"":3,""warmupMs"":1000,""calibrationMs"":100}",transfer,3,505192,0.0006094440648307974,307.8862660000002,0.5075909999999979,0.9301480000000026,67128,-1.4068827910919568,1387243,1000.0246369999999,"[{""calls"":252596,""ms"":155.01092299999982},{""calls"":252596,""ms"":152.830101}]","[0.0006136713289204889,0.0006050376926000412]"
historical-separate,Held14 transfer: test-rle-roundtrip,test-rle-roundtrip,typescript,/home/ai/bend2/build/publish/bend/selfhost/build/phase30/final-transfer-plan-14/test-rle-roundtrip-timing/report.json,9c6d5845851b8b91d222412d5859c7af31c39a40f9254e42fc6c4d9e85f35ea4,f21a8eb4239ff0db7fbfda6121f24b04b48c5478fe6de5798660ca5b417c80a8,"{""args"":[],""expected"":11,""exportName"":""main.out"",""warmupCalls"":3,""warmupMs"":1000,""calibrationMs"":100}",transfer,4,505192,0.000591189413134016,298.6641619999998,0.5048559999999966,0.8990239999999972,65044,1.1494547707885605,1378563,1000.025357,"[{""calls"":252596,""ms"":148.4566460000001},{""calls"":252596,""ms"":150.1630879999998}]","[0.0005877236614989948,0.0005944792791651482]"
historical-separate,Held14 transfer: test-rle-roundtrip,test-rle-roundtrip,phase29,/home/ai/bend2/build/publish/bend/selfhost/build/phase30/final-transfer-plan-14/test-rle-roundtrip-timing/report.json,9c6d5845851b8b91d222412d5859c7af31c39a40f9254e42fc6c4d9e85f35ea4,ad8657b5b37a6a1fc1cf2054b37cd19a9626e0c26737887a2000bae08d05e483,"{""args"":[],""expected"":11,""exportName"":""main.out"",""warmupCalls"":3,""warmupMs"":1000,""calibrationMs"":100}",transfer,0,6669,0.044569090268406074,297.2312630000001,3.200687000000002,19.60696,69608,-0.2364405578129225,16778,1000.033951,"[{""calls"":3334,""ms"":148.74964},{""calls"":3335,""ms"":148.44244600000002}]","[0.044615968806238755,0.044510478560719643]"
historical-separate,Held14 transfer: test-rle-roundtrip,test-rle-roundtrip,phase29,/home/ai/bend2/build/publish/bend/selfhost/build/phase30/final-transfer-plan-14/test-rle-roundtrip-timing/report.json,9c6d5845851b8b91d222412d5859c7af31c39a40f9254e42fc6c4d9e85f35ea4,ad8657b5b37a6a1fc1cf2054b37cd19a9626e0c26737887a2000bae08d05e483,"{""args"":[],""expected"":11,""exportName"":""main.out"",""warmupCalls"":3,""warmupMs"":1000,""calibrationMs"":100}",transfer,1,6669,0.04516675003748687,301.21705599999996,3.158242999999999,19.782604999999997,69404,-0.8535606017970543,17151,1000.030677,"[{""calls"":3334,""ms"":151.21119199999998},{""calls"":3335,""ms"":149.96548000000007}]","[0.04535428674265146,0.044967160419790125]"
historical-separate,Held14 transfer: test-rle-roundtrip,test-rle-roundtrip,phase29,/home/ai/bend2/build/publish/bend/selfhost/build/phase30/final-transfer-plan-14/test-rle-roundtrip-timing/report.json,9c6d5845851b8b91d222412d5859c7af31c39a40f9254e42fc6c4d9e85f35ea4,ad8657b5b37a6a1fc1cf2054b37cd19a9626e0c26737887a2000bae08d05e483,"{""args"":[],""expected"":11,""exportName"":""main.out"",""warmupCalls"":3,""warmupMs"":1000,""calibrationMs"":100}",transfer,2,6669,0.04760188918878393,317.456999,3.192998000000003,19.473283000000002,69080,11.296733364344114,17160,1000.0584030000001,"[{""calls"":3334,""ms"":150.19979000000012},{""calls"":3335,""ms"":167.21759999999995}]","[0.045050926814637106,0.05014020989505246]"
historical-separate,Held14 transfer: test-rle-roundtrip,test-rle-roundtrip,phase29,/home/ai/bend2/build/publish/bend/selfhost/build/phase30/final-transfer-plan-14/test-rle-roundtrip-timing/report.json,9c6d5845851b8b91d222412d5859c7af31c39a40f9254e42fc6c4d9e85f35ea4,ad8657b5b37a6a1fc1cf2054b37cd19a9626e0c26737887a2000bae08d05e483,"{""args"":[],""expected"":11,""exportName"":""main.out"",""warmupCalls"":3,""warmupMs"":1000,""calibrationMs"":100}",transfer,3,6669,0.04496199880041986,299.85157000000004,3.241829999999993,20.018735000000007,73612,1.9370765389635336,17441,1000.0580010000001,"[{""calls"":3334,""ms"":148.44549099999995},{""calls"":3335,""ms"":151.36638099999982}]","[0.04452474235152968,0.04538722068965512]"
historical-separate,Held14 transfer: test-rle-roundtrip,test-rle-roundtrip,phase29,/home/ai/bend2/build/publish/bend/selfhost/build/phase30/final-transfer-plan-14/test-rle-roundtrip-timing/report.json,9c6d5845851b8b91d222412d5859c7af31c39a40f9254e42fc6c4d9e85f35ea4,ad8657b5b37a6a1fc1cf2054b37cd19a9626e0c26737887a2000bae08d05e483,"{""args"":[],""expected"":11,""exportName"":""main.out"",""warmupCalls"":3,""warmupMs"":1000,""calibrationMs"":100}",transfer,4,6669,0.044131164342480135,294.310735,3.138258999999991,19.252364,70860,-0.45988065513433707,17514,1000.0532450000001,"[{""calls"":3334,""ms"":147.4534279999998},{""calls"":3335,""ms"":146.819342}]","[0.04422718296340726,0.04402379070464768]"
historical-separate,Held14 transfer: test-rle-roundtrip,test-rle-roundtrip,candidate,/home/ai/bend2/build/publish/bend/selfhost/build/phase30/final-transfer-plan-14/test-rle-roundtrip-timing/report.json,9c6d5845851b8b91d222412d5859c7af31c39a40f9254e42fc6c4d9e85f35ea4,15f0597e68c8feeba7dcb502d8f7d2f241d470da98936f167825896549004f03,"{""args"":[],""expected"":11,""exportName"":""main.out"",""warmupCalls"":3,""warmupMs"":1000,""calibrationMs"":100}",transfer,0,4207,0.07981669812217733,335.788849,3.5893119999999925,19.659576,70464,-17.923664881715084,10576,1004.3306480000001,"[{""calls"":2103,""ms"":184.35980900000004},{""calls"":2104,""ms"":151.38772700000004}]","[0.08766514931050881,0.07195234173003805]"
historical-separate,Held14 transfer: test-rle-roundtrip,test-rle-roundtrip,candidate,/home/ai/bend2/build/publish/bend/selfhost/build/phase30/final-transfer-plan-14/test-rle-roundtrip-timing/report.json,9c6d5845851b8b91d222412d5859c7af31c39a40f9254e42fc6c4d9e85f35ea4,15f0597e68c8feeba7dcb502d8f7d2f241d470da98936f167825896549004f03,"{""args"":[],""expected"":11,""exportName"":""main.out"",""warmupCalls"":3,""warmupMs"":1000,""calibrationMs"":100}",transfer,1,4207,0.07563695887806038,318.20468600000004,3.559018999999992,19.773707,70484,-7.026711906510153,10805,1000.058086,"[{""calls"":2103,""ms"":164.8381179999999},{""calls"":2104,""ms"":153.32829300000003}]","[0.07838236709462668,0.07287466397338405]"
historical-separate,Held14 transfer: test-rle-roundtrip,test-rle-roundtrip,candidate,/home/ai/bend2/build/publish/bend/selfhost/build/phase30/final-transfer-plan-14/test-rle-roundtrip-timing/report.json,9c6d5845851b8b91d222412d5859c7af31c39a40f9254e42fc6c4d9e85f35ea4,15f0597e68c8feeba7dcb502d8f7d2f241d470da98936f167825896549004f03,"{""args"":[],""expected"":11,""exportName"":""main.out"",""warmupCalls"":3,""warmupMs"":1000,""calibrationMs"":100}",transfer,2,4207,0.07505278512003803,315.747067,3.7089280000000002,19.669578,70764,-6.552523180300451,10790,1000.0184439999999,"[{""calls"":2103,""ms"":163.162241},{""calls"":2104,""ms"":152.5434990000001}]","[0.07758546885401807,0.07250166302281374]"
historical-separate,Held14 transfer: test-rle-roundtrip,test-rle-roundtrip,candidate,/home/ai/bend2/build/publish/bend/selfhost/build/phase30/final-transfer-plan-14/test-rle-roundtrip-timing/report.json,9c6d5845851b8b91d222412d5859c7af31c39a40f9254e42fc6c4d9e85f35ea4,15f0597e68c8feeba7dcb502d8f7d2f241d470da98936f167825896549004f03,"{""args"":[],""expected"":11,""exportName"":""main.out"",""warmupCalls"":3,""warmupMs"":1000,""calibrationMs"":100}",transfer,3,4207,0.0730932331827906,307.503232,3.5464780000000076,19.595389999999995,72388,-4.735564604219899,10919,1000.0671189999999,"[{""calls"":2103,""ms"":157.4246770000002},{""calls"":2104,""ms"":150.04104200000006}]","[0.07485719305753695,0.07131228231939167]"
historical-separate,Held14 transfer: test-rle-roundtrip,test-rle-roundtrip,candidate,/home/ai/bend2/build/publish/bend/selfhost/build/phase30/final-transfer-plan-14/test-rle-roundtrip-timing/report.json,9c6d5845851b8b91d222412d5859c7af31c39a40f9254e42fc6c4d9e85f35ea4,15f0597e68c8feeba7dcb502d8f7d2f241d470da98936f167825896549004f03,"{""args"":[],""expected"":11,""exportName"":""main.out"",""warmupCalls"":3,""warmupMs"":1000,""calibrationMs"":100}",transfer,4,4207,0.07022199477062042,295.42393200000015,3.5478399999999937,19.748527000000003,71696,-2.9128286412125726,11223,1000.0246279999999,"[{""calls"":2103,""ms"":149.839782},{""calls"":2104,""ms"":145.54438100000016}]","[0.0712504907275321,0.06917508602661604]"
historical-separate,Held14 transfer: test-map-set-ops,test-map-set-ops,typescript,/home/ai/bend2/build/publish/bend/selfhost/build/phase30/final-transfer-plan-14/test-map-set-ops-timing/report.json,ac7e87255a6d86010876d2f712a00f7490f2f81a00832164f65d1795b749c6ad,91812e3092688bdc609a2f9f21c1280120b8392eab7cd7148586702bf551e9bf,"{""args"":[],""expected"":11111,""exportName"":""main.out"",""warmupCalls"":3,""warmupMs"":1000,""calibrationMs"":100}",transfer,0,13140,0.022081825570776252,290.15518799999995,5.290478999999998,3.1828360000000018,69188,-0.8440468254293232,33491,1000.0433350000001,"[{""calls"":6570,""ms"":145.56893800000012},{""calls"":6570,""ms"":144.34026799999992}]","[0.022156611567732132,0.021969599391171983]"
historical-separate,Held14 transfer: test-map-set-ops,test-map-set-ops,typescript,/home/ai/bend2/build/publish/bend/selfhost/build/phase30/final-transfer-plan-14/test-map-set-ops-timing/report.json,ac7e87255a6d86010876d2f712a00f7490f2f81a00832164f65d1795b749c6ad,91812e3092688bdc609a2f9f21c1280120b8392eab7cd7148586702bf551e9bf,"{""args"":[],""expected"":11111,""exportName"":""main.out"",""warmupCalls"":3,""warmupMs"":1000,""calibrationMs"":100}",transfer,1,13140,0.0226191199391172,297.215236,5.211376999999992,3.1858649999999997,78688,-0.8080690972570359,31294,1000.03446,"[{""calls"":6570,""ms"":149.09801700000003},{""calls"":6570,""ms"":147.89320199999997}]","[0.022693762100456625,0.022510380821917805]"
historical-separate,Held14 transfer: test-map-set-ops,test-map-set-ops,typescript,/home/ai/bend2/build/publish/bend/selfhost/build/phase30/final-transfer-plan-14/test-map-set-ops-timing/report.json,ac7e87255a6d86010876d2f712a00f7490f2f81a00832164f65d1795b749c6ad,91812e3092688bdc609a2f9f21c1280120b8392eab7cd7148586702bf551e9bf,"{""args"":[],""expected"":11111,""exportName"":""main.out"",""warmupCalls"":3,""warmupMs"":1000,""calibrationMs"":100}",transfer,2,13140,0.022165119025875202,291.24966400000017,5.371651999999997,3.119563999999997,73816,-0.9308468577559514,32987,1000.1267560000001,"[{""calls"":6570,""ms"":146.191824},{""calls"":6570,""ms"":144.8310019999999}]","[0.022251419178082193,0.02204429254185691]"
historical-separate,Held14 transfer: test-map-set-ops,test-map-set-ops,typescript,/home/ai/bend2/build/publish/bend/selfhost/build/phase30/final-transfer-plan-14/test-map-set-ops-timing/report.json,ac7e87255a6d86010876d2f712a00f7490f2f81a00832164f65d1795b749c6ad,91812e3092688bdc609a2f9f21c1280120b8392eab7cd7148586702bf551e9bf,"{""args"":[],""expected"":11111,""exportName"":""main.out"",""warmupCalls"":3,""warmupMs"":1000,""calibrationMs"":100}",transfer,3,13140,0.022070256849315056,290.0031749999998,5.24072799999999,3.094366999999991,71520,-0.9212878317525153,33286,1000.0415790000001,"[{""calls"":6570,""ms"":145.5652570000002},{""calls"":6570,""ms"":144.22418199999993}]","[0.022156051293759544,0.021951930289193292]"
historical-separate,Held14 transfer: test-map-set-ops,test-map-set-ops,typescript,/home/ai/bend2/build/publish/bend/selfhost/build/phase30/final-transfer-plan-14/test-map-set-ops-timing/report.json,ac7e87255a6d86010876d2f712a00f7490f2f81a00832164f65d1795b749c6ad,91812e3092688bdc609a2f9f21c1280120b8392eab7cd7148586702bf551e9bf,"{""args"":[],""expected"":11111,""exportName"":""main.out"",""warmupCalls"":3,""warmupMs"":1000,""calibrationMs"":100}",transfer,4,13140,0.021950529071537286,288.42995199999996,5.493190000000006,3.1595470000000034,69432,-0.6897093240502139,33438,1000.033991,"[{""calls"":6570,""ms"":144.60033599999997},{""calls"":6570,""ms"":143.60301400000003}]","[0.02200918356164383,0.021857384170471846]"
historical-separate,Held14 transfer: test-map-set-ops,test-map-set-ops,phase29,/home/ai/bend2/build/publish/bend/selfhost/build/phase30/final-transfer-plan-14/test-map-set-ops-timing/report.json,ac7e87255a6d86010876d2f712a00f7490f2f81a00832164f65d1795b749c6ad,a05e0f45be9d5aa3057c296ea767782798df49f582b4b17d80800589184388e5,"{""args"":[],""expected"":11111,""exportName"":""main.out"",""warmupCalls"":3,""warmupMs"":1000,""calibrationMs"":100}",transfer,0,120,2.2221877833333337,266.66253400000005,31.283408999999992,22.271054999999997,75184,42.380377874765564,433,1000.0346809999999,"[{""calls"":60,""ms"":109.99840100000006},{""calls"":60,""ms"":156.61613899999998}]","[1.8333066833333342,2.610268983333333]"
historical-separate,Held14 transfer: test-map-set-ops,test-map-set-ops,phase29,/home/ai/bend2/build/publish/bend/selfhost/build/phase30/final-transfer-plan-14/test-map-set-ops-timing/report.json,ac7e87255a6d86010876d2f712a00f7490f2f81a00832164f65d1795b749c6ad,a05e0f45be9d5aa3057c296ea767782798df49f582b4b17d80800589184388e5,"{""args"":[],""expected"":11111,""exportName"":""main.out"",""warmupCalls"":3,""warmupMs"":1000,""calibrationMs"":100}",transfer,1,120,2.2247837583333347,266.97405100000014,32.86016000000001,22.53273399999999,74304,40.79512873336386,431,1000.2083209999998,"[{""calls"":60,""ms"":110.85133300000007},{""calls"":60,""ms"":156.07327699999996}]","[1.8475222166666678,2.6012212833333326]"
historical-separate,Held14 transfer: test-map-set-ops,test-map-set-ops,phase29,/home/ai/bend2/build/publish/bend/selfhost/build/phase30/final-transfer-plan-14/test-map-set-ops-timing/report.json,ac7e87255a6d86010876d2f712a00f7490f2f81a00832164f65d1795b749c6ad,a05e0f45be9d5aa3057c296ea767782798df49f582b4b17d80800589184388e5,"{""args"":[],""expected"":11111,""exportName"":""main.out"",""warmupCalls"":3,""warmupMs"":1000,""calibrationMs"":100}",transfer,2,120,2.2405640249999994,268.86768299999994,30.963653000000008,22.073556000000004,76840,41.10673775968037,430,1000.4996070000001,"[{""calls"":60,""ms"":111.49318700000003},{""calls"":60,""ms"":157.32439900000008}]","[1.8582197833333338,2.622073316666668]"
historical-separate,Held14 transfer: test-map-set-ops,test-map-set-ops,phase29,/home/ai/bend2/build/publish/bend/selfhost/build/phase30/final-transfer-plan-14/test-map-set-ops-timing/report.json,ac7e87255a6d86010876d2f712a00f7490f2f81a00832164f65d1795b749c6ad,a05e0f45be9d5aa3057c296ea767782798df49f582b4b17d80800589184388e5,"{""args"":[],""expected"":11111,""exportName"":""main.out"",""warmupCalls"":3,""warmupMs"":1000,""calibrationMs"":100}",transfer,3,120,2.1930443583333346,263.16532300000017,31.056275,21.814623999999995,77036,40.400634268121415,438,1000.4983119999999,"[{""calls"":60,""ms"":109.448351},{""calls"":60,""ms"":153.66617899999983}]","[1.8241391833333334,2.5611029833333303]"
historical-separate,Held14 transfer: test-map-set-ops,test-map-set-ops,phase29,/home/ai/bend2/build/publish/bend/selfhost/build/phase30/final-transfer-plan-14/test-map-set-ops-timing/report.json,ac7e87255a6d86010876d2f712a00f7490f2f81a00832164f65d1795b749c6ad,a05e0f45be9d5aa3057c296ea767782798df49f582b4b17d80800589184388e5,"{""args"":[],""expected"":11111,""exportName"":""main.out"",""warmupCalls"":3,""warmupMs"":1000,""calibrationMs"":100}",transfer,4,120,2.2266007,267.192084,30.804339999999996,22.184661000000006,76052,39.31147347106296,437,1000.5089440000002,"[{""calls"":60,""ms"":111.63049899999987},{""calls"":60,""ms"":155.514093}]","[1.8605083166666645,2.59190155]"
historical-separate,Held14 transfer: test-map-set-ops,test-map-set-ops,candidate,/home/ai/bend2/build/publish/bend/selfhost/build/phase30/final-transfer-plan-14/test-map-set-ops-timing/report.json,ac7e87255a6d86010876d2f712a00f7490f2f81a00832164f65d1795b749c6ad,847762cf5644d003fc941585bf0c8e98aaa05bc538ce29ed82f259a1bdd3eb5b,"{""args"":[],""expected"":11111,""exportName"":""main.out"",""warmupCalls"":3,""warmupMs"":1000,""calibrationMs"":100}",transfer,0,112,2.2312745535714282,249.90274999999997,32.736591000000004,22.531617999999995,73444,14.512988365770063,388,1000.421779,"[{""calls"":56,""ms"":116.47466099999997},{""calls"":56,""ms"":133.37861500000008}]","[2.079904660714285,2.3817609821428585]"
historical-separate,Held14 transfer: test-map-set-ops,test-map-set-ops,candidate,/home/ai/bend2/build/publish/bend/selfhost/build/phase30/final-transfer-plan-14/test-map-set-ops-timing/report.json,ac7e87255a6d86010876d2f712a00f7490f2f81a00832164f65d1795b749c6ad,847762cf5644d003fc941585bf0c8e98aaa05bc538ce29ed82f259a1bdd3eb5b,"{""args"":[],""expected"":11111,""exportName"":""main.out"",""warmupCalls"":3,""warmupMs"":1000,""calibrationMs"":100}",transfer,1,112,2.0160431964285714,225.79683799999998,32.338049999999996,22.49033,74184,-2.114188248864879,389,1000.955014,"[{""calls"":56,""ms"":114.07650200000012},{""calls"":56,""ms"":111.66471000000001}]","[2.037080392857145,1.9940126785714287]"
historical-separate,Held14 transfer: test-map-set-ops,test-map-set-ops,candidate,/home/ai/bend2/build/publish/bend/selfhost/build/phase30/final-transfer-plan-14/test-map-set-ops-timing/report.json,ac7e87255a6d86010876d2f712a00f7490f2f81a00832164f65d1795b749c6ad,847762cf5644d003fc941585bf0c8e98aaa05bc538ce29ed82f259a1bdd3eb5b,"{""args"":[],""expected"":11111,""exportName"":""main.out"",""warmupCalls"":3,""warmupMs"":1000,""calibrationMs"":100}",transfer,2,112,2.046543375000001,229.2128580000001,32.32498700000001,22.184576,73972,5.560741781470768,393,1000.747829,"[{""calls"":56,""ms"":111.48226700000009},{""calls"":56,""ms"":117.6815079999999}]","[1.9907547678571444,2.101455499999998]"
historical-separate,Held14 transfer: test-map-set-ops,test-map-set-ops,candidate,/home/ai/bend2/build/publish/bend/selfhost/build/phase30/final-transfer-plan-14/test-map-set-ops-timing/report.json,ac7e87255a6d86010876d2f712a00f7490f2f81a00832164f65d1795b749c6ad,847762cf5644d003fc941585bf0c8e98aaa05bc538ce29ed82f259a1bdd3eb5b,"{""args"":[],""expected"":11111,""exportName"":""main.out"",""warmupCalls"":3,""warmupMs"":1000,""calibrationMs"":100}",transfer,3,112,2.0115091249999995,225.28902199999993,32.14841,22.390577,75624,1.4529179342008591,390,1000.657261,"[{""calls"":56,""ms"":111.80466300000012},{""calls"":56,""ms"":113.42909299999997}]","[1.9965118392857164,2.025519517857142]"
historical-separate,Held14 transfer: test-map-set-ops,test-map-set-ops,candidate,/home/ai/bend2/build/publish/bend/selfhost/build/phase30/final-transfer-plan-14/test-map-set-ops-timing/report.json,ac7e87255a6d86010876d2f712a00f7490f2f81a00832164f65d1795b749c6ad,847762cf5644d003fc941585bf0c8e98aaa05bc538ce29ed82f259a1bdd3eb5b,"{""args"":[],""expected"":11111,""exportName"":""main.out"",""warmupCalls"":3,""warmupMs"":1000,""calibrationMs"":100}",transfer,4,112,2.2257420982142855,249.28311499999995,32.65925,22.478752,76500,-13.40897810876891,371,1001.644522,"[{""calls"":56,""ms"":133.56868699999995},{""calls"":56,""ms"":115.65849099999991}]","[2.3851551249999994,2.0653301964285697]"
historical-separate,Held14 transfer: raytrace,raytrace,typescript,/home/ai/bend2/build/publish/bend/selfhost/build/phase30/final-transfer-plan-14/raytrace-timing/report.json,7c17fb85f7849b579c567df87b344d7574eedfd162c646496f87322d25572a10,87bd526f04705416db047a31eb4ccc186f1c90f5c911f57736a3216a7629ddd2,"{""args"":[80,0],""expected"":402971,""exportName"":""bench"",""warmupCalls"":3,""warmupMs"":1000,""calibrationMs"":100}",transfer,0,9,34.205018777777774,307.84516899999994,124.81577199999998,2.4405519999999967,70804,-1.2937911464357632,29,1010.5364010000001,"[{""calls"":4,""ms"":137.79200800000012},{""calls"":5,""ms"":170.01158400000008}]","[34.44800200000003,34.00231680000002]"
historical-separate,Held14 transfer: raytrace,raytrace,typescript,/home/ai/bend2/build/publish/bend/selfhost/build/phase30/final-transfer-plan-14/raytrace-timing/report.json,7c17fb85f7849b579c567df87b344d7574eedfd162c646496f87322d25572a10,87bd526f04705416db047a31eb4ccc186f1c90f5c911f57736a3216a7629ddd2,"{""args"":[80,0],""expected"":402971,""exportName"":""bench"",""warmupCalls"":3,""warmupMs"":1000,""calibrationMs"":100}",transfer,1,9,34.14644577777777,307.31801199999995,126.709454,2.500439,69232,-0.5139755404895641,29,1010.5125660000001,"[{""calls"":4,""ms"":136.95842399999992},{""calls"":5,""ms"":170.31811399999992}]","[34.23960599999998,34.06362279999998]"
historical-separate,Held14 transfer: raytrace,raytrace,typescript,/home/ai/bend2/build/publish/bend/selfhost/build/phase30/final-transfer-plan-14/raytrace-timing/report.json,7c17fb85f7849b579c567df87b344d7574eedfd162c646496f87322d25572a10,87bd526f04705416db047a31eb4ccc186f1c90f5c911f57736a3216a7629ddd2,"{""args"":[80,0],""expected"":402971,""exportName"":""bench"",""warmupCalls"":3,""warmupMs"":1000,""calibrationMs"":100}",transfer,2,9,34.172230333333346,307.5500730000001,126.15760399999999,2.425089000000007,68672,-1.4670290511693773,29,1010.3908180000001,"[{""calls"":4,""ms"":137.79397200000017},{""calls"":5,""ms"":169.71561799999995}]","[34.44849300000004,33.94312359999999]"
historical-separate,Held14 transfer: raytrace,raytrace,typescript,/home/ai/bend2/build/publish/bend/selfhost/build/phase30/final-transfer-plan-14/raytrace-timing/report.json,7c17fb85f7849b579c567df87b344d7574eedfd162c646496f87322d25572a10,87bd526f04705416db047a31eb4ccc186f1c90f5c911f57736a3216a7629ddd2,"{""args"":[80,0],""expected"":402971,""exportName"":""bench"",""warmupCalls"":3,""warmupMs"":1000,""calibrationMs"":100}",transfer,3,9,34.14066077777779,307.2659470000001,126.22253599999999,2.4056289999999976,68672,-0.8555004689798751,29,1008.817959,"[{""calls"":4,""ms"":137.19777399999998},{""calls"":5,""ms"":170.03005800000005}]","[34.299443499999995,34.00601160000001]"
historical-separate,Held14 transfer: raytrace,raytrace,typescript,/home/ai/bend2/build/publish/bend/selfhost/build/phase30/final-transfer-plan-14/raytrace-timing/report.json,7c17fb85f7849b579c567df87b344d7574eedfd162c646496f87322d25572a10,87bd526f04705416db047a31eb4ccc186f1c90f5c911f57736a3216a7629ddd2,"{""args"":[80,0],""expected"":402971,""exportName"":""bench"",""warmupCalls"":3,""warmupMs"":1000,""calibrationMs"":100}",transfer,4,9,34.12015588888888,307.0814029999999,123.55844900000001,2.4048930000000013,69080,-1.227163086412586,29,1008.4394540000001,"[{""calls"":4,""ms"":137.39942299999984},{""calls"":5,""ms"":169.64163499999995}]","[34.34985574999996,33.92832699999999]"
historical-separate,Held14 transfer: raytrace,raytrace,phase29,/home/ai/bend2/build/publish/bend/selfhost/build/phase30/final-transfer-plan-14/raytrace-timing/report.json,7c17fb85f7849b579c567df87b344d7574eedfd162c646496f87322d25572a10,52a93a16fe13e01b7e6cbce350d0f22d7fe0c7581ed649482a5002bfa7d3454c,"{""args"":[80,0],""expected"":402971,""exportName"":""bench"",""warmupCalls"":3,""warmupMs"":1000,""calibrationMs"":100}",transfer,0,1,10503.224102,10503.224102,11526.917171,20.158119,136536,,3,31819.511096999995,"[{""calls"":1,""ms"":10503.188206000006}]",[10503.188206000006]
historical-separate,Held14 transfer: raytrace,raytrace,phase29,/home/ai/bend2/build/publish/bend/selfhost/build/phase30/final-transfer-plan-14/raytrace-timing/report.json,7c17fb85f7849b579c567df87b344d7574eedfd162c646496f87322d25572a10,52a93a16fe13e01b7e6cbce350d0f22d7fe0c7581ed649482a5002bfa7d3454c,"{""args"":[80,0],""expected"":402971,""exportName"":""bench"",""warmupCalls"":3,""warmupMs"":1000,""calibrationMs"":100}",transfer,1,1,10451.736467000002,10451.736467000002,11524.51282,20.428941000000002,135304,,3,31702.271301,"[{""calls"":1,""ms"":10451.702167999996}]",[10451.702167999996]
historical-separate,Held14 transfer: raytrace,raytrace,phase29,/home/ai/bend2/build/publish/bend/selfhost/build/phase30/final-transfer-plan-14/raytrace-timing/report.json,7c17fb85f7849b579c567df87b344d7574eedfd162c646496f87322d25572a10,52a93a16fe13e01b7e6cbce350d0f22d7fe0c7581ed649482a5002bfa7d3454c,"{""args"":[80,0],""expected"":402971,""exportName"":""bench"",""warmupCalls"":3,""warmupMs"":1000,""calibrationMs"":100}",transfer,2,1,10527.867178999993,10527.867178999993,11466.925921,20.340303,135512,,3,31851.290971000002,"[{""calls"":1,""ms"":10527.832325999996}]",[10527.832325999996]
historical-separate,Held14 transfer: raytrace,raytrace,phase29,/home/ai/bend2/build/publish/bend/selfhost/build/phase30/final-transfer-plan-14/raytrace-timing/report.json,7c17fb85f7849b579c567df87b344d7574eedfd162c646496f87322d25572a10,52a93a16fe13e01b7e6cbce350d0f22d7fe0c7581ed649482a5002bfa7d3454c,"{""args"":[80,0],""expected"":402971,""exportName"":""bench"",""warmupCalls"":3,""warmupMs"":1000,""calibrationMs"":100}",transfer,3,1,10572.715087000004,10572.715087000004,11461.273829,20.217490000000005,137228,,3,31929.233712,"[{""calls"":1,""ms"":10572.679111000005}]",[10572.679111000005]
historical-separate,Held14 transfer: raytrace,raytrace,phase29,/home/ai/bend2/build/publish/bend/selfhost/build/phase30/final-transfer-plan-14/raytrace-timing/report.json,7c17fb85f7849b579c567df87b344d7574eedfd162c646496f87322d25572a10,52a93a16fe13e01b7e6cbce350d0f22d7fe0c7581ed649482a5002bfa7d3454c,"{""args"":[80,0],""expected"":402971,""exportName"":""bench"",""warmupCalls"":3,""warmupMs"":1000,""calibrationMs"":100}",transfer,4,1,10624.052227,10624.052227,11552.737577,20.360755000000005,137060,,3,32112.800662999995,"[{""calls"":1,""ms"":10624.018726999995}]",[10624.018726999995]
historical-separate,Held14 transfer: raytrace,raytrace,candidate,/home/ai/bend2/build/publish/bend/selfhost/build/phase30/final-transfer-plan-14/raytrace-timing/report.json,7c17fb85f7849b579c567df87b344d7574eedfd162c646496f87322d25572a10,fc22762988a5f28ffced35a47abc124d5716061e8a737caeabc8d10fe8b360a5,"{""args"":[80,0],""expected"":402971,""exportName"":""bench"",""warmupCalls"":3,""warmupMs"":1000,""calibrationMs"":100}",transfer,0,1,13042.129339,13042.129339,13903.494162,20.585554000000002,136548,,3,39307.553799,"[{""calls"":1,""ms"":13042.094934}]",[13042.094934]
historical-separate,Held14 transfer: raytrace,raytrace,candidate,/home/ai/bend2/build/publish/bend/selfhost/build/phase30/final-transfer-plan-14/raytrace-timing/report.json,7c17fb85f7849b579c567df87b344d7574eedfd162c646496f87322d25572a10,fc22762988a5f28ffced35a47abc124d5716061e8a737caeabc8d10fe8b360a5,"{""args"":[80,0],""expected"":402971,""exportName"":""bench"",""warmupCalls"":3,""warmupMs"":1000,""calibrationMs"":100}",transfer,1,1,12716.265580000007,12716.265580000007,13515.504366,20.562846999999998,135768,,3,38263.358290000004,"[{""calls"":1,""ms"":12716.231454}]",[12716.231454]
historical-separate,Held14 transfer: raytrace,raytrace,candidate,/home/ai/bend2/build/publish/bend/selfhost/build/phase30/final-transfer-plan-14/raytrace-timing/report.json,7c17fb85f7849b579c567df87b344d7574eedfd162c646496f87322d25572a10,fc22762988a5f28ffced35a47abc124d5716061e8a737caeabc8d10fe8b360a5,"{""args"":[80,0],""expected"":402971,""exportName"":""bench"",""warmupCalls"":3,""warmupMs"":1000,""calibrationMs"":100}",transfer,2,1,13027.829827999994,13027.829827999994,13839.580625,20.640802,136892,,3,39212.295581000006,"[{""calls"":1,""ms"":13027.795625999992}]",[13027.795625999992]
historical-separate,Held14 transfer: raytrace,raytrace,candidate,/home/ai/bend2/build/publish/bend/selfhost/build/phase30/final-transfer-plan-14/raytrace-timing/report.json,7c17fb85f7849b579c567df87b344d7574eedfd162c646496f87322d25572a10,fc22762988a5f28ffced35a47abc124d5716061e8a737caeabc8d10fe8b360a5,"{""args"":[80,0],""expected"":402971,""exportName"":""bench"",""warmupCalls"":3,""warmupMs"":1000,""calibrationMs"":100}",transfer,3,1,12817.295412,12817.295412,13542.430389000001,20.776010999999997,135252,,3,38652.730849,"[{""calls"":1,""ms"":12817.263011999996}]",[12817.263011999996]
historical-separate,Held14 transfer: raytrace,raytrace,candidate,/home/ai/bend2/build/publish/bend/selfhost/build/phase30/final-transfer-plan-14/raytrace-timing/report.json,7c17fb85f7849b579c567df87b344d7574eedfd162c646496f87322d25572a10,fc22762988a5f28ffced35a47abc124d5716061e8a737caeabc8d10fe8b360a5,"{""args"":[80,0],""expected"":402971,""exportName"":""bench"",""warmupCalls"":3,""warmupMs"":1000,""calibrationMs"":100}",transfer,4,1,13355.019947,13355.019947,13921.072193999998,20.691193,136080,,3,39189.72305,"[{""calls"":1,""ms"":13354.988212999997}]",[13354.988212999997]
historical-separate,Seven-way isolated row mechanism,runtime-row32,phase29,/home/ai/bend2/build/publish/bend/selfhost/build/phase30/runtime-row-confirm-01/report.json,d77640af138d08940ff3b8b98e8fd7bcb2627321a0181b91544fafeb9fbdb9b3,a1eb7eb33c942c719547d3954f25801d4543d10f06baccf25bf1a32e38009dc0,"{""args"":[32,17],""expected"":""[[0,2,1,1,0,0,0,1,1,0,0,2,3,1,3,1,0,1,0,0,2,1,0,0,0,2,0,2,1,0,2,1,0,0,0,0,0,0,0,0,0,0,0,0,0,0,0,0,0,0,0,0,0,0,0,0,0,0,0,0,0,0,0,0,0,0,0,0,0,0,0,0,0,0,0,0,0,0,0,0,0,0,0,0,0,0,0,0,0,0,0,0,0,0,0,0,0,0,0,0,0,0,0,0,0,0,0,0,0,0,0,0,0,0,0,0,0,0,0,0,0,0,0,0,0,0,0,0],[0,1,2,0,1,0,1,2,0,0,0,0,2,0,0,3,0,1,2,0,1,2,0,0,1,3,3,0,0,3,0,3,0,0,0,0,0,0,0,0,0,0,0,0,0,0,0,0,0,0,0,0,0,0,0,0,0,0,0,0,0,0,0,0,0,0,0,0,0,0,0,0,0,0,0,0,0,0,0,0,0,0,0,0,0,0,0,0,0,0,0,0,0,0,0,0,0,0,0,0,0,0,0,0,0,0,0,0,0,0,0,0,0,0,0,0,0,0,0,0,0,0,0,0,0,0,0,0],[0,1,1,2,3,4,5,6,7,8,9,10,11,12,13,14,15,16,17,18,19,20,21,22,23,24,25,26,27,28,29,30,31,0,0,0,0,0,0,0,0,0,0,0,0,0,0,0,0,0,0,0,0,0,0,0,0,0,0,0,0,0,0,0,0,0,0,0,0,0,0,0,0,0,0,0,0,0,0,0,0,0,0,0,0,0,0,0,0,0,0,0,0,0,0,0,0,0,0,0,0,0,0,0,0,0,0,0,0,0,0,0,0,0,0,0,0,0,0,0,0,0,0,0,0,0,0,0],[0,1,2,3,4,5,6,7,8,9,10,11,12,13,14,15,16,17,18,19,20,21,22,23,24,25,26,27,28,29,30,31,32,0,0,0,0,0,0,0,0,0,0,0,0,0,0,0,0,0,0,0,0,0,0,0,0,0,0,0,0,0,0,0,0,0,0,0,0,0,0,0,0,0,0,0,0,0,0,0,0,0,0,0,0,0,0,0,0,0,0,0,0,0,0,0,0,0,0,0,0,0,0,0,0,0,0,0,0,0,0,0,0,0,0,0,0,0,0,0,0,0,0,0,0,0,0,0]]"",""warmupCalls"":100,""warmupMs"":3000,""calibrationMs"":50,""exportName"":""bench""}",confirm,0,654,0.45717869571865494,298.99486700000034,8.865902000000006,20.986948999999996,78372,1.1009356861573227,6119,3000.0606479999997,"[{""calls"":327,""ms"":148.65881999999965},{""calls"":327,""ms"":150.29545800000005}]","[0.4546141284403659,0.45961913761467904]"
historical-separate,Seven-way isolated row mechanism,runtime-row32,phase29,/home/ai/bend2/build/publish/bend/selfhost/build/phase30/runtime-row-confirm-01/report.json,d77640af138d08940ff3b8b98e8fd7bcb2627321a0181b91544fafeb9fbdb9b3,a1eb7eb33c942c719547d3954f25801d4543d10f06baccf25bf1a32e38009dc0,"{""args"":[32,17],""expected"":""[[0,2,1,1,0,0,0,1,1,0,0,2,3,1,3,1,0,1,0,0,2,1,0,0,0,2,0,2,1,0,2,1,0,0,0,0,0,0,0,0,0,0,0,0,0,0,0,0,0,0,0,0,0,0,0,0,0,0,0,0,0,0,0,0,0,0,0,0,0,0,0,0,0,0,0,0,0,0,0,0,0,0,0,0,0,0,0,0,0,0,0,0,0,0,0,0,0,0,0,0,0,0,0,0,0,0,0,0,0,0,0,0,0,0,0,0,0,0,0,0,0,0,0,0,0,0,0,0],[0,1,2,0,1,0,1,2,0,0,0,0,2,0,0,3,0,1,2,0,1,2,0,0,1,3,3,0,0,3,0,3,0,0,0,0,0,0,0,0,0,0,0,0,0,0,0,0,0,0,0,0,0,0,0,0,0,0,0,0,0,0,0,0,0,0,0,0,0,0,0,0,0,0,0,0,0,0,0,0,0,0,0,0,0,0,0,0,0,0,0,0,0,0,0,0,0,0,0,0,0,0,0,0,0,0,0,0,0,0,0,0,0,0,0,0,0,0,0,0,0,0,0,0,0,0,0,0],[0,1,1,2,3,4,5,6,7,8,9,10,11,12,13,14,15,16,17,18,19,20,21,22,23,24,25,26,27,28,29,30,31,0,0,0,0,0,0,0,0,0,0,0,0,0,0,0,0,0,0,0,0,0,0,0,0,0,0,0,0,0,0,0,0,0,0,0,0,0,0,0,0,0,0,0,0,0,0,0,0,0,0,0,0,0,0,0,0,0,0,0,0,0,0,0,0,0,0,0,0,0,0,0,0,0,0,0,0,0,0,0,0,0,0,0,0,0,0,0,0,0,0,0,0,0,0,0],[0,1,2,3,4,5,6,7,8,9,10,11,12,13,14,15,16,17,18,19,20,21,22,23,24,25,26,27,28,29,30,31,32,0,0,0,0,0,0,0,0,0,0,0,0,0,0,0,0,0,0,0,0,0,0,0,0,0,0,0,0,0,0,0,0,0,0,0,0,0,0,0,0,0,0,0,0,0,0,0,0,0,0,0,0,0,0,0,0,0,0,0,0,0,0,0,0,0,0,0,0,0,0,0,0,0,0,0,0,0,0,0,0,0,0,0,0,0,0,0,0,0,0,0,0,0,0,0]]"",""warmupCalls"":100,""warmupMs"":3000,""calibrationMs"":50,""exportName"":""bench""}",confirm,1,654,0.44886833944954124,293.559894,7.644981999999999,19.714018999999993,78024,2.239375379776587,6258,3000.361754,"[{""calls"":327,""ms"":145.12805799999978},{""calls"":327,""ms"":148.37801999999965}]","[0.4438166911314978,0.45375541284403564]"
historical-separate,Seven-way isolated row mechanism,runtime-row32,phase29,/home/ai/bend2/build/publish/bend/selfhost/build/phase30/runtime-row-confirm-01/report.json,d77640af138d08940ff3b8b98e8fd7bcb2627321a0181b91544fafeb9fbdb9b3,a1eb7eb33c942c719547d3954f25801d4543d10f06baccf25bf1a32e38009dc0,"{""args"":[32,17],""expected"":""[[0,2,1,1,0,0,0,1,1,0,0,2,3,1,3,1,0,1,0,0,2,1,0,0,0,2,0,2,1,0,2,1,0,0,0,0,0,0,0,0,0,0,0,0,0,0,0,0,0,0,0,0,0,0,0,0,0,0,0,0,0,0,0,0,0,0,0,0,0,0,0,0,0,0,0,0,0,0,0,0,0,0,0,0,0,0,0,0,0,0,0,0,0,0,0,0,0,0,0,0,0,0,0,0,0,0,0,0,0,0,0,0,0,0,0,0,0,0,0,0,0,0,0,0,0,0,0,0],[0,1,2,0,1,0,1,2,0,0,0,0,2,0,0,3,0,1,2,0,1,2,0,0,1,3,3,0,0,3,0,3,0,0,0,0,0,0,0,0,0,0,0,0,0,0,0,0,0,0,0,0,0,0,0,0,0,0,0,0,0,0,0,0,0,0,0,0,0,0,0,0,0,0,0,0,0,0,0,0,0,0,0,0,0,0,0,0,0,0,0,0,0,0,0,0,0,0,0,0,0,0,0,0,0,0,0,0,0,0,0,0,0,0,0,0,0,0,0,0,0,0,0,0,0,0,0,0],[0,1,1,2,3,4,5,6,7,8,9,10,11,12,13,14,15,16,17,18,19,20,21,22,23,24,25,26,27,28,29,30,31,0,0,0,0,0,0,0,0,0,0,0,0,0,0,0,0,0,0,0,0,0,0,0,0,0,0,0,0,0,0,0,0,0,0,0,0,0,0,0,0,0,0,0,0,0,0,0,0,0,0,0,0,0,0,0,0,0,0,0,0,0,0,0,0,0,0,0,0,0,0,0,0,0,0,0,0,0,0,0,0,0,0,0,0,0,0,0,0,0,0,0,0,0,0,0],[0,1,2,3,4,5,6,7,8,9,10,11,12,13,14,15,16,17,18,19,20,21,22,23,24,25,26,27,28,29,30,31,32,0,0,0,0,0,0,0,0,0,0,0,0,0,0,0,0,0,0,0,0,0,0,0,0,0,0,0,0,0,0,0,0,0,0,0,0,0,0,0,0,0,0,0,0,0,0,0,0,0,0,0,0,0,0,0,0,0,0,0,0,0,0,0,0,0,0,0,0,0,0,0,0,0,0,0,0,0,0,0,0,0,0,0,0,0,0,0,0,0,0,0,0,0,0,0]]"",""warmupCalls"":100,""warmupMs"":3000,""calibrationMs"":50,""exportName"":""bench""}",confirm,2,654,0.4556573012232423,297.99987500000043,7.5476249999999965,19.864955999999992,78104,3.1116682104299853,6174,3000.34879,"[{""calls"":327,""ms"":146.69237500000008},{""calls"":327,""ms"":151.25695499999983}]","[0.448600535168196,0.4625594954128435]"
historical-separate,Seven-way isolated row mechanism,runtime-row32,phase29,/home/ai/bend2/build/publish/bend/selfhost/build/phase30/runtime-row-confirm-01/report.json,d77640af138d08940ff3b8b98e8fd7bcb2627321a0181b91544fafeb9fbdb9b3,a1eb7eb33c942c719547d3954f25801d4543d10f06baccf25bf1a32e38009dc0,"{""args"":[32,17],""expected"":""[[0,2,1,1,0,0,0,1,1,0,0,2,3,1,3,1,0,1,0,0,2,1,0,0,0,2,0,2,1,0,2,1,0,0,0,0,0,0,0,0,0,0,0,0,0,0,0,0,0,0,0,0,0,0,0,0,0,0,0,0,0,0,0,0,0,0,0,0,0,0,0,0,0,0,0,0,0,0,0,0,0,0,0,0,0,0,0,0,0,0,0,0,0,0,0,0,0,0,0,0,0,0,0,0,0,0,0,0,0,0,0,0,0,0,0,0,0,0,0,0,0,0,0,0,0,0,0,0],[0,1,2,0,1,0,1,2,0,0,0,0,2,0,0,3,0,1,2,0,1,2,0,0,1,3,3,0,0,3,0,3,0,0,0,0,0,0,0,0,0,0,0,0,0,0,0,0,0,0,0,0,0,0,0,0,0,0,0,0,0,0,0,0,0,0,0,0,0,0,0,0,0,0,0,0,0,0,0,0,0,0,0,0,0,0,0,0,0,0,0,0,0,0,0,0,0,0,0,0,0,0,0,0,0,0,0,0,0,0,0,0,0,0,0,0,0,0,0,0,0,0,0,0,0,0,0,0],[0,1,1,2,3,4,5,6,7,8,9,10,11,12,13,14,15,16,17,18,19,20,21,22,23,24,25,26,27,28,29,30,31,0,0,0,0,0,0,0,0,0,0,0,0,0,0,0,0,0,0,0,0,0,0,0,0,0,0,0,0,0,0,0,0,0,0,0,0,0,0,0,0,0,0,0,0,0,0,0,0,0,0,0,0,0,0,0,0,0,0,0,0,0,0,0,0,0,0,0,0,0,0,0,0,0,0,0,0,0,0,0,0,0,0,0,0,0,0,0,0,0,0,0,0,0,0,0],[0,1,2,3,4,5,6,7,8,9,10,11,12,13,14,15,16,17,18,19,20,21,22,23,24,25,26,27,28,29,30,31,32,0,0,0,0,0,0,0,0,0,0,0,0,0,0,0,0,0,0,0,0,0,0,0,0,0,0,0,0,0,0,0,0,0,0,0,0,0,0,0,0,0,0,0,0,0,0,0,0,0,0,0,0,0,0,0,0,0,0,0,0,0,0,0,0,0,0,0,0,0,0,0,0,0,0,0,0,0,0,0,0,0,0,0,0,0,0,0,0,0,0,0,0,0,0,0]]"",""warmupCalls"":100,""warmupMs"":3000,""calibrationMs"":50,""exportName"":""bench""}",confirm,3,654,0.45068220183486263,294.74616000000015,7.572725999999989,20.006395999999995,78180,2.1174240945790235,6272,3000.250864,"[{""calls"":327,""ms"":145.8065489999999},{""calls"":327,""ms"":148.89389200000005}]","[0.445891587155963,0.45533300305810415]"
historical-separate,Seven-way isolated row mechanism,runtime-row32,phase29,/home/ai/bend2/build/publish/bend/selfhost/build/phase30/runtime-row-confirm-01/report.json,d77640af138d08940ff3b8b98e8fd7bcb2627321a0181b91544fafeb9fbdb9b3,a1eb7eb33c942c719547d3954f25801d4543d10f06baccf25bf1a32e38009dc0,"{""args"":[32,17],""expected"":""[[0,2,1,1,0,0,0,1,1,0,0,2,3,1,3,1,0,1,0,0,2,1,0,0,0,2,0,2,1,0,2,1,0,0,0,0,0,0,0,0,0,0,0,0,0,0,0,0,0,0,0,0,0,0,0,0,0,0,0,0,0,0,0,0,0,0,0,0,0,0,0,0,0,0,0,0,0,0,0,0,0,0,0,0,0,0,0,0,0,0,0,0,0,0,0,0,0,0,0,0,0,0,0,0,0,0,0,0,0,0,0,0,0,0,0,0,0,0,0,0,0,0,0,0,0,0,0,0],[0,1,2,0,1,0,1,2,0,0,0,0,2,0,0,3,0,1,2,0,1,2,0,0,1,3,3,0,0,3,0,3,0,0,0,0,0,0,0,0,0,0,0,0,0,0,0,0,0,0,0,0,0,0,0,0,0,0,0,0,0,0,0,0,0,0,0,0,0,0,0,0,0,0,0,0,0,0,0,0,0,0,0,0,0,0,0,0,0,0,0,0,0,0,0,0,0,0,0,0,0,0,0,0,0,0,0,0,0,0,0,0,0,0,0,0,0,0,0,0,0,0,0,0,0,0,0,0],[0,1,1,2,3,4,5,6,7,8,9,10,11,12,13,14,15,16,17,18,19,20,21,22,23,24,25,26,27,28,29,30,31,0,0,0,0,0,0,0,0,0,0,0,0,0,0,0,0,0,0,0,0,0,0,0,0,0,0,0,0,0,0,0,0,0,0,0,0,0,0,0,0,0,0,0,0,0,0,0,0,0,0,0,0,0,0,0,0,0,0,0,0,0,0,0,0,0,0,0,0,0,0,0,0,0,0,0,0,0,0,0,0,0,0,0,0,0,0,0,0,0,0,0,0,0,0,0],[0,1,2,3,4,5,6,7,8,9,10,11,12,13,14,15,16,17,18,19,20,21,22,23,24,25,26,27,28,29,30,31,32,0,0,0,0,0,0,0,0,0,0,0,0,0,0,0,0,0,0,0,0,0,0,0,0,0,0,0,0,0,0,0,0,0,0,0,0,0,0,0,0,0,0,0,0,0,0,0,0,0,0,0,0,0,0,0,0,0,0,0,0,0,0,0,0,0,0,0,0,0,0,0,0,0,0,0,0,0,0,0,0,0,0,0,0,0,0,0,0,0,0,0,0,0,0,0]]"",""warmupCalls"":100,""warmupMs"":3000,""calibrationMs"":50,""exportName"":""bench""}",confirm,4,654,0.4478204816513765,292.8745950000002,7.646640000000005,19.889005999999995,77884,1.4700996748600703,6273,3000.197362,"[{""calls"":327,""ms"":145.34898799999974},{""calls"":327,""ms"":147.48576300000013}]","[0.44449231804281264,0.451026798165138]"
historical-separate,Seven-way isolated row mechanism,runtime-row32,baseline,/home/ai/bend2/build/publish/bend/selfhost/build/phase30/runtime-row-confirm-01/report.json,d77640af138d08940ff3b8b98e8fd7bcb2627321a0181b91544fafeb9fbdb9b3,ab397dd04feab368aff46d7cf2af1930167d0df5d3c850380fef2a9465ef06b9,"{""args"":[32,17],""expected"":""[[0,2,1,1,0,0,0,1,1,0,0,2,3,1,3,1,0,1,0,0,2,1,0,0,0,2,0,2,1,0,2,1,0,0,0,0,0,0,0,0,0,0,0,0,0,0,0,0,0,0,0,0,0,0,0,0,0,0,0,0,0,0,0,0,0,0,0,0,0,0,0,0,0,0,0,0,0,0,0,0,0,0,0,0,0,0,0,0,0,0,0,0,0,0,0,0,0,0,0,0,0,0,0,0,0,0,0,0,0,0,0,0,0,0,0,0,0,0,0,0,0,0,0,0,0,0,0,0],[0,1,2,0,1,0,1,2,0,0,0,0,2,0,0,3,0,1,2,0,1,2,0,0,1,3,3,0,0,3,0,3,0,0,0,0,0,0,0,0,0,0,0,0,0,0,0,0,0,0,0,0,0,0,0,0,0,0,0,0,0,0,0,0,0,0,0,0,0,0,0,0,0,0,0,0,0,0,0,0,0,0,0,0,0,0,0,0,0,0,0,0,0,0,0,0,0,0,0,0,0,0,0,0,0,0,0,0,0,0,0,0,0,0,0,0,0,0,0,0,0,0,0,0,0,0,0,0],[0,1,1,2,3,4,5,6,7,8,9,10,11,12,13,14,15,16,17,18,19,20,21,22,23,24,25,26,27,28,29,30,31,0,0,0,0,0,0,0,0,0,0,0,0,0,0,0,0,0,0,0,0,0,0,0,0,0,0,0,0,0,0,0,0,0,0,0,0,0,0,0,0,0,0,0,0,0,0,0,0,0,0,0,0,0,0,0,0,0,0,0,0,0,0,0,0,0,0,0,0,0,0,0,0,0,0,0,0,0,0,0,0,0,0,0,0,0,0,0,0,0,0,0,0,0,0,0],[0,1,2,3,4,5,6,7,8,9,10,11,12,13,14,15,16,17,18,19,20,21,22,23,24,25,26,27,28,29,30,31,32,0,0,0,0,0,0,0,0,0,0,0,0,0,0,0,0,0,0,0,0,0,0,0,0,0,0,0,0,0,0,0,0,0,0,0,0,0,0,0,0,0,0,0,0,0,0,0,0,0,0,0,0,0,0,0,0,0,0,0,0,0,0,0,0,0,0,0,0,0,0,0,0,0,0,0,0,0,0,0,0,0,0,0,0,0,0,0,0,0,0,0,0,0,0,0]]"",""warmupCalls"":100,""warmupMs"":3000,""calibrationMs"":50,""exportName"":""bench""}",confirm,0,496,0.6136385564516129,304.364724,8.458399999999997,19.936228,69648,-4.0278518355152615,4599,3000.560436,"[{""calls"":248,""ms"":155.28987300000017},{""calls"":248,""ms"":149.03502700000035}]","[0.6261688427419362,0.6009476895161304]"
historical-separate,Seven-way isolated row mechanism,runtime-row32,baseline,/home/ai/bend2/build/publish/bend/selfhost/build/phase30/runtime-row-confirm-01/report.json,d77640af138d08940ff3b8b98e8fd7bcb2627321a0181b91544fafeb9fbdb9b3,ab397dd04feab368aff46d7cf2af1930167d0df5d3c850380fef2a9465ef06b9,"{""args"":[32,17],""expected"":""[[0,2,1,1,0,0,0,1,1,0,0,2,3,1,3,1,0,1,0,0,2,1,0,0,0,2,0,2,1,0,2,1,0,0,0,0,0,0,0,0,0,0,0,0,0,0,0,0,0,0,0,0,0,0,0,0,0,0,0,0,0,0,0,0,0,0,0,0,0,0,0,0,0,0,0,0,0,0,0,0,0,0,0,0,0,0,0,0,0,0,0,0,0,0,0,0,0,0,0,0,0,0,0,0,0,0,0,0,0,0,0,0,0,0,0,0,0,0,0,0,0,0,0,0,0,0,0,0],[0,1,2,0,1,0,1,2,0,0,0,0,2,0,0,3,0,1,2,0,1,2,0,0,1,3,3,0,0,3,0,3,0,0,0,0,0,0,0,0,0,0,0,0,0,0,0,0,0,0,0,0,0,0,0,0,0,0,0,0,0,0,0,0,0,0,0,0,0,0,0,0,0,0,0,0,0,0,0,0,0,0,0,0,0,0,0,0,0,0,0,0,0,0,0,0,0,0,0,0,0,0,0,0,0,0,0,0,0,0,0,0,0,0,0,0,0,0,0,0,0,0,0,0,0,0,0,0],[0,1,1,2,3,4,5,6,7,8,9,10,11,12,13,14,15,16,17,18,19,20,21,22,23,24,25,26,27,28,29,30,31,0,0,0,0,0,0,0,0,0,0,0,0,0,0,0,0,0,0,0,0,0,0,0,0,0,0,0,0,0,0,0,0,0,0,0,0,0,0,0,0,0,0,0,0,0,0,0,0,0,0,0,0,0,0,0,0,0,0,0,0,0,0,0,0,0,0,0,0,0,0,0,0,0,0,0,0,0,0,0,0,0,0,0,0,0,0,0,0,0,0,0,0,0,0,0],[0,1,2,3,4,5,6,7,8,9,10,11,12,13,14,15,16,17,18,19,20,21,22,23,24,25,26,27,28,29,30,31,32,0,0,0,0,0,0,0,0,0,0,0,0,0,0,0,0,0,0,0,0,0,0,0,0,0,0,0,0,0,0,0,0,0,0,0,0,0,0,0,0,0,0,0,0,0,0,0,0,0,0,0,0,0,0,0,0,0,0,0,0,0,0,0,0,0,0,0,0,0,0,0,0,0,0,0,0,0,0,0,0,0,0,0,0,0,0,0,0,0,0,0,0,0,0,0]]"",""warmupCalls"":100,""warmupMs"":3000,""calibrationMs"":50,""exportName"":""bench""}",confirm,1,496,0.614175649193548,304.6311219999998,8.592775000000003,20.208576,70100,-2.9386252376460975,4595,3000.174786,"[{""calls"":248,""ms"":154.56540499999983},{""calls"":248,""ms"":150.02330699999993}]","[0.6232476008064509,0.6049326895161288]"
historical-separate,Seven-way isolated row mechanism,runtime-row32,baseline,/home/ai/bend2/build/publish/bend/selfhost/build/phase30/runtime-row-confirm-01/report.json,d77640af138d08940ff3b8b98e8fd7bcb2627321a0181b91544fafeb9fbdb9b3,ab397dd04feab368aff46d7cf2af1930167d0df5d3c850380fef2a9465ef06b9,"{""args"":[32,17],""expected"":""[[0,2,1,1,0,0,0,1,1,0,0,2,3,1,3,1,0,1,0,0,2,1,0,0,0,2,0,2,1,0,2,1,0,0,0,0,0,0,0,0,0,0,0,0,0,0,0,0,0,0,0,0,0,0,0,0,0,0,0,0,0,0,0,0,0,0,0,0,0,0,0,0,0,0,0,0,0,0,0,0,0,0,0,0,0,0,0,0,0,0,0,0,0,0,0,0,0,0,0,0,0,0,0,0,0,0,0,0,0,0,0,0,0,0,0,0,0,0,0,0,0,0,0,0,0,0,0,0],[0,1,2,0,1,0,1,2,0,0,0,0,2,0,0,3,0,1,2,0,1,2,0,0,1,3,3,0,0,3,0,3,0,0,0,0,0,0,0,0,0,0,0,0,0,0,0,0,0,0,0,0,0,0,0,0,0,0,0,0,0,0,0,0,0,0,0,0,0,0,0,0,0,0,0,0,0,0,0,0,0,0,0,0,0,0,0,0,0,0,0,0,0,0,0,0,0,0,0,0,0,0,0,0,0,0,0,0,0,0,0,0,0,0,0,0,0,0,0,0,0,0,0,0,0,0,0,0],[0,1,1,2,3,4,5,6,7,8,9,10,11,12,13,14,15,16,17,18,19,20,21,22,23,24,25,26,27,28,29,30,31,0,0,0,0,0,0,0,0,0,0,0,0,0,0,0,0,0,0,0,0,0,0,0,0,0,0,0,0,0,0,0,0,0,0,0,0,0,0,0,0,0,0,0,0,0,0,0,0,0,0,0,0,0,0,0,0,0,0,0,0,0,0,0,0,0,0,0,0,0,0,0,0,0,0,0,0,0,0,0,0,0,0,0,0,0,0,0,0,0,0,0,0,0,0,0],[0,1,2,3,4,5,6,7,8,9,10,11,12,13,14,15,16,17,18,19,20,21,22,23,24,25,26,27,28,29,30,31,32,0,0,0,0,0,0,0,0,0,0,0,0,0,0,0,0,0,0,0,0,0,0,0,0,0,0,0,0,0,0,0,0,0,0,0,0,0,0,0,0,0,0,0,0,0,0,0,0,0,0,0,0,0,0,0,0,0,0,0,0,0,0,0,0,0,0,0,0,0,0,0,0,0,0,0,0,0,0,0,0,0,0,0,0,0,0,0,0,0,0,0,0,0,0,0]]"",""warmupCalls"":100,""warmupMs"":3000,""calibrationMs"":50,""exportName"":""bench""}",confirm,2,496,0.6062391310483873,300.6946090000001,8.615993000000003,20.253489999999992,69740,-0.7989095631270593,4625,3000.022625,"[{""calls"":248,""ms"":150.92959900000005},{""calls"":248,""ms"":149.72380799999974}]","[0.6085870927419357,0.6037250322580634]"
historical-separate,Seven-way isolated row mechanism,runtime-row32,baseline,/home/ai/bend2/build/publish/bend/selfhost/build/phase30/runtime-row-confirm-01/report.json,d77640af138d08940ff3b8b98e8fd7bcb2627321a0181b91544fafeb9fbdb9b3,ab397dd04feab368aff46d7cf2af1930167d0df5d3c850380fef2a9465ef06b9,"{""args"":[32,17],""expected"":""[[0,2,1,1,0,0,0,1,1,0,0,2,3,1,3,1,0,1,0,0,2,1,0,0,0,2,0,2,1,0,2,1,0,0,0,0,0,0,0,0,0,0,0,0,0,0,0,0,0,0,0,0,0,0,0,0,0,0,0,0,0,0,0,0,0,0,0,0,0,0,0,0,0,0,0,0,0,0,0,0,0,0,0,0,0,0,0,0,0,0,0,0,0,0,0,0,0,0,0,0,0,0,0,0,0,0,0,0,0,0,0,0,0,0,0,0,0,0,0,0,0,0,0,0,0,0,0,0],[0,1,2,0,1,0,1,2,0,0,0,0,2,0,0,3,0,1,2,0,1,2,0,0,1,3,3,0,0,3,0,3,0,0,0,0,0,0,0,0,0,0,0,0,0,0,0,0,0,0,0,0,0,0,0,0,0,0,0,0,0,0,0,0,0,0,0,0,0,0,0,0,0,0,0,0,0,0,0,0,0,0,0,0,0,0,0,0,0,0,0,0,0,0,0,0,0,0,0,0,0,0,0,0,0,0,0,0,0,0,0,0,0,0,0,0,0,0,0,0,0,0,0,0,0,0,0,0],[0,1,1,2,3,4,5,6,7,8,9,10,11,12,13,14,15,16,17,18,19,20,21,22,23,24,25,26,27,28,29,30,31,0,0,0,0,0,0,0,0,0,0,0,0,0,0,0,0,0,0,0,0,0,0,0,0,0,0,0,0,0,0,0,0,0,0,0,0,0,0,0,0,0,0,0,0,0,0,0,0,0,0,0,0,0,0,0,0,0,0,0,0,0,0,0,0,0,0,0,0,0,0,0,0,0,0,0,0,0,0,0,0,0,0,0,0,0,0,0,0,0,0,0,0,0,0,0],[0,1,2,3,4,5,6,7,8,9,10,11,12,13,14,15,16,17,18,19,20,21,22,23,24,25,26,27,28,29,30,31,32,0,0,0,0,0,0,0,0,0,0,0,0,0,0,0,0,0,0,0,0,0,0,0,0,0,0,0,0,0,0,0,0,0,0,0,0,0,0,0,0,0,0,0,0,0,0,0,0,0,0,0,0,0,0,0,0,0,0,0,0,0,0,0,0,0,0,0,0,0,0,0,0,0,0,0,0,0,0,0,0,0,0,0,0,0,0,0,0,0,0,0,0,0,0,0]]"",""warmupCalls"":100,""warmupMs"":3000,""calibrationMs"":50,""exportName"":""bench""}",confirm,3,496,0.6062653669354837,300.7076219999999,8.486588999999995,20.145471,70944,1.288994719111769,4596,3000.095673,"[{""calls"":248,""ms"":149.370899},{""calls"":248,""ms"":151.2962819999998}]","[0.6023020120967743,0.6100656532258056]"
historical-separate,Seven-way isolated row mechanism,runtime-row32,baseline,/home/ai/bend2/build/publish/bend/selfhost/build/phase30/runtime-row-confirm-01/report.json,d77640af138d08940ff3b8b98e8fd7bcb2627321a0181b91544fafeb9fbdb9b3,ab397dd04feab368aff46d7cf2af1930167d0df5d3c850380fef2a9465ef06b9,"{""args"":[32,17],""expected"":""[[0,2,1,1,0,0,0,1,1,0,0,2,3,1,3,1,0,1,0,0,2,1,0,0,0,2,0,2,1,0,2,1,0,0,0,0,0,0,0,0,0,0,0,0,0,0,0,0,0,0,0,0,0,0,0,0,0,0,0,0,0,0,0,0,0,0,0,0,0,0,0,0,0,0,0,0,0,0,0,0,0,0,0,0,0,0,0,0,0,0,0,0,0,0,0,0,0,0,0,0,0,0,0,0,0,0,0,0,0,0,0,0,0,0,0,0,0,0,0,0,0,0,0,0,0,0,0,0],[0,1,2,0,1,0,1,2,0,0,0,0,2,0,0,3,0,1,2,0,1,2,0,0,1,3,3,0,0,3,0,3,0,0,0,0,0,0,0,0,0,0,0,0,0,0,0,0,0,0,0,0,0,0,0,0,0,0,0,0,0,0,0,0,0,0,0,0,0,0,0,0,0,0,0,0,0,0,0,0,0,0,0,0,0,0,0,0,0,0,0,0,0,0,0,0,0,0,0,0,0,0,0,0,0,0,0,0,0,0,0,0,0,0,0,0,0,0,0,0,0,0,0,0,0,0,0,0],[0,1,1,2,3,4,5,6,7,8,9,10,11,12,13,14,15,16,17,18,19,20,21,22,23,24,25,26,27,28,29,30,31,0,0,0,0,0,0,0,0,0,0,0,0,0,0,0,0,0,0,0,0,0,0,0,0,0,0,0,0,0,0,0,0,0,0,0,0,0,0,0,0,0,0,0,0,0,0,0,0,0,0,0,0,0,0,0,0,0,0,0,0,0,0,0,0,0,0,0,0,0,0,0,0,0,0,0,0,0,0,0,0,0,0,0,0,0,0,0,0,0,0,0,0,0,0,0],[0,1,2,3,4,5,6,7,8,9,10,11,12,13,14,15,16,17,18,19,20,21,22,23,24,25,26,27,28,29,30,31,32,0,0,0,0,0,0,0,0,0,0,0,0,0,0,0,0,0,0,0,0,0,0,0,0,0,0,0,0,0,0,0,0,0,0,0,0,0,0,0,0,0,0,0,0,0,0,0,0,0,0,0,0,0,0,0,0,0,0,0,0,0,0,0,0,0,0,0,0,0,0,0,0,0,0,0,0,0,0,0,0,0,0,0,0,0,0,0,0,0,0,0,0,0,0,0]]"",""warmupCalls"":100,""warmupMs"":3000,""calibrationMs"":50,""exportName"":""bench""}",confirm,4,496,0.5896931572580647,292.4878060000001,8.497084000000001,20.325210000000006,69460,-0.22414876863516842,4735,3000.177921,"[{""calls"":248,""ms"":146.38849100000016},{""calls"":248,""ms"":146.06036300000005}]","[0.5902761733870974,0.5889530766129034]"
historical-separate,Seven-way isolated row mechanism,runtime-row32,inline,/home/ai/bend2/build/publish/bend/selfhost/build/phase30/runtime-row-confirm-01/report.json,d77640af138d08940ff3b8b98e8fd7bcb2627321a0181b91544fafeb9fbdb9b3,cbb875b46e319a20afcccfe085db8b668b5856ad20419ba67586ae7940597a55,"{""args"":[32,17],""expected"":""[[0,2,1,1,0,0,0,1,1,0,0,2,3,1,3,1,0,1,0,0,2,1,0,0,0,2,0,2,1,0,2,1,0,0,0,0,0,0,0,0,0,0,0,0,0,0,0,0,0,0,0,0,0,0,0,0,0,0,0,0,0,0,0,0,0,0,0,0,0,0,0,0,0,0,0,0,0,0,0,0,0,0,0,0,0,0,0,0,0,0,0,0,0,0,0,0,0,0,0,0,0,0,0,0,0,0,0,0,0,0,0,0,0,0,0,0,0,0,0,0,0,0,0,0,0,0,0,0],[0,1,2,0,1,0,1,2,0,0,0,0,2,0,0,3,0,1,2,0,1,2,0,0,1,3,3,0,0,3,0,3,0,0,0,0,0,0,0,0,0,0,0,0,0,0,0,0,0,0,0,0,0,0,0,0,0,0,0,0,0,0,0,0,0,0,0,0,0,0,0,0,0,0,0,0,0,0,0,0,0,0,0,0,0,0,0,0,0,0,0,0,0,0,0,0,0,0,0,0,0,0,0,0,0,0,0,0,0,0,0,0,0,0,0,0,0,0,0,0,0,0,0,0,0,0,0,0],[0,1,1,2,3,4,5,6,7,8,9,10,11,12,13,14,15,16,17,18,19,20,21,22,23,24,25,26,27,28,29,30,31,0,0,0,0,0,0,0,0,0,0,0,0,0,0,0,0,0,0,0,0,0,0,0,0,0,0,0,0,0,0,0,0,0,0,0,0,0,0,0,0,0,0,0,0,0,0,0,0,0,0,0,0,0,0,0,0,0,0,0,0,0,0,0,0,0,0,0,0,0,0,0,0,0,0,0,0,0,0,0,0,0,0,0,0,0,0,0,0,0,0,0,0,0,0,0],[0,1,2,3,4,5,6,7,8,9,10,11,12,13,14,15,16,17,18,19,20,21,22,23,24,25,26,27,28,29,30,31,32,0,0,0,0,0,0,0,0,0,0,0,0,0,0,0,0,0,0,0,0,0,0,0,0,0,0,0,0,0,0,0,0,0,0,0,0,0,0,0,0,0,0,0,0,0,0,0,0,0,0,0,0,0,0,0,0,0,0,0,0,0,0,0,0,0,0,0,0,0,0,0,0,0,0,0,0,0,0,0,0,0,0,0,0,0,0,0,0,0,0,0,0,0,0,0]]"",""warmupCalls"":100,""warmupMs"":3000,""calibrationMs"":50,""exportName"":""bench""}",confirm,0,498,0.61238243373494,304.9664520000001,8.063682999999997,20.261856,69624,-1.2978094725682898,4593,3000.2805009999997,"[{""calls"":249,""ms"":153.458658},{""calls"":249,""ms"":151.46705699999984}]","[0.6162998313253013,0.6083014337349392]"
historical-separate,Seven-way isolated row mechanism,runtime-row32,inline,/home/ai/bend2/build/publish/bend/selfhost/build/phase30/runtime-row-confirm-01/report.json,d77640af138d08940ff3b8b98e8fd7bcb2627321a0181b91544fafeb9fbdb9b3,cbb875b46e319a20afcccfe085db8b668b5856ad20419ba67586ae7940597a55,"{""args"":[32,17],""expected"":""[[0,2,1,1,0,0,0,1,1,0,0,2,3,1,3,1,0,1,0,0,2,1,0,0,0,2,0,2,1,0,2,1,0,0,0,0,0,0,0,0,0,0,0,0,0,0,0,0,0,0,0,0,0,0,0,0,0,0,0,0,0,0,0,0,0,0,0,0,0,0,0,0,0,0,0,0,0,0,0,0,0,0,0,0,0,0,0,0,0,0,0,0,0,0,0,0,0,0,0,0,0,0,0,0,0,0,0,0,0,0,0,0,0,0,0,0,0,0,0,0,0,0,0,0,0,0,0,0],[0,1,2,0,1,0,1,2,0,0,0,0,2,0,0,3,0,1,2,0,1,2,0,0,1,3,3,0,0,3,0,3,0,0,0,0,0,0,0,0,0,0,0,0,0,0,0,0,0,0,0,0,0,0,0,0,0,0,0,0,0,0,0,0,0,0,0,0,0,0,0,0,0,0,0,0,0,0,0,0,0,0,0,0,0,0,0,0,0,0,0,0,0,0,0,0,0,0,0,0,0,0,0,0,0,0,0,0,0,0,0,0,0,0,0,0,0,0,0,0,0,0,0,0,0,0,0,0],[0,1,1,2,3,4,5,6,7,8,9,10,11,12,13,14,15,16,17,18,19,20,21,22,23,24,25,26,27,28,29,30,31,0,0,0,0,0,0,0,0,0,0,0,0,0,0,0,0,0,0,0,0,0,0,0,0,0,0,0,0,0,0,0,0,0,0,0,0,0,0,0,0,0,0,0,0,0,0,0,0,0,0,0,0,0,0,0,0,0,0,0,0,0,0,0,0,0,0,0,0,0,0,0,0,0,0,0,0,0,0,0,0,0,0,0,0,0,0,0,0,0,0,0,0,0,0,0],[0,1,2,3,4,5,6,7,8,9,10,11,12,13,14,15,16,17,18,19,20,21,22,23,24,25,26,27,28,29,30,31,32,0,0,0,0,0,0,0,0,0,0,0,0,0,0,0,0,0,0,0,0,0,0,0,0,0,0,0,0,0,0,0,0,0,0,0,0,0,0,0,0,0,0,0,0,0,0,0,0,0,0,0,0,0,0,0,0,0,0,0,0,0,0,0,0,0,0,0,0,0,0,0,0,0,0,0,0,0,0,0,0,0,0,0,0,0,0,0,0,0,0,0,0,0,0,0]]"",""warmupCalls"":100,""warmupMs"":3000,""calibrationMs"":50,""exportName"":""bench""}",confirm,1,498,0.6103214939759032,303.9401039999998,8.177891000000002,20.508273000000003,69368,-0.5216328482968824,4564,3000.5168809999996,"[{""calls"":249,""ms"":152.34757600000012},{""calls"":249,""ms"":151.55288100000007}]","[0.6118376546184744,0.6086461084337352]"
historical-separate,Seven-way isolated row mechanism,runtime-row32,inline,/home/ai/bend2/build/publish/bend/selfhost/build/phase30/runtime-row-confirm-01/report.json,d77640af138d08940ff3b8b98e8fd7bcb2627321a0181b91544fafeb9fbdb9b3,cbb875b46e319a20afcccfe085db8b668b5856ad20419ba67586ae7940597a55,"{""args"":[32,17],""expected"":""[[0,2,1,1,0,0,0,1,1,0,0,2,3,1,3,1,0,1,0,0,2,1,0,0,0,2,0,2,1,0,2,1,0,0,0,0,0,0,0,0,0,0,0,0,0,0,0,0,0,0,0,0,0,0,0,0,0,0,0,0,0,0,0,0,0,0,0,0,0,0,0,0,0,0,0,0,0,0,0,0,0,0,0,0,0,0,0,0,0,0,0,0,0,0,0,0,0,0,0,0,0,0,0,0,0,0,0,0,0,0,0,0,0,0,0,0,0,0,0,0,0,0,0,0,0,0,0,0],[0,1,2,0,1,0,1,2,0,0,0,0,2,0,0,3,0,1,2,0,1,2,0,0,1,3,3,0,0,3,0,3,0,0,0,0,0,0,0,0,0,0,0,0,0,0,0,0,0,0,0,0,0,0,0,0,0,0,0,0,0,0,0,0,0,0,0,0,0,0,0,0,0,0,0,0,0,0,0,0,0,0,0,0,0,0,0,0,0,0,0,0,0,0,0,0,0,0,0,0,0,0,0,0,0,0,0,0,0,0,0,0,0,0,0,0,0,0,0,0,0,0,0,0,0,0,0,0],[0,1,1,2,3,4,5,6,7,8,9,10,11,12,13,14,15,16,17,18,19,20,21,22,23,24,25,26,27,28,29,30,31,0,0,0,0,0,0,0,0,0,0,0,0,0,0,0,0,0,0,0,0,0,0,0,0,0,0,0,0,0,0,0,0,0,0,0,0,0,0,0,0,0,0,0,0,0,0,0,0,0,0,0,0,0,0,0,0,0,0,0,0,0,0,0,0,0,0,0,0,0,0,0,0,0,0,0,0,0,0,0,0,0,0,0,0,0,0,0,0,0,0,0,0,0,0,0],[0,1,2,3,4,5,6,7,8,9,10,11,12,13,14,15,16,17,18,19,20,21,22,23,24,25,26,27,28,29,30,31,32,0,0,0,0,0,0,0,0,0,0,0,0,0,0,0,0,0,0,0,0,0,0,0,0,0,0,0,0,0,0,0,0,0,0,0,0,0,0,0,0,0,0,0,0,0,0,0,0,0,0,0,0,0,0,0,0,0,0,0,0,0,0,0,0,0,0,0,0,0,0,0,0,0,0,0,0,0,0,0,0,0,0,0,0,0,0,0,0,0,0,0,0,0,0,0]]"",""warmupCalls"":100,""warmupMs"":3000,""calibrationMs"":50,""exportName"":""bench""}",confirm,2,498,0.6054812690763055,301.5296720000001,8.098341000000005,20.058422999999998,69628,0.38839785823645556,4628,3000.4219470000003,"[{""calls"":249,""ms"":150.4519110000001},{""calls"":249,""ms"":151.03626299999996}]","[0.6042245421686752,0.6065713373493974]"
historical-separate,Seven-way isolated row mechanism,runtime-row32,inline,/home/ai/bend2/build/publish/bend/selfhost/build/phase30/runtime-row-confirm-01/report.json,d77640af138d08940ff3b8b98e8fd7bcb2627321a0181b91544fafeb9fbdb9b3,cbb875b46e319a20afcccfe085db8b668b5856ad20419ba67586ae7940597a55,"{""args"":[32,17],""expected"":""[[0,2,1,1,0,0,0,1,1,0,0,2,3,1,3,1,0,1,0,0,2,1,0,0,0,2,0,2,1,0,2,1,0,0,0,0,0,0,0,0,0,0,0,0,0,0,0,0,0,0,0,0,0,0,0,0,0,0,0,0,0,0,0,0,0,0,0,0,0,0,0,0,0,0,0,0,0,0,0,0,0,0,0,0,0,0,0,0,0,0,0,0,0,0,0,0,0,0,0,0,0,0,0,0,0,0,0,0,0,0,0,0,0,0,0,0,0,0,0,0,0,0,0,0,0,0,0,0],[0,1,2,0,1,0,1,2,0,0,0,0,2,0,0,3,0,1,2,0,1,2,0,0,1,3,3,0,0,3,0,3,0,0,0,0,0,0,0,0,0,0,0,0,0,0,0,0,0,0,0,0,0,0,0,0,0,0,0,0,0,0,0,0,0,0,0,0,0,0,0,0,0,0,0,0,0,0,0,0,0,0,0,0,0,0,0,0,0,0,0,0,0,0,0,0,0,0,0,0,0,0,0,0,0,0,0,0,0,0,0,0,0,0,0,0,0,0,0,0,0,0,0,0,0,0,0,0],[0,1,1,2,3,4,5,6,7,8,9,10,11,12,13,14,15,16,17,18,19,20,21,22,23,24,25,26,27,28,29,30,31,0,0,0,0,0,0,0,0,0,0,0,0,0,0,0,0,0,0,0,0,0,0,0,0,0,0,0,0,0,0,0,0,0,0,0,0,0,0,0,0,0,0,0,0,0,0,0,0,0,0,0,0,0,0,0,0,0,0,0,0,0,0,0,0,0,0,0,0,0,0,0,0,0,0,0,0,0,0,0,0,0,0,0,0,0,0,0,0,0,0,0,0,0,0,0],[0,1,2,3,4,5,6,7,8,9,10,11,12,13,14,15,16,17,18,19,20,21,22,23,24,25,26,27,28,29,30,31,32,0,0,0,0,0,0,0,0,0,0,0,0,0,0,0,0,0,0,0,0,0,0,0,0,0,0,0,0,0,0,0,0,0,0,0,0,0,0,0,0,0,0,0,0,0,0,0,0,0,0,0,0,0,0,0,0,0,0,0,0,0,0,0,0,0,0,0,0,0,0,0,0,0,0,0,0,0,0,0,0,0,0,0,0,0,0,0,0,0,0,0,0,0,0,0]]"",""warmupCalls"":100,""warmupMs"":3000,""calibrationMs"":50,""exportName"":""bench""}",confirm,3,498,0.6445702670682731,320.995993,8.070971999999998,19.939160000000008,70312,0.4463800477076285,4578,3000.409802,"[{""calls"":249,""ms"":160.12050799999997},{""calls"":249,""ms"":160.83525400000008}]","[0.6430542489959838,0.645924714859438]"
historical-separate,Seven-way isolated row mechanism,runtime-row32,inline,/home/ai/bend2/build/publish/bend/selfhost/build/phase30/runtime-row-confirm-01/report.json,d77640af138d08940ff3b8b98e8fd7bcb2627321a0181b91544fafeb9fbdb9b3,cbb875b46e319a20afcccfe085db8b668b5856ad20419ba67586ae7940597a55,"{""args"":[32,17],""expected"":""[[0,2,1,1,0,0,0,1,1,0,0,2,3,1,3,1,0,1,0,0,2,1,0,0,0,2,0,2,1,0,2,1,0,0,0,0,0,0,0,0,0,0,0,0,0,0,0,0,0,0,0,0,0,0,0,0,0,0,0,0,0,0,0,0,0,0,0,0,0,0,0,0,0,0,0,0,0,0,0,0,0,0,0,0,0,0,0,0,0,0,0,0,0,0,0,0,0,0,0,0,0,0,0,0,0,0,0,0,0,0,0,0,0,0,0,0,0,0,0,0,0,0,0,0,0,0,0,0],[0,1,2,0,1,0,1,2,0,0,0,0,2,0,0,3,0,1,2,0,1,2,0,0,1,3,3,0,0,3,0,3,0,0,0,0,0,0,0,0,0,0,0,0,0,0,0,0,0,0,0,0,0,0,0,0,0,0,0,0,0,0,0,0,0,0,0,0,0,0,0,0,0,0,0,0,0,0,0,0,0,0,0,0,0,0,0,0,0,0,0,0,0,0,0,0,0,0,0,0,0,0,0,0,0,0,0,0,0,0,0,0,0,0,0,0,0,0,0,0,0,0,0,0,0,0,0,0],[0,1,1,2,3,4,5,6,7,8,9,10,11,12,13,14,15,16,17,18,19,20,21,22,23,24,25,26,27,28,29,30,31,0,0,0,0,0,0,0,0,0,0,0,0,0,0,0,0,0,0,0,0,0,0,0,0,0,0,0,0,0,0,0,0,0,0,0,0,0,0,0,0,0,0,0,0,0,0,0,0,0,0,0,0,0,0,0,0,0,0,0,0,0,0,0,0,0,0,0,0,0,0,0,0,0,0,0,0,0,0,0,0,0,0,0,0,0,0,0,0,0,0,0,0,0,0,0],[0,1,2,3,4,5,6,7,8,9,10,11,12,13,14,15,16,17,18,19,20,21,22,23,24,25,26,27,28,29,30,31,32,0,0,0,0,0,0,0,0,0,0,0,0,0,0,0,0,0,0,0,0,0,0,0,0,0,0,0,0,0,0,0,0,0,0,0,0,0,0,0,0,0,0,0,0,0,0,0,0,0,0,0,0,0,0,0,0,0,0,0,0,0,0,0,0,0,0,0,0,0,0,0,0,0,0,0,0,0,0,0,0,0,0,0,0,0,0,0,0,0,0,0,0,0,0,0]]"",""warmupCalls"":100,""warmupMs"":3000,""calibrationMs"":50,""exportName"":""bench""}",confirm,4,498,0.6075379718875494,302.55390999999963,8.130989999999997,20.330338000000005,69436,-0.20007236090732183,4596,3000.340338,"[{""calls"":249,""ms"":151.4077199999997},{""calls"":249,""ms"":151.10479499999974}]","[0.6080631325301192,0.6068465662650592]"
historical-separate,Seven-way isolated row mechanism,runtime-row32,generic,/home/ai/bend2/build/publish/bend/selfhost/build/phase30/runtime-row-confirm-01/report.json,d77640af138d08940ff3b8b98e8fd7bcb2627321a0181b91544fafeb9fbdb9b3,48ba7fc43ea2e20cc42a73b998a60de12cc3d62327905a3129b0285b5add9d22,"{""args"":[32,17],""expected"":""[[0,2,1,1,0,0,0,1,1,0,0,2,3,1,3,1,0,1,0,0,2,1,0,0,0,2,0,2,1,0,2,1,0,0,0,0,0,0,0,0,0,0,0,0,0,0,0,0,0,0,0,0,0,0,0,0,0,0,0,0,0,0,0,0,0,0,0,0,0,0,0,0,0,0,0,0,0,0,0,0,0,0,0,0,0,0,0,0,0,0,0,0,0,0,0,0,0,0,0,0,0,0,0,0,0,0,0,0,0,0,0,0,0,0,0,0,0,0,0,0,0,0,0,0,0,0,0,0],[0,1,2,0,1,0,1,2,0,0,0,0,2,0,0,3,0,1,2,0,1,2,0,0,1,3,3,0,0,3,0,3,0,0,0,0,0,0,0,0,0,0,0,0,0,0,0,0,0,0,0,0,0,0,0,0,0,0,0,0,0,0,0,0,0,0,0,0,0,0,0,0,0,0,0,0,0,0,0,0,0,0,0,0,0,0,0,0,0,0,0,0,0,0,0,0,0,0,0,0,0,0,0,0,0,0,0,0,0,0,0,0,0,0,0,0,0,0,0,0,0,0,0,0,0,0,0,0],[0,1,1,2,3,4,5,6,7,8,9,10,11,12,13,14,15,16,17,18,19,20,21,22,23,24,25,26,27,28,29,30,31,0,0,0,0,0,0,0,0,0,0,0,0,0,0,0,0,0,0,0,0,0,0,0,0,0,0,0,0,0,0,0,0,0,0,0,0,0,0,0,0,0,0,0,0,0,0,0,0,0,0,0,0,0,0,0,0,0,0,0,0,0,0,0,0,0,0,0,0,0,0,0,0,0,0,0,0,0,0,0,0,0,0,0,0,0,0,0,0,0,0,0,0,0,0,0],[0,1,2,3,4,5,6,7,8,9,10,11,12,13,14,15,16,17,18,19,20,21,22,23,24,25,26,27,28,29,30,31,32,0,0,0,0,0,0,0,0,0,0,0,0,0,0,0,0,0,0,0,0,0,0,0,0,0,0,0,0,0,0,0,0,0,0,0,0,0,0,0,0,0,0,0,0,0,0,0,0,0,0,0,0,0,0,0,0,0,0,0,0,0,0,0,0,0,0,0,0,0,0,0,0,0,0,0,0,0,0,0,0,0,0,0,0,0,0,0,0,0,0,0,0,0,0,0]]"",""warmupCalls"":100,""warmupMs"":3000,""calibrationMs"":50,""exportName"":""bench""}",confirm,0,628,0.44517737579617805,279.57139199999983,7.370913999999999,20.179228999999992,70988,0.03595882155673635,6265,3000.1592929999997,"[{""calls"":314,""ms"":139.74039700000003},{""calls"":314,""ms"":139.79064599999992}]","[0.44503311146496827,0.4451931401273883]"
historical-separate,Seven-way isolated row mechanism,runtime-row32,generic,/home/ai/bend2/build/publish/bend/selfhost/build/phase30/runtime-row-confirm-01/report.json,d77640af138d08940ff3b8b98e8fd7bcb2627321a0181b91544fafeb9fbdb9b3,48ba7fc43ea2e20cc42a73b998a60de12cc3d62327905a3129b0285b5add9d22,"{""args"":[32,17],""expected"":""[[0,2,1,1,0,0,0,1,1,0,0,2,3,1,3,1,0,1,0,0,2,1,0,0,0,2,0,2,1,0,2,1,0,0,0,0,0,0,0,0,0,0,0,0,0,0,0,0,0,0,0,0,0,0,0,0,0,0,0,0,0,0,0,0,0,0,0,0,0,0,0,0,0,0,0,0,0,0,0,0,0,0,0,0,0,0,0,0,0,0,0,0,0,0,0,0,0,0,0,0,0,0,0,0,0,0,0,0,0,0,0,0,0,0,0,0,0,0,0,0,0,0,0,0,0,0,0,0],[0,1,2,0,1,0,1,2,0,0,0,0,2,0,0,3,0,1,2,0,1,2,0,0,1,3,3,0,0,3,0,3,0,0,0,0,0,0,0,0,0,0,0,0,0,0,0,0,0,0,0,0,0,0,0,0,0,0,0,0,0,0,0,0,0,0,0,0,0,0,0,0,0,0,0,0,0,0,0,0,0,0,0,0,0,0,0,0,0,0,0,0,0,0,0,0,0,0,0,0,0,0,0,0,0,0,0,0,0,0,0,0,0,0,0,0,0,0,0,0,0,0,0,0,0,0,0,0],[0,1,1,2,3,4,5,6,7,8,9,10,11,12,13,14,15,16,17,18,19,20,21,22,23,24,25,26,27,28,29,30,31,0,0,0,0,0,0,0,0,0,0,0,0,0,0,0,0,0,0,0,0,0,0,0,0,0,0,0,0,0,0,0,0,0,0,0,0,0,0,0,0,0,0,0,0,0,0,0,0,0,0,0,0,0,0,0,0,0,0,0,0,0,0,0,0,0,0,0,0,0,0,0,0,0,0,0,0,0,0,0,0,0,0,0,0,0,0,0,0,0,0,0,0,0,0,0],[0,1,2,3,4,5,6,7,8,9,10,11,12,13,14,15,16,17,18,19,20,21,22,23,24,25,26,27,28,29,30,31,32,0,0,0,0,0,0,0,0,0,0,0,0,0,0,0,0,0,0,0,0,0,0,0,0,0,0,0,0,0,0,0,0,0,0,0,0,0,0,0,0,0,0,0,0,0,0,0,0,0,0,0,0,0,0,0,0,0,0,0,0,0,0,0,0,0,0,0,0,0,0,0,0,0,0,0,0,0,0,0,0,0,0,0,0,0,0,0,0,0,0,0,0,0,0,0]]"",""warmupCalls"":100,""warmupMs"":3000,""calibrationMs"":50,""exportName"":""bench""}",confirm,1,628,0.4468501305732483,280.6218819999999,7.311022000000008,20.17503,69744,-0.20740594592894013,6227,3000.300188,"[{""calls"":314,""ms"":140.4361859999999},{""calls"":314,""ms"":140.1449130000001}]","[0.44724899999999973,0.446321378980892]"
historical-separate,Seven-way isolated row mechanism,runtime-row32,generic,/home/ai/bend2/build/publish/bend/selfhost/build/phase30/runtime-row-confirm-01/report.json,d77640af138d08940ff3b8b98e8fd7bcb2627321a0181b91544fafeb9fbdb9b3,48ba7fc43ea2e20cc42a73b998a60de12cc3d62327905a3129b0285b5add9d22,"{""args"":[32,17],""expected"":""[[0,2,1,1,0,0,0,1,1,0,0,2,3,1,3,1,0,1,0,0,2,1,0,0,0,2,0,2,1,0,2,1,0,0,0,0,0,0,0,0,0,0,0,0,0,0,0,0,0,0,0,0,0,0,0,0,0,0,0,0,0,0,0,0,0,0,0,0,0,0,0,0,0,0,0,0,0,0,0,0,0,0,0,0,0,0,0,0,0,0,0,0,0,0,0,0,0,0,0,0,0,0,0,0,0,0,0,0,0,0,0,0,0,0,0,0,0,0,0,0,0,0,0,0,0,0,0,0],[0,1,2,0,1,0,1,2,0,0,0,0,2,0,0,3,0,1,2,0,1,2,0,0,1,3,3,0,0,3,0,3,0,0,0,0,0,0,0,0,0,0,0,0,0,0,0,0,0,0,0,0,0,0,0,0,0,0,0,0,0,0,0,0,0,0,0,0,0,0,0,0,0,0,0,0,0,0,0,0,0,0,0,0,0,0,0,0,0,0,0,0,0,0,0,0,0,0,0,0,0,0,0,0,0,0,0,0,0,0,0,0,0,0,0,0,0,0,0,0,0,0,0,0,0,0,0,0],[0,1,1,2,3,4,5,6,7,8,9,10,11,12,13,14,15,16,17,18,19,20,21,22,23,24,25,26,27,28,29,30,31,0,0,0,0,0,0,0,0,0,0,0,0,0,0,0,0,0,0,0,0,0,0,0,0,0,0,0,0,0,0,0,0,0,0,0,0,0,0,0,0,0,0,0,0,0,0,0,0,0,0,0,0,0,0,0,0,0,0,0,0,0,0,0,0,0,0,0,0,0,0,0,0,0,0,0,0,0,0,0,0,0,0,0,0,0,0,0,0,0,0,0,0,0,0,0],[0,1,2,3,4,5,6,7,8,9,10,11,12,13,14,15,16,17,18,19,20,21,22,23,24,25,26,27,28,29,30,31,32,0,0,0,0,0,0,0,0,0,0,0,0,0,0,0,0,0,0,0,0,0,0,0,0,0,0,0,0,0,0,0,0,0,0,0,0,0,0,0,0,0,0,0,0,0,0,0,0,0,0,0,0,0,0,0,0,0,0,0,0,0,0,0,0,0,0,0,0,0,0,0,0,0,0,0,0,0,0,0,0,0,0,0,0,0,0,0,0,0,0,0,0,0,0,0]]"",""warmupCalls"":100,""warmupMs"":3000,""calibrationMs"":50,""exportName"":""bench""}",confirm,2,628,0.44646783757961767,280.3818019999999,7.519778000000002,20.004661,70276,-0.19173331572963637,6231,3000.1405799999998,"[{""calls"":314,""ms"":140.30529799999977},{""calls"":314,""ms"":140.03628600000002}]","[0.44683215923566805,0.44597543312101917]"
historical-separate,Seven-way isolated row mechanism,runtime-row32,generic,/home/ai/bend2/build/publish/bend/selfhost/build/phase30/runtime-row-confirm-01/report.json,d77640af138d08940ff3b8b98e8fd7bcb2627321a0181b91544fafeb9fbdb9b3,48ba7fc43ea2e20cc42a73b998a60de12cc3d62327905a3129b0285b5add9d22,"{""args"":[32,17],""expected"":""[[0,2,1,1,0,0,0,1,1,0,0,2,3,1,3,1,0,1,0,0,2,1,0,0,0,2,0,2,1,0,2,1,0,0,0,0,0,0,0,0,0,0,0,0,0,0,0,0,0,0,0,0,0,0,0,0,0,0,0,0,0,0,0,0,0,0,0,0,0,0,0,0,0,0,0,0,0,0,0,0,0,0,0,0,0,0,0,0,0,0,0,0,0,0,0,0,0,0,0,0,0,0,0,0,0,0,0,0,0,0,0,0,0,0,0,0,0,0,0,0,0,0,0,0,0,0,0,0],[0,1,2,0,1,0,1,2,0,0,0,0,2,0,0,3,0,1,2,0,1,2,0,0,1,3,3,0,0,3,0,3,0,0,0,0,0,0,0,0,0,0,0,0,0,0,0,0,0,0,0,0,0,0,0,0,0,0,0,0,0,0,0,0,0,0,0,0,0,0,0,0,0,0,0,0,0,0,0,0,0,0,0,0,0,0,0,0,0,0,0,0,0,0,0,0,0,0,0,0,0,0,0,0,0,0,0,0,0,0,0,0,0,0,0,0,0,0,0,0,0,0,0,0,0,0,0,0],[0,1,1,2,3,4,5,6,7,8,9,10,11,12,13,14,15,16,17,18,19,20,21,22,23,24,25,26,27,28,29,30,31,0,0,0,0,0,0,0,0,0,0,0,0,0,0,0,0,0,0,0,0,0,0,0,0,0,0,0,0,0,0,0,0,0,0,0,0,0,0,0,0,0,0,0,0,0,0,0,0,0,0,0,0,0,0,0,0,0,0,0,0,0,0,0,0,0,0,0,0,0,0,0,0,0,0,0,0,0,0,0,0,0,0,0,0,0,0,0,0,0,0,0,0,0,0,0],[0,1,2,3,4,5,6,7,8,9,10,11,12,13,14,15,16,17,18,19,20,21,22,23,24,25,26,27,28,29,30,31,32,0,0,0,0,0,0,0,0,0,0,0,0,0,0,0,0,0,0,0,0,0,0,0,0,0,0,0,0,0,0,0,0,0,0,0,0,0,0,0,0,0,0,0,0,0,0,0,0,0,0,0,0,0,0,0,0,0,0,0,0,0,0,0,0,0,0,0,0,0,0,0,0,0,0,0,0,0,0,0,0,0,0,0,0,0,0,0,0,0,0,0,0,0,0,0]]"",""warmupCalls"":100,""warmupMs"":3000,""calibrationMs"":50,""exportName"":""bench""}",confirm,3,628,0.4498832691082799,282.5266929999998,7.3583909999999975,20.033125,69544,-1.0366251162080786,6242,3000.062779,"[{""calls"":314,""ms"":141.97909900000013},{""calls"":314,""ms"":140.5073080000002}]","[0.4521627356687902,0.447475503184714]"
historical-separate,Seven-way isolated row mechanism,runtime-row32,generic,/home/ai/bend2/build/publish/bend/selfhost/build/phase30/runtime-row-confirm-01/report.json,d77640af138d08940ff3b8b98e8fd7bcb2627321a0181b91544fafeb9fbdb9b3,48ba7fc43ea2e20cc42a73b998a60de12cc3d62327905a3129b0285b5add9d22,"{""args"":[32,17],""expected"":""[[0,2,1,1,0,0,0,1,1,0,0,2,3,1,3,1,0,1,0,0,2,1,0,0,0,2,0,2,1,0,2,1,0,0,0,0,0,0,0,0,0,0,0,0,0,0,0,0,0,0,0,0,0,0,0,0,0,0,0,0,0,0,0,0,0,0,0,0,0,0,0,0,0,0,0,0,0,0,0,0,0,0,0,0,0,0,0,0,0,0,0,0,0,0,0,0,0,0,0,0,0,0,0,0,0,0,0,0,0,0,0,0,0,0,0,0,0,0,0,0,0,0,0,0,0,0,0,0],[0,1,2,0,1,0,1,2,0,0,0,0,2,0,0,3,0,1,2,0,1,2,0,0,1,3,3,0,0,3,0,3,0,0,0,0,0,0,0,0,0,0,0,0,0,0,0,0,0,0,0,0,0,0,0,0,0,0,0,0,0,0,0,0,0,0,0,0,0,0,0,0,0,0,0,0,0,0,0,0,0,0,0,0,0,0,0,0,0,0,0,0,0,0,0,0,0,0,0,0,0,0,0,0,0,0,0,0,0,0,0,0,0,0,0,0,0,0,0,0,0,0,0,0,0,0,0,0],[0,1,1,2,3,4,5,6,7,8,9,10,11,12,13,14,15,16,17,18,19,20,21,22,23,24,25,26,27,28,29,30,31,0,0,0,0,0,0,0,0,0,0,0,0,0,0,0,0,0,0,0,0,0,0,0,0,0,0,0,0,0,0,0,0,0,0,0,0,0,0,0,0,0,0,0,0,0,0,0,0,0,0,0,0,0,0,0,0,0,0,0,0,0,0,0,0,0,0,0,0,0,0,0,0,0,0,0,0,0,0,0,0,0,0,0,0,0,0,0,0,0,0,0,0,0,0,0],[0,1,2,3,4,5,6,7,8,9,10,11,12,13,14,15,16,17,18,19,20,21,22,23,24,25,26,27,28,29,30,31,32,0,0,0,0,0,0,0,0,0,0,0,0,0,0,0,0,0,0,0,0,0,0,0,0,0,0,0,0,0,0,0,0,0,0,0,0,0,0,0,0,0,0,0,0,0,0,0,0,0,0,0,0,0,0,0,0,0,0,0,0,0,0,0,0,0,0,0,0,0,0,0,0,0,0,0,0,0,0,0,0,0,0,0,0,0,0,0,0,0,0,0,0,0,0,0]]"",""warmupCalls"":100,""warmupMs"":3000,""calibrationMs"":50,""exportName"":""bench""}",confirm,4,628,0.45565619745222974,286.15209200000027,7.334078000000005,19.95413,69736,3.757202837888318,6223,3000.0554740000002,"[{""calls"":314,""ms"":140.4179180000001},{""calls"":314,""ms"":145.6937039999998}]","[0.4471908216560513,0.4639926878980885]"
historical-separate,Seven-way isolated row mechanism,runtime-row32,fused,/home/ai/bend2/build/publish/bend/selfhost/build/phase30/runtime-row-confirm-01/report.json,d77640af138d08940ff3b8b98e8fd7bcb2627321a0181b91544fafeb9fbdb9b3,42a67d80ad56a489f1f6675154c893d4caebdc2f51933026758d327dc3fcc485,"{""args"":[32,17],""expected"":""[[0,2,1,1,0,0,0,1,1,0,0,2,3,1,3,1,0,1,0,0,2,1,0,0,0,2,0,2,1,0,2,1,0,0,0,0,0,0,0,0,0,0,0,0,0,0,0,0,0,0,0,0,0,0,0,0,0,0,0,0,0,0,0,0,0,0,0,0,0,0,0,0,0,0,0,0,0,0,0,0,0,0,0,0,0,0,0,0,0,0,0,0,0,0,0,0,0,0,0,0,0,0,0,0,0,0,0,0,0,0,0,0,0,0,0,0,0,0,0,0,0,0,0,0,0,0,0,0],[0,1,2,0,1,0,1,2,0,0,0,0,2,0,0,3,0,1,2,0,1,2,0,0,1,3,3,0,0,3,0,3,0,0,0,0,0,0,0,0,0,0,0,0,0,0,0,0,0,0,0,0,0,0,0,0,0,0,0,0,0,0,0,0,0,0,0,0,0,0,0,0,0,0,0,0,0,0,0,0,0,0,0,0,0,0,0,0,0,0,0,0,0,0,0,0,0,0,0,0,0,0,0,0,0,0,0,0,0,0,0,0,0,0,0,0,0,0,0,0,0,0,0,0,0,0,0,0],[0,1,1,2,3,4,5,6,7,8,9,10,11,12,13,14,15,16,17,18,19,20,21,22,23,24,25,26,27,28,29,30,31,0,0,0,0,0,0,0,0,0,0,0,0,0,0,0,0,0,0,0,0,0,0,0,0,0,0,0,0,0,0,0,0,0,0,0,0,0,0,0,0,0,0,0,0,0,0,0,0,0,0,0,0,0,0,0,0,0,0,0,0,0,0,0,0,0,0,0,0,0,0,0,0,0,0,0,0,0,0,0,0,0,0,0,0,0,0,0,0,0,0,0,0,0,0,0],[0,1,2,3,4,5,6,7,8,9,10,11,12,13,14,15,16,17,18,19,20,21,22,23,24,25,26,27,28,29,30,31,32,0,0,0,0,0,0,0,0,0,0,0,0,0,0,0,0,0,0,0,0,0,0,0,0,0,0,0,0,0,0,0,0,0,0,0,0,0,0,0,0,0,0,0,0,0,0,0,0,0,0,0,0,0,0,0,0,0,0,0,0,0,0,0,0,0,0,0,0,0,0,0,0,0,0,0,0,0,0,0,0,0,0,0,0,0,0,0,0,0,0,0,0,0,0,0]]"",""warmupCalls"":100,""warmupMs"":3000,""calibrationMs"":50,""exportName"":""bench""}",confirm,0,496,0.5961392499999996,295.6850679999998,8.504615000000001,20.662254000000004,70060,0.9341923875960223,4682,3000.328912,"[{""calls"":248,""ms"":147.1343609999999},{""calls"":248,""ms"":148.50887899999998}]","[0.593283713709677,0.5988261249999999]"
historical-separate,Seven-way isolated row mechanism,runtime-row32,fused,/home/ai/bend2/build/publish/bend/selfhost/build/phase30/runtime-row-confirm-01/report.json,d77640af138d08940ff3b8b98e8fd7bcb2627321a0181b91544fafeb9fbdb9b3,42a67d80ad56a489f1f6675154c893d4caebdc2f51933026758d327dc3fcc485,"{""args"":[32,17],""expected"":""[[0,2,1,1,0,0,0,1,1,0,0,2,3,1,3,1,0,1,0,0,2,1,0,0,0,2,0,2,1,0,2,1,0,0,0,0,0,0,0,0,0,0,0,0,0,0,0,0,0,0,0,0,0,0,0,0,0,0,0,0,0,0,0,0,0,0,0,0,0,0,0,0,0,0,0,0,0,0,0,0,0,0,0,0,0,0,0,0,0,0,0,0,0,0,0,0,0,0,0,0,0,0,0,0,0,0,0,0,0,0,0,0,0,0,0,0,0,0,0,0,0,0,0,0,0,0,0,0],[0,1,2,0,1,0,1,2,0,0,0,0,2,0,0,3,0,1,2,0,1,2,0,0,1,3,3,0,0,3,0,3,0,0,0,0,0,0,0,0,0,0,0,0,0,0,0,0,0,0,0,0,0,0,0,0,0,0,0,0,0,0,0,0,0,0,0,0,0,0,0,0,0,0,0,0,0,0,0,0,0,0,0,0,0,0,0,0,0,0,0,0,0,0,0,0,0,0,0,0,0,0,0,0,0,0,0,0,0,0,0,0,0,0,0,0,0,0,0,0,0,0,0,0,0,0,0,0],[0,1,1,2,3,4,5,6,7,8,9,10,11,12,13,14,15,16,17,18,19,20,21,22,23,24,25,26,27,28,29,30,31,0,0,0,0,0,0,0,0,0,0,0,0,0,0,0,0,0,0,0,0,0,0,0,0,0,0,0,0,0,0,0,0,0,0,0,0,0,0,0,0,0,0,0,0,0,0,0,0,0,0,0,0,0,0,0,0,0,0,0,0,0,0,0,0,0,0,0,0,0,0,0,0,0,0,0,0,0,0,0,0,0,0,0,0,0,0,0,0,0,0,0,0,0,0,0],[0,1,2,3,4,5,6,7,8,9,10,11,12,13,14,15,16,17,18,19,20,21,22,23,24,25,26,27,28,29,30,31,32,0,0,0,0,0,0,0,0,0,0,0,0,0,0,0,0,0,0,0,0,0,0,0,0,0,0,0,0,0,0,0,0,0,0,0,0,0,0,0,0,0,0,0,0,0,0,0,0,0,0,0,0,0,0,0,0,0,0,0,0,0,0,0,0,0,0,0,0,0,0,0,0,0,0,0,0,0,0,0,0,0,0,0,0,0,0,0,0,0,0,0,0,0,0,0]]"",""warmupCalls"":100,""warmupMs"":3000,""calibrationMs"":50,""exportName"":""bench""}",confirm,1,496,0.5926132641129028,293.9361789999998,9.295621999999995,21.031874000000002,69692,-0.682333063148477,4719,3000.173521,"[{""calls"":248,""ms"":147.45101099999965},{""calls"":248,""ms"":146.44490399999995}]","[0.5945605282258051,0.5905036451612902]"
historical-separate,Seven-way isolated row mechanism,runtime-row32,fused,/home/ai/bend2/build/publish/bend/selfhost/build/phase30/runtime-row-confirm-01/report.json,d77640af138d08940ff3b8b98e8fd7bcb2627321a0181b91544fafeb9fbdb9b3,42a67d80ad56a489f1f6675154c893d4caebdc2f51933026758d327dc3fcc485,"{""args"":[32,17],""expected"":""[[0,2,1,1,0,0,0,1,1,0,0,2,3,1,3,1,0,1,0,0,2,1,0,0,0,2,0,2,1,0,2,1,0,0,0,0,0,0,0,0,0,0,0,0,0,0,0,0,0,0,0,0,0,0,0,0,0,0,0,0,0,0,0,0,0,0,0,0,0,0,0,0,0,0,0,0,0,0,0,0,0,0,0,0,0,0,0,0,0,0,0,0,0,0,0,0,0,0,0,0,0,0,0,0,0,0,0,0,0,0,0,0,0,0,0,0,0,0,0,0,0,0,0,0,0,0,0,0],[0,1,2,0,1,0,1,2,0,0,0,0,2,0,0,3,0,1,2,0,1,2,0,0,1,3,3,0,0,3,0,3,0,0,0,0,0,0,0,0,0,0,0,0,0,0,0,0,0,0,0,0,0,0,0,0,0,0,0,0,0,0,0,0,0,0,0,0,0,0,0,0,0,0,0,0,0,0,0,0,0,0,0,0,0,0,0,0,0,0,0,0,0,0,0,0,0,0,0,0,0,0,0,0,0,0,0,0,0,0,0,0,0,0,0,0,0,0,0,0,0,0,0,0,0,0,0,0],[0,1,1,2,3,4,5,6,7,8,9,10,11,12,13,14,15,16,17,18,19,20,21,22,23,24,25,26,27,28,29,30,31,0,0,0,0,0,0,0,0,0,0,0,0,0,0,0,0,0,0,0,0,0,0,0,0,0,0,0,0,0,0,0,0,0,0,0,0,0,0,0,0,0,0,0,0,0,0,0,0,0,0,0,0,0,0,0,0,0,0,0,0,0,0,0,0,0,0,0,0,0,0,0,0,0,0,0,0,0,0,0,0,0,0,0,0,0,0,0,0,0,0,0,0,0,0,0],[0,1,2,3,4,5,6,7,8,9,10,11,12,13,14,15,16,17,18,19,20,21,22,23,24,25,26,27,28,29,30,31,32,0,0,0,0,0,0,0,0,0,0,0,0,0,0,0,0,0,0,0,0,0,0,0,0,0,0,0,0,0,0,0,0,0,0,0,0,0,0,0,0,0,0,0,0,0,0,0,0,0,0,0,0,0,0,0,0,0,0,0,0,0,0,0,0,0,0,0,0,0,0,0,0,0,0,0,0,0,0,0,0,0,0,0,0,0,0,0,0,0,0,0,0,0,0,0]]"",""warmupCalls"":100,""warmupMs"":3000,""calibrationMs"":50,""exportName"":""bench""}",confirm,2,496,0.59026364516129,292.77076799999986,8.347406000000007,19.99126799999999,70036,0.11809306706629386,4727,3000.249085,"[{""calls"":248,""ms"":146.279544},{""calls"":248,""ms"":146.45229000000018}]","[0.5898368709677418,0.5905334274193555]"
historical-separate,Seven-way isolated row mechanism,runtime-row32,fused,/home/ai/bend2/build/publish/bend/selfhost/build/phase30/runtime-row-confirm-01/report.json,d77640af138d08940ff3b8b98e8fd7bcb2627321a0181b91544fafeb9fbdb9b3,42a67d80ad56a489f1f6675154c893d4caebdc2f51933026758d327dc3fcc485,"{""args"":[32,17],""expected"":""[[0,2,1,1,0,0,0,1,1,0,0,2,3,1,3,1,0,1,0,0,2,1,0,0,0,2,0,2,1,0,2,1,0,0,0,0,0,0,0,0,0,0,0,0,0,0,0,0,0,0,0,0,0,0,0,0,0,0,0,0,0,0,0,0,0,0,0,0,0,0,0,0,0,0,0,0,0,0,0,0,0,0,0,0,0,0,0,0,0,0,0,0,0,0,0,0,0,0,0,0,0,0,0,0,0,0,0,0,0,0,0,0,0,0,0,0,0,0,0,0,0,0,0,0,0,0,0,0],[0,1,2,0,1,0,1,2,0,0,0,0,2,0,0,3,0,1,2,0,1,2,0,0,1,3,3,0,0,3,0,3,0,0,0,0,0,0,0,0,0,0,0,0,0,0,0,0,0,0,0,0,0,0,0,0,0,0,0,0,0,0,0,0,0,0,0,0,0,0,0,0,0,0,0,0,0,0,0,0,0,0,0,0,0,0,0,0,0,0,0,0,0,0,0,0,0,0,0,0,0,0,0,0,0,0,0,0,0,0,0,0,0,0,0,0,0,0,0,0,0,0,0,0,0,0,0,0],[0,1,1,2,3,4,5,6,7,8,9,10,11,12,13,14,15,16,17,18,19,20,21,22,23,24,25,26,27,28,29,30,31,0,0,0,0,0,0,0,0,0,0,0,0,0,0,0,0,0,0,0,0,0,0,0,0,0,0,0,0,0,0,0,0,0,0,0,0,0,0,0,0,0,0,0,0,0,0,0,0,0,0,0,0,0,0,0,0,0,0,0,0,0,0,0,0,0,0,0,0,0,0,0,0,0,0,0,0,0,0,0,0,0,0,0,0,0,0,0,0,0,0,0,0,0,0,0],[0,1,2,3,4,5,6,7,8,9,10,11,12,13,14,15,16,17,18,19,20,21,22,23,24,25,26,27,28,29,30,31,32,0,0,0,0,0,0,0,0,0,0,0,0,0,0,0,0,0,0,0,0,0,0,0,0,0,0,0,0,0,0,0,0,0,0,0,0,0,0,0,0,0,0,0,0,0,0,0,0,0,0,0,0,0,0,0,0,0,0,0,0,0,0,0,0,0,0,0,0,0,0,0,0,0,0,0,0,0,0,0,0,0,0,0,0,0,0,0,0,0,0,0,0,0,0,0]]"",""warmupCalls"":100,""warmupMs"":3000,""calibrationMs"":50,""exportName"":""bench""}",confirm,3,496,0.5878209959677426,291.55921400000034,8.31639700000001,19.99260000000001,69896,-0.2414092441935578,4739,3000.0275359999996,"[{""calls"":248,""ms"":145.93558799999983},{""calls"":248,""ms"":145.5832859999996}]","[0.5884499516129025,0.5870293790322564]"
historical-separate,Seven-way isolated row mechanism,runtime-row32,fused,/home/ai/bend2/build/publish/bend/selfhost/build/phase30/runtime-row-confirm-01/report.json,d77640af138d08940ff3b8b98e8fd7bcb2627321a0181b91544fafeb9fbdb9b3,42a67d80ad56a489f1f6675154c893d4caebdc2f51933026758d327dc3fcc485,"{""args"":[32,17],""expected"":""[[0,2,1,1,0,0,0,1,1,0,0,2,3,1,3,1,0,1,0,0,2,1,0,0,0,2,0,2,1,0,2,1,0,0,0,0,0,0,0,0,0,0,0,0,0,0,0,0,0,0,0,0,0,0,0,0,0,0,0,0,0,0,0,0,0,0,0,0,0,0,0,0,0,0,0,0,0,0,0,0,0,0,0,0,0,0,0,0,0,0,0,0,0,0,0,0,0,0,0,0,0,0,0,0,0,0,0,0,0,0,0,0,0,0,0,0,0,0,0,0,0,0,0,0,0,0,0,0],[0,1,2,0,1,0,1,2,0,0,0,0,2,0,0,3,0,1,2,0,1,2,0,0,1,3,3,0,0,3,0,3,0,0,0,0,0,0,0,0,0,0,0,0,0,0,0,0,0,0,0,0,0,0,0,0,0,0,0,0,0,0,0,0,0,0,0,0,0,0,0,0,0,0,0,0,0,0,0,0,0,0,0,0,0,0,0,0,0,0,0,0,0,0,0,0,0,0,0,0,0,0,0,0,0,0,0,0,0,0,0,0,0,0,0,0,0,0,0,0,0,0,0,0,0,0,0,0],[0,1,1,2,3,4,5,6,7,8,9,10,11,12,13,14,15,16,17,18,19,20,21,22,23,24,25,26,27,28,29,30,31,0,0,0,0,0,0,0,0,0,0,0,0,0,0,0,0,0,0,0,0,0,0,0,0,0,0,0,0,0,0,0,0,0,0,0,0,0,0,0,0,0,0,0,0,0,0,0,0,0,0,0,0,0,0,0,0,0,0,0,0,0,0,0,0,0,0,0,0,0,0,0,0,0,0,0,0,0,0,0,0,0,0,0,0,0,0,0,0,0,0,0,0,0,0,0],[0,1,2,3,4,5,6,7,8,9,10,11,12,13,14,15,16,17,18,19,20,21,22,23,24,25,26,27,28,29,30,31,32,0,0,0,0,0,0,0,0,0,0,0,0,0,0,0,0,0,0,0,0,0,0,0,0,0,0,0,0,0,0,0,0,0,0,0,0,0,0,0,0,0,0,0,0,0,0,0,0,0,0,0,0,0,0,0,0,0,0,0,0,0,0,0,0,0,0,0,0,0,0,0,0,0,0,0,0,0,0,0,0,0,0,0,0,0,0,0,0,0,0,0,0,0,0,0]]"",""warmupCalls"":100,""warmupMs"":3000,""calibrationMs"":50,""exportName"":""bench""}",confirm,4,496,0.5922244536290321,293.7433289999999,8.580325000000002,20.961686,70584,0.25958435029829197,4687,3000.270937,"[{""calls"":248,""ms"":146.6602280000002},{""calls"":248,""ms"":147.040935}]","[0.5913718870967749,0.5929069959677419]"
historical-separate,Seven-way isolated row mechanism,runtime-row32,actual_call,/home/ai/bend2/build/publish/bend/selfhost/build/phase30/runtime-row-confirm-01/report.json,d77640af138d08940ff3b8b98e8fd7bcb2627321a0181b91544fafeb9fbdb9b3,c013160d43e07995ed740972c7d3112f8b339f785184619427394d7bf2bb2ad8,"{""args"":[32,17],""expected"":""[[0,2,1,1,0,0,0,1,1,0,0,2,3,1,3,1,0,1,0,0,2,1,0,0,0,2,0,2,1,0,2,1,0,0,0,0,0,0,0,0,0,0,0,0,0,0,0,0,0,0,0,0,0,0,0,0,0,0,0,0,0,0,0,0,0,0,0,0,0,0,0,0,0,0,0,0,0,0,0,0,0,0,0,0,0,0,0,0,0,0,0,0,0,0,0,0,0,0,0,0,0,0,0,0,0,0,0,0,0,0,0,0,0,0,0,0,0,0,0,0,0,0,0,0,0,0,0,0],[0,1,2,0,1,0,1,2,0,0,0,0,2,0,0,3,0,1,2,0,1,2,0,0,1,3,3,0,0,3,0,3,0,0,0,0,0,0,0,0,0,0,0,0,0,0,0,0,0,0,0,0,0,0,0,0,0,0,0,0,0,0,0,0,0,0,0,0,0,0,0,0,0,0,0,0,0,0,0,0,0,0,0,0,0,0,0,0,0,0,0,0,0,0,0,0,0,0,0,0,0,0,0,0,0,0,0,0,0,0,0,0,0,0,0,0,0,0,0,0,0,0,0,0,0,0,0,0],[0,1,1,2,3,4,5,6,7,8,9,10,11,12,13,14,15,16,17,18,19,20,21,22,23,24,25,26,27,28,29,30,31,0,0,0,0,0,0,0,0,0,0,0,0,0,0,0,0,0,0,0,0,0,0,0,0,0,0,0,0,0,0,0,0,0,0,0,0,0,0,0,0,0,0,0,0,0,0,0,0,0,0,0,0,0,0,0,0,0,0,0,0,0,0,0,0,0,0,0,0,0,0,0,0,0,0,0,0,0,0,0,0,0,0,0,0,0,0,0,0,0,0,0,0,0,0,0],[0,1,2,3,4,5,6,7,8,9,10,11,12,13,14,15,16,17,18,19,20,21,22,23,24,25,26,27,28,29,30,31,32,0,0,0,0,0,0,0,0,0,0,0,0,0,0,0,0,0,0,0,0,0,0,0,0,0,0,0,0,0,0,0,0,0,0,0,0,0,0,0,0,0,0,0,0,0,0,0,0,0,0,0,0,0,0,0,0,0,0,0,0,0,0,0,0,0,0,0,0,0,0,0,0,0,0,0,0,0,0,0,0,0,0,0,0,0,0,0,0,0,0,0,0,0,0,0]]"",""warmupCalls"":100,""warmupMs"":3000,""calibrationMs"":50,""exportName"":""bench""}",confirm,0,561,0.5399893868092697,302.9340460000003,8.037309000000008,20.084512000000004,69844,0.9914095637496789,5172,3000.434239,"[{""calls"":280,""ms"":150.42846499999996},{""calls"":281,""ms"":152.46239799999967}]","[0.5372445178571427,0.5425708113878992]"
historical-separate,Seven-way isolated row mechanism,runtime-row32,actual_call,/home/ai/bend2/build/publish/bend/selfhost/build/phase30/runtime-row-confirm-01/report.json,d77640af138d08940ff3b8b98e8fd7bcb2627321a0181b91544fafeb9fbdb9b3,c013160d43e07995ed740972c7d3112f8b339f785184619427394d7bf2bb2ad8,"{""args"":[32,17],""expected"":""[[0,2,1,1,0,0,0,1,1,0,0,2,3,1,3,1,0,1,0,0,2,1,0,0,0,2,0,2,1,0,2,1,0,0,0,0,0,0,0,0,0,0,0,0,0,0,0,0,0,0,0,0,0,0,0,0,0,0,0,0,0,0,0,0,0,0,0,0,0,0,0,0,0,0,0,0,0,0,0,0,0,0,0,0,0,0,0,0,0,0,0,0,0,0,0,0,0,0,0,0,0,0,0,0,0,0,0,0,0,0,0,0,0,0,0,0,0,0,0,0,0,0,0,0,0,0,0,0],[0,1,2,0,1,0,1,2,0,0,0,0,2,0,0,3,0,1,2,0,1,2,0,0,1,3,3,0,0,3,0,3,0,0,0,0,0,0,0,0,0,0,0,0,0,0,0,0,0,0,0,0,0,0,0,0,0,0,0,0,0,0,0,0,0,0,0,0,0,0,0,0,0,0,0,0,0,0,0,0,0,0,0,0,0,0,0,0,0,0,0,0,0,0,0,0,0,0,0,0,0,0,0,0,0,0,0,0,0,0,0,0,0,0,0,0,0,0,0,0,0,0,0,0,0,0,0,0],[0,1,1,2,3,4,5,6,7,8,9,10,11,12,13,14,15,16,17,18,19,20,21,22,23,24,25,26,27,28,29,30,31,0,0,0,0,0,0,0,0,0,0,0,0,0,0,0,0,0,0,0,0,0,0,0,0,0,0,0,0,0,0,0,0,0,0,0,0,0,0,0,0,0,0,0,0,0,0,0,0,0,0,0,0,0,0,0,0,0,0,0,0,0,0,0,0,0,0,0,0,0,0,0,0,0,0,0,0,0,0,0,0,0,0,0,0,0,0,0,0,0,0,0,0,0,0,0],[0,1,2,3,4,5,6,7,8,9,10,11,12,13,14,15,16,17,18,19,20,21,22,23,24,25,26,27,28,29,30,31,32,0,0,0,0,0,0,0,0,0,0,0,0,0,0,0,0,0,0,0,0,0,0,0,0,0,0,0,0,0,0,0,0,0,0,0,0,0,0,0,0,0,0,0,0,0,0,0,0,0,0,0,0,0,0,0,0,0,0,0,0,0,0,0,0,0,0,0,0,0,0,0,0,0,0,0,0,0,0,0,0,0,0,0,0,0,0,0,0,0,0,0,0,0,0,0]]"",""warmupCalls"":100,""warmupMs"":3000,""calibrationMs"":50,""exportName"":""bench""}",confirm,1,561,0.5435076434937611,304.907788,8.065408999999988,20.255982000000003,69564,0.8589428328128701,5100,3000.085041,"[{""calls"":280,""ms"":151.50948900000003},{""calls"":281,""ms"":153.3566219999998}]","[0.541105317857143,0.5457531032028462]"
historical-separate,Seven-way isolated row mechanism,runtime-row32,actual_call,/home/ai/bend2/build/publish/bend/selfhost/build/phase30/runtime-row-confirm-01/report.json,d77640af138d08940ff3b8b98e8fd7bcb2627321a0181b91544fafeb9fbdb9b3,c013160d43e07995ed740972c7d3112f8b339f785184619427394d7bf2bb2ad8,"{""args"":[32,17],""expected"":""[[0,2,1,1,0,0,0,1,1,0,0,2,3,1,3,1,0,1,0,0,2,1,0,0,0,2,0,2,1,0,2,1,0,0,0,0,0,0,0,0,0,0,0,0,0,0,0,0,0,0,0,0,0,0,0,0,0,0,0,0,0,0,0,0,0,0,0,0,0,0,0,0,0,0,0,0,0,0,0,0,0,0,0,0,0,0,0,0,0,0,0,0,0,0,0,0,0,0,0,0,0,0,0,0,0,0,0,0,0,0,0,0,0,0,0,0,0,0,0,0,0,0,0,0,0,0,0,0],[0,1,2,0,1,0,1,2,0,0,0,0,2,0,0,3,0,1,2,0,1,2,0,0,1,3,3,0,0,3,0,3,0,0,0,0,0,0,0,0,0,0,0,0,0,0,0,0,0,0,0,0,0,0,0,0,0,0,0,0,0,0,0,0,0,0,0,0,0,0,0,0,0,0,0,0,0,0,0,0,0,0,0,0,0,0,0,0,0,0,0,0,0,0,0,0,0,0,0,0,0,0,0,0,0,0,0,0,0,0,0,0,0,0,0,0,0,0,0,0,0,0,0,0,0,0,0,0],[0,1,1,2,3,4,5,6,7,8,9,10,11,12,13,14,15,16,17,18,19,20,21,22,23,24,25,26,27,28,29,30,31,0,0,0,0,0,0,0,0,0,0,0,0,0,0,0,0,0,0,0,0,0,0,0,0,0,0,0,0,0,0,0,0,0,0,0,0,0,0,0,0,0,0,0,0,0,0,0,0,0,0,0,0,0,0,0,0,0,0,0,0,0,0,0,0,0,0,0,0,0,0,0,0,0,0,0,0,0,0,0,0,0,0,0,0,0,0,0,0,0,0,0,0,0,0,0],[0,1,2,3,4,5,6,7,8,9,10,11,12,13,14,15,16,17,18,19,20,21,22,23,24,25,26,27,28,29,30,31,32,0,0,0,0,0,0,0,0,0,0,0,0,0,0,0,0,0,0,0,0,0,0,0,0,0,0,0,0,0,0,0,0,0,0,0,0,0,0,0,0,0,0,0,0,0,0,0,0,0,0,0,0,0,0,0,0,0,0,0,0,0,0,0,0,0,0,0,0,0,0,0,0,0,0,0,0,0,0,0,0,0,0,0,0,0,0,0,0,0,0,0,0,0,0,0]]"",""warmupCalls"":100,""warmupMs"":3000,""calibrationMs"":50,""exportName"":""bench""}",confirm,2,561,0.5475757379679151,307.1899890000004,8.023828999999992,20.182382000000004,70024,1.1562015096190814,5128,3000.078964,"[{""calls"":280,""ms"":152.41865899999993},{""calls"":281,""ms"":154.73157200000014}]","[0.5443523535714283,0.5506461637010681]"
historical-separate,Seven-way isolated row mechanism,runtime-row32,actual_call,/home/ai/bend2/build/publish/bend/selfhost/build/phase30/runtime-row-confirm-01/report.json,d77640af138d08940ff3b8b98e8fd7bcb2627321a0181b91544fafeb9fbdb9b3,c013160d43e07995ed740972c7d3112f8b339f785184619427394d7bf2bb2ad8,"{""args"":[32,17],""expected"":""[[0,2,1,1,0,0,0,1,1,0,0,2,3,1,3,1,0,1,0,0,2,1,0,0,0,2,0,2,1,0,2,1,0,0,0,0,0,0,0,0,0,0,0,0,0,0,0,0,0,0,0,0,0,0,0,0,0,0,0,0,0,0,0,0,0,0,0,0,0,0,0,0,0,0,0,0,0,0,0,0,0,0,0,0,0,0,0,0,0,0,0,0,0,0,0,0,0,0,0,0,0,0,0,0,0,0,0,0,0,0,0,0,0,0,0,0,0,0,0,0,0,0,0,0,0,0,0,0],[0,1,2,0,1,0,1,2,0,0,0,0,2,0,0,3,0,1,2,0,1,2,0,0,1,3,3,0,0,3,0,3,0,0,0,0,0,0,0,0,0,0,0,0,0,0,0,0,0,0,0,0,0,0,0,0,0,0,0,0,0,0,0,0,0,0,0,0,0,0,0,0,0,0,0,0,0,0,0,0,0,0,0,0,0,0,0,0,0,0,0,0,0,0,0,0,0,0,0,0,0,0,0,0,0,0,0,0,0,0,0,0,0,0,0,0,0,0,0,0,0,0,0,0,0,0,0,0],[0,1,1,2,3,4,5,6,7,8,9,10,11,12,13,14,15,16,17,18,19,20,21,22,23,24,25,26,27,28,29,30,31,0,0,0,0,0,0,0,0,0,0,0,0,0,0,0,0,0,0,0,0,0,0,0,0,0,0,0,0,0,0,0,0,0,0,0,0,0,0,0,0,0,0,0,0,0,0,0,0,0,0,0,0,0,0,0,0,0,0,0,0,0,0,0,0,0,0,0,0,0,0,0,0,0,0,0,0,0,0,0,0,0,0,0,0,0,0,0,0,0,0,0,0,0,0,0],[0,1,2,3,4,5,6,7,8,9,10,11,12,13,14,15,16,17,18,19,20,21,22,23,24,25,26,27,28,29,30,31,32,0,0,0,0,0,0,0,0,0,0,0,0,0,0,0,0,0,0,0,0,0,0,0,0,0,0,0,0,0,0,0,0,0,0,0,0,0,0,0,0,0,0,0,0,0,0,0,0,0,0,0,0,0,0,0,0,0,0,0,0,0,0,0,0,0,0,0,0,0,0,0,0,0,0,0,0,0,0,0,0,0,0,0,0,0,0,0,0,0,0,0,0,0,0,0]]"",""warmupCalls"":100,""warmupMs"":3000,""calibrationMs"":50,""exportName"":""bench""}",confirm,3,561,0.5491758342245987,308.08764299999984,8.030829999999995,20.093362,69676,1.384884781712259,5111,3000.3759219999997,"[{""calls"":280,""ms"":152.68959499999983},{""calls"":281,""ms"":155.3570420000001}]","[0.5453199821428565,0.5528720355871889]"
historical-separate,Seven-way isolated row mechanism,runtime-row32,actual_call,/home/ai/bend2/build/publish/bend/selfhost/build/phase30/runtime-row-confirm-01/report.json,d77640af138d08940ff3b8b98e8fd7bcb2627321a0181b91544fafeb9fbdb9b3,c013160d43e07995ed740972c7d3112f8b339f785184619427394d7bf2bb2ad8,"{""args"":[32,17],""expected"":""[[0,2,1,1,0,0,0,1,1,0,0,2,3,1,3,1,0,1,0,0,2,1,0,0,0,2,0,2,1,0,2,1,0,0,0,0,0,0,0,0,0,0,0,0,0,0,0,0,0,0,0,0,0,0,0,0,0,0,0,0,0,0,0,0,0,0,0,0,0,0,0,0,0,0,0,0,0,0,0,0,0,0,0,0,0,0,0,0,0,0,0,0,0,0,0,0,0,0,0,0,0,0,0,0,0,0,0,0,0,0,0,0,0,0,0,0,0,0,0,0,0,0,0,0,0,0,0,0],[0,1,2,0,1,0,1,2,0,0,0,0,2,0,0,3,0,1,2,0,1,2,0,0,1,3,3,0,0,3,0,3,0,0,0,0,0,0,0,0,0,0,0,0,0,0,0,0,0,0,0,0,0,0,0,0,0,0,0,0,0,0,0,0,0,0,0,0,0,0,0,0,0,0,0,0,0,0,0,0,0,0,0,0,0,0,0,0,0,0,0,0,0,0,0,0,0,0,0,0,0,0,0,0,0,0,0,0,0,0,0,0,0,0,0,0,0,0,0,0,0,0,0,0,0,0,0,0],[0,1,1,2,3,4,5,6,7,8,9,10,11,12,13,14,15,16,17,18,19,20,21,22,23,24,25,26,27,28,29,30,31,0,0,0,0,0,0,0,0,0,0,0,0,0,0,0,0,0,0,0,0,0,0,0,0,0,0,0,0,0,0,0,0,0,0,0,0,0,0,0,0,0,0,0,0,0,0,0,0,0,0,0,0,0,0,0,0,0,0,0,0,0,0,0,0,0,0,0,0,0,0,0,0,0,0,0,0,0,0,0,0,0,0,0,0,0,0,0,0,0,0,0,0,0,0,0],[0,1,2,3,4,5,6,7,8,9,10,11,12,13,14,15,16,17,18,19,20,21,22,23,24,25,26,27,28,29,30,31,32,0,0,0,0,0,0,0,0,0,0,0,0,0,0,0,0,0,0,0,0,0,0,0,0,0,0,0,0,0,0,0,0,0,0,0,0,0,0,0,0,0,0,0,0,0,0,0,0,0,0,0,0,0,0,0,0,0,0,0,0,0,0,0,0,0,0,0,0,0,0,0,0,0,0,0,0,0,0,0,0,0,0,0,0,0,0,0,0,0,0,0,0,0,0,0]]"",""warmupCalls"":100,""warmupMs"":3000,""calibrationMs"":50,""exportName"":""bench""}",confirm,4,561,0.548976575757576,307.9758590000001,8.073358999999996,20.452205,69508,1.2387627284985658,5148,3000.333733,"[{""calls"":280,""ms"":152.7393350000002},{""calls"":281,""ms"":155.18366800000013}]","[0.5454976250000008,0.5522550462633457]"
historical-separate,Seven-way isolated row mechanism,runtime-row32,typescript,/home/ai/bend2/build/publish/bend/selfhost/build/phase30/runtime-row-confirm-01/report.json,d77640af138d08940ff3b8b98e8fd7bcb2627321a0181b91544fafeb9fbdb9b3,34116f36cf0eb5089e5041abb10f2d0786051e8bd3f9afe350d97aad8303ae10,"{""args"":[32,17],""expected"":""[[0,2,1,1,0,0,0,1,1,0,0,2,3,1,3,1,0,1,0,0,2,1,0,0,0,2,0,2,1,0,2,1,0,0,0,0,0,0,0,0,0,0,0,0,0,0,0,0,0,0,0,0,0,0,0,0,0,0,0,0,0,0,0,0,0,0,0,0,0,0,0,0,0,0,0,0,0,0,0,0,0,0,0,0,0,0,0,0,0,0,0,0,0,0,0,0,0,0,0,0,0,0,0,0,0,0,0,0,0,0,0,0,0,0,0,0,0,0,0,0,0,0,0,0,0,0,0,0],[0,1,2,0,1,0,1,2,0,0,0,0,2,0,0,3,0,1,2,0,1,2,0,0,1,3,3,0,0,3,0,3,0,0,0,0,0,0,0,0,0,0,0,0,0,0,0,0,0,0,0,0,0,0,0,0,0,0,0,0,0,0,0,0,0,0,0,0,0,0,0,0,0,0,0,0,0,0,0,0,0,0,0,0,0,0,0,0,0,0,0,0,0,0,0,0,0,0,0,0,0,0,0,0,0,0,0,0,0,0,0,0,0,0,0,0,0,0,0,0,0,0,0,0,0,0,0,0],[0,1,1,2,3,4,5,6,7,8,9,10,11,12,13,14,15,16,17,18,19,20,21,22,23,24,25,26,27,28,29,30,31,0,0,0,0,0,0,0,0,0,0,0,0,0,0,0,0,0,0,0,0,0,0,0,0,0,0,0,0,0,0,0,0,0,0,0,0,0,0,0,0,0,0,0,0,0,0,0,0,0,0,0,0,0,0,0,0,0,0,0,0,0,0,0,0,0,0,0,0,0,0,0,0,0,0,0,0,0,0,0,0,0,0,0,0,0,0,0,0,0,0,0,0,0,0,0],[0,1,2,3,4,5,6,7,8,9,10,11,12,13,14,15,16,17,18,19,20,21,22,23,24,25,26,27,28,29,30,31,32,0,0,0,0,0,0,0,0,0,0,0,0,0,0,0,0,0,0,0,0,0,0,0,0,0,0,0,0,0,0,0,0,0,0,0,0,0,0,0,0,0,0,0,0,0,0,0,0,0,0,0,0,0,0,0,0,0,0,0,0,0,0,0,0,0,0,0,0,0,0,0,0,0,0,0,0,0,0,0,0,0,0,0,0,0,0,0,0,0,0,0,0,0,0,0]]"",""warmupCalls"":100,""warmupMs"":3000,""calibrationMs"":50,""exportName"":""bench""}",confirm,0,36179,0.008366823157080068,302.7032949999998,1.775433999999997,1.0905839999999998,62268,1.2589243169968345,357041,3000.028113,"[{""calls"":18089,""ms"":150.37854599999991},{""calls"":18090,""ms"":152.28011600000036}]","[0.008313259218309466,0.008417916860143745]"
historical-separate,Seven-way isolated row mechanism,runtime-row32,typescript,/home/ai/bend2/build/publish/bend/selfhost/build/phase30/runtime-row-confirm-01/report.json,d77640af138d08940ff3b8b98e8fd7bcb2627321a0181b91544fafeb9fbdb9b3,34116f36cf0eb5089e5041abb10f2d0786051e8bd3f9afe350d97aad8303ae10,"{""args"":[32,17],""expected"":""[[0,2,1,1,0,0,0,1,1,0,0,2,3,1,3,1,0,1,0,0,2,1,0,0,0,2,0,2,1,0,2,1,0,0,0,0,0,0,0,0,0,0,0,0,0,0,0,0,0,0,0,0,0,0,0,0,0,0,0,0,0,0,0,0,0,0,0,0,0,0,0,0,0,0,0,0,0,0,0,0,0,0,0,0,0,0,0,0,0,0,0,0,0,0,0,0,0,0,0,0,0,0,0,0,0,0,0,0,0,0,0,0,0,0,0,0,0,0,0,0,0,0,0,0,0,0,0,0],[0,1,2,0,1,0,1,2,0,0,0,0,2,0,0,3,0,1,2,0,1,2,0,0,1,3,3,0,0,3,0,3,0,0,0,0,0,0,0,0,0,0,0,0,0,0,0,0,0,0,0,0,0,0,0,0,0,0,0,0,0,0,0,0,0,0,0,0,0,0,0,0,0,0,0,0,0,0,0,0,0,0,0,0,0,0,0,0,0,0,0,0,0,0,0,0,0,0,0,0,0,0,0,0,0,0,0,0,0,0,0,0,0,0,0,0,0,0,0,0,0,0,0,0,0,0,0,0],[0,1,1,2,3,4,5,6,7,8,9,10,11,12,13,14,15,16,17,18,19,20,21,22,23,24,25,26,27,28,29,30,31,0,0,0,0,0,0,0,0,0,0,0,0,0,0,0,0,0,0,0,0,0,0,0,0,0,0,0,0,0,0,0,0,0,0,0,0,0,0,0,0,0,0,0,0,0,0,0,0,0,0,0,0,0,0,0,0,0,0,0,0,0,0,0,0,0,0,0,0,0,0,0,0,0,0,0,0,0,0,0,0,0,0,0,0,0,0,0,0,0,0,0,0,0,0,0],[0,1,2,3,4,5,6,7,8,9,10,11,12,13,14,15,16,17,18,19,20,21,22,23,24,25,26,27,28,29,30,31,32,0,0,0,0,0,0,0,0,0,0,0,0,0,0,0,0,0,0,0,0,0,0,0,0,0,0,0,0,0,0,0,0,0,0,0,0,0,0,0,0,0,0,0,0,0,0,0,0,0,0,0,0,0,0,0,0,0,0,0,0,0,0,0,0,0,0,0,0,0,0,0,0,0,0,0,0,0,0,0,0,0,0,0,0,0,0,0,0,0,0,0,0,0,0,0]]"",""warmupCalls"":100,""warmupMs"":3000,""calibrationMs"":50,""exportName"":""bench""}",confirm,1,36179,0.008409603637469258,304.2510500000003,1.7048269999999945,1.0813619999999986,62212,2.092552570978623,356539,3000.030722,"[{""calls"":18089,""ms"":150.52365400000008},{""calls"":18090,""ms"":153.68193599999995}]","[0.008321281110066896,0.00849540829187396]"
historical-separate,Seven-way isolated row mechanism,runtime-row32,typescript,/home/ai/bend2/build/publish/bend/selfhost/build/phase30/runtime-row-confirm-01/report.json,d77640af138d08940ff3b8b98e8fd7bcb2627321a0181b91544fafeb9fbdb9b3,34116f36cf0eb5089e5041abb10f2d0786051e8bd3f9afe350d97aad8303ae10,"{""args"":[32,17],""expected"":""[[0,2,1,1,0,0,0,1,1,0,0,2,3,1,3,1,0,1,0,0,2,1,0,0,0,2,0,2,1,0,2,1,0,0,0,0,0,0,0,0,0,0,0,0,0,0,0,0,0,0,0,0,0,0,0,0,0,0,0,0,0,0,0,0,0,0,0,0,0,0,0,0,0,0,0,0,0,0,0,0,0,0,0,0,0,0,0,0,0,0,0,0,0,0,0,0,0,0,0,0,0,0,0,0,0,0,0,0,0,0,0,0,0,0,0,0,0,0,0,0,0,0,0,0,0,0,0,0],[0,1,2,0,1,0,1,2,0,0,0,0,2,0,0,3,0,1,2,0,1,2,0,0,1,3,3,0,0,3,0,3,0,0,0,0,0,0,0,0,0,0,0,0,0,0,0,0,0,0,0,0,0,0,0,0,0,0,0,0,0,0,0,0,0,0,0,0,0,0,0,0,0,0,0,0,0,0,0,0,0,0,0,0,0,0,0,0,0,0,0,0,0,0,0,0,0,0,0,0,0,0,0,0,0,0,0,0,0,0,0,0,0,0,0,0,0,0,0,0,0,0,0,0,0,0,0,0],[0,1,1,2,3,4,5,6,7,8,9,10,11,12,13,14,15,16,17,18,19,20,21,22,23,24,25,26,27,28,29,30,31,0,0,0,0,0,0,0,0,0,0,0,0,0,0,0,0,0,0,0,0,0,0,0,0,0,0,0,0,0,0,0,0,0,0,0,0,0,0,0,0,0,0,0,0,0,0,0,0,0,0,0,0,0,0,0,0,0,0,0,0,0,0,0,0,0,0,0,0,0,0,0,0,0,0,0,0,0,0,0,0,0,0,0,0,0,0,0,0,0,0,0,0,0,0,0],[0,1,2,3,4,5,6,7,8,9,10,11,12,13,14,15,16,17,18,19,20,21,22,23,24,25,26,27,28,29,30,31,32,0,0,0,0,0,0,0,0,0,0,0,0,0,0,0,0,0,0,0,0,0,0,0,0,0,0,0,0,0,0,0,0,0,0,0,0,0,0,0,0,0,0,0,0,0,0,0,0,0,0,0,0,0,0,0,0,0,0,0,0,0,0,0,0,0,0,0,0,0,0,0,0,0,0,0,0,0,0,0,0,0,0,0,0,0,0,0,0,0,0,0,0,0,0,0]]"",""warmupCalls"":100,""warmupMs"":3000,""calibrationMs"":50,""exportName"":""bench""}",confirm,2,36179,0.00845696611293845,305.9645770000002,1.9985260000000054,1.1184370000000001,62136,2.1234705610585713,357248,3000.026158,"[{""calls"":18089,""ms"":151.34796500000039},{""calls"":18090,""ms"":154.57033899999988}]","[0.008366850848582033,0.008544518463239352]"
historical-separate,Seven-way isolated row mechanism,runtime-row32,typescript,/home/ai/bend2/build/publish/bend/selfhost/build/phase30/runtime-row-confirm-01/report.json,d77640af138d08940ff3b8b98e8fd7bcb2627321a0181b91544fafeb9fbdb9b3,34116f36cf0eb5089e5041abb10f2d0786051e8bd3f9afe350d97aad8303ae10,"{""args"":[32,17],""expected"":""[[0,2,1,1,0,0,0,1,1,0,0,2,3,1,3,1,0,1,0,0,2,1,0,0,0,2,0,2,1,0,2,1,0,0,0,0,0,0,0,0,0,0,0,0,0,0,0,0,0,0,0,0,0,0,0,0,0,0,0,0,0,0,0,0,0,0,0,0,0,0,0,0,0,0,0,0,0,0,0,0,0,0,0,0,0,0,0,0,0,0,0,0,0,0,0,0,0,0,0,0,0,0,0,0,0,0,0,0,0,0,0,0,0,0,0,0,0,0,0,0,0,0,0,0,0,0,0,0],[0,1,2,0,1,0,1,2,0,0,0,0,2,0,0,3,0,1,2,0,1,2,0,0,1,3,3,0,0,3,0,3,0,0,0,0,0,0,0,0,0,0,0,0,0,0,0,0,0,0,0,0,0,0,0,0,0,0,0,0,0,0,0,0,0,0,0,0,0,0,0,0,0,0,0,0,0,0,0,0,0,0,0,0,0,0,0,0,0,0,0,0,0,0,0,0,0,0,0,0,0,0,0,0,0,0,0,0,0,0,0,0,0,0,0,0,0,0,0,0,0,0,0,0,0,0,0,0],[0,1,1,2,3,4,5,6,7,8,9,10,11,12,13,14,15,16,17,18,19,20,21,22,23,24,25,26,27,28,29,30,31,0,0,0,0,0,0,0,0,0,0,0,0,0,0,0,0,0,0,0,0,0,0,0,0,0,0,0,0,0,0,0,0,0,0,0,0,0,0,0,0,0,0,0,0,0,0,0,0,0,0,0,0,0,0,0,0,0,0,0,0,0,0,0,0,0,0,0,0,0,0,0,0,0,0,0,0,0,0,0,0,0,0,0,0,0,0,0,0,0,0,0,0,0,0,0],[0,1,2,3,4,5,6,7,8,9,10,11,12,13,14,15,16,17,18,19,20,21,22,23,24,25,26,27,28,29,30,31,32,0,0,0,0,0,0,0,0,0,0,0,0,0,0,0,0,0,0,0,0,0,0,0,0,0,0,0,0,0,0,0,0,0,0,0,0,0,0,0,0,0,0,0,0,0,0,0,0,0,0,0,0,0,0,0,0,0,0,0,0,0,0,0,0,0,0,0,0,0,0,0,0,0,0,0,0,0,0,0,0,0,0,0,0,0,0,0,0,0,0,0,0,0,0,0]]"",""warmupCalls"":100,""warmupMs"":3000,""calibrationMs"":50,""exportName"":""bench""}",confirm,3,36179,0.008408003565604361,304.19316100000015,2.070563,1.0725150000000028,62336,1.1733705108669001,348442,3000.026185,"[{""calls"":18089,""ms"":151.18219100000033},{""calls"":18090,""ms"":152.96457400000008}]","[0.00835768649455472,0.008455753123272531]"
historical-separate,Seven-way isolated row mechanism,runtime-row32,typescript,/home/ai/bend2/build/publish/bend/selfhost/build/phase30/runtime-row-confirm-01/report.json,d77640af138d08940ff3b8b98e8fd7bcb2627321a0181b91544fafeb9fbdb9b3,34116f36cf0eb5089e5041abb10f2d0786051e8bd3f9afe350d97aad8303ae10,"{""args"":[32,17],""expected"":""[[0,2,1,1,0,0,0,1,1,0,0,2,3,1,3,1,0,1,0,0,2,1,0,0,0,2,0,2,1,0,2,1,0,0,0,0,0,0,0,0,0,0,0,0,0,0,0,0,0,0,0,0,0,0,0,0,0,0,0,0,0,0,0,0,0,0,0,0,0,0,0,0,0,0,0,0,0,0,0,0,0,0,0,0,0,0,0,0,0,0,0,0,0,0,0,0,0,0,0,0,0,0,0,0,0,0,0,0,0,0,0,0,0,0,0,0,0,0,0,0,0,0,0,0,0,0,0,0],[0,1,2,0,1,0,1,2,0,0,0,0,2,0,0,3,0,1,2,0,1,2,0,0,1,3,3,0,0,3,0,3,0,0,0,0,0,0,0,0,0,0,0,0,0,0,0,0,0,0,0,0,0,0,0,0,0,0,0,0,0,0,0,0,0,0,0,0,0,0,0,0,0,0,0,0,0,0,0,0,0,0,0,0,0,0,0,0,0,0,0,0,0,0,0,0,0,0,0,0,0,0,0,0,0,0,0,0,0,0,0,0,0,0,0,0,0,0,0,0,0,0,0,0,0,0,0,0],[0,1,1,2,3,4,5,6,7,8,9,10,11,12,13,14,15,16,17,18,19,20,21,22,23,24,25,26,27,28,29,30,31,0,0,0,0,0,0,0,0,0,0,0,0,0,0,0,0,0,0,0,0,0,0,0,0,0,0,0,0,0,0,0,0,0,0,0,0,0,0,0,0,0,0,0,0,0,0,0,0,0,0,0,0,0,0,0,0,0,0,0,0,0,0,0,0,0,0,0,0,0,0,0,0,0,0,0,0,0,0,0,0,0,0,0,0,0,0,0,0,0,0,0,0,0,0,0],[0,1,2,3,4,5,6,7,8,9,10,11,12,13,14,15,16,17,18,19,20,21,22,23,24,25,26,27,28,29,30,31,32,0,0,0,0,0,0,0,0,0,0,0,0,0,0,0,0,0,0,0,0,0,0,0,0,0,0,0,0,0,0,0,0,0,0,0,0,0,0,0,0,0,0,0,0,0,0,0,0,0,0,0,0,0,0,0,0,0,0,0,0,0,0,0,0,0,0,0,0,0,0,0,0,0,0,0,0,0,0,0,0,0,0,0,0,0,0,0,0,0,0,0,0,0,0,0]]"",""warmupCalls"":100,""warmupMs"":3000,""calibrationMs"":50,""exportName"":""bench""}",confirm,4,36179,0.00837236982780066,302.9039680000001,1.7485849999999985,1.0874769999999998,62016,1.3616822624961777,355390,3000.0237970000003,"[{""calls"":18089,""ms"":150.40279499999997},{""calls"":18090,""ms"":152.45923100000027}]","[0.008314599756758249,0.008427818186843575]"
historical-separate,Actual15/16 cleanup confirmation,checked-runtime-row32,phase29,/home/ai/bend2/build/publish/bend/selfhost/build/phase30/runtime-cleanup-confirm-16/report.json,5e14ef8e57f0d7ccd1b879b2aae8ecdf4c51d5d6b21180afa015c262c68abd4f,a1eb7eb33c942c719547d3954f25801d4543d10f06baccf25bf1a32e38009dc0,"{""args"":[32,17],""expected"":""[[0,2,1,1,0,0,0,1,1,0,0,2,3,1,3,1,0,1,0,0,2,1,0,0,0,2,0,2,1,0,2,1,0,0,0,0,0,0,0,0,0,0,0,0,0,0,0,0,0,0,0,0,0,0,0,0,0,0,0,0,0,0,0,0,0,0,0,0,0,0,0,0,0,0,0,0,0,0,0,0,0,0,0,0,0,0,0,0,0,0,0,0,0,0,0,0,0,0,0,0,0,0,0,0,0,0,0,0,0,0,0,0,0,0,0,0,0,0,0,0,0,0,0,0,0,0,0,0],[0,1,2,0,1,0,1,2,0,0,0,0,2,0,0,3,0,1,2,0,1,2,0,0,1,3,3,0,0,3,0,3,0,0,0,0,0,0,0,0,0,0,0,0,0,0,0,0,0,0,0,0,0,0,0,0,0,0,0,0,0,0,0,0,0,0,0,0,0,0,0,0,0,0,0,0,0,0,0,0,0,0,0,0,0,0,0,0,0,0,0,0,0,0,0,0,0,0,0,0,0,0,0,0,0,0,0,0,0,0,0,0,0,0,0,0,0,0,0,0,0,0,0,0,0,0,0,0],[0,1,1,2,3,4,5,6,7,8,9,10,11,12,13,14,15,16,17,18,19,20,21,22,23,24,25,26,27,28,29,30,31,0,0,0,0,0,0,0,0,0,0,0,0,0,0,0,0,0,0,0,0,0,0,0,0,0,0,0,0,0,0,0,0,0,0,0,0,0,0,0,0,0,0,0,0,0,0,0,0,0,0,0,0,0,0,0,0,0,0,0,0,0,0,0,0,0,0,0,0,0,0,0,0,0,0,0,0,0,0,0,0,0,0,0,0,0,0,0,0,0,0,0,0,0,0,0],[0,1,2,3,4,5,6,7,8,9,10,11,12,13,14,15,16,17,18,19,20,21,22,23,24,25,26,27,28,29,30,31,32,0,0,0,0,0,0,0,0,0,0,0,0,0,0,0,0,0,0,0,0,0,0,0,0,0,0,0,0,0,0,0,0,0,0,0,0,0,0,0,0,0,0,0,0,0,0,0,0,0,0,0,0,0,0,0,0,0,0,0,0,0,0,0,0,0,0,0,0,0,0,0,0,0,0,0,0,0,0,0,0,0,0,0,0,0,0,0,0,0,0,0,0,0,0,0]]"",""warmupCalls"":100,""warmupMs"":3000,""calibrationMs"":50,""exportName"":""bench""}",confirm,0,679,0.44601035051546367,302.8410279999998,7.566580999999999,19.682581,77896,-3.112696638415069,6296,3000.002949,"[{""calls"":339,""ms"":153.57084299999997},{""calls"":340,""ms"":149.22955900000034}]","[0.45301133628318574,0.4389104676470598]"
historical-separate,Actual15/16 cleanup confirmation,checked-runtime-row32,phase29,/home/ai/bend2/build/publish/bend/selfhost/build/phase30/runtime-cleanup-confirm-16/report.json,5e14ef8e57f0d7ccd1b879b2aae8ecdf4c51d5d6b21180afa015c262c68abd4f,a1eb7eb33c942c719547d3954f25801d4543d10f06baccf25bf1a32e38009dc0,"{""args"":[32,17],""expected"":""[[0,2,1,1,0,0,0,1,1,0,0,2,3,1,3,1,0,1,0,0,2,1,0,0,0,2,0,2,1,0,2,1,0,0,0,0,0,0,0,0,0,0,0,0,0,0,0,0,0,0,0,0,0,0,0,0,0,0,0,0,0,0,0,0,0,0,0,0,0,0,0,0,0,0,0,0,0,0,0,0,0,0,0,0,0,0,0,0,0,0,0,0,0,0,0,0,0,0,0,0,0,0,0,0,0,0,0,0,0,0,0,0,0,0,0,0,0,0,0,0,0,0,0,0,0,0,0,0],[0,1,2,0,1,0,1,2,0,0,0,0,2,0,0,3,0,1,2,0,1,2,0,0,1,3,3,0,0,3,0,3,0,0,0,0,0,0,0,0,0,0,0,0,0,0,0,0,0,0,0,0,0,0,0,0,0,0,0,0,0,0,0,0,0,0,0,0,0,0,0,0,0,0,0,0,0,0,0,0,0,0,0,0,0,0,0,0,0,0,0,0,0,0,0,0,0,0,0,0,0,0,0,0,0,0,0,0,0,0,0,0,0,0,0,0,0,0,0,0,0,0,0,0,0,0,0,0],[0,1,1,2,3,4,5,6,7,8,9,10,11,12,13,14,15,16,17,18,19,20,21,22,23,24,25,26,27,28,29,30,31,0,0,0,0,0,0,0,0,0,0,0,0,0,0,0,0,0,0,0,0,0,0,0,0,0,0,0,0,0,0,0,0,0,0,0,0,0,0,0,0,0,0,0,0,0,0,0,0,0,0,0,0,0,0,0,0,0,0,0,0,0,0,0,0,0,0,0,0,0,0,0,0,0,0,0,0,0,0,0,0,0,0,0,0,0,0,0,0,0,0,0,0,0,0,0],[0,1,2,3,4,5,6,7,8,9,10,11,12,13,14,15,16,17,18,19,20,21,22,23,24,25,26,27,28,29,30,31,32,0,0,0,0,0,0,0,0,0,0,0,0,0,0,0,0,0,0,0,0,0,0,0,0,0,0,0,0,0,0,0,0,0,0,0,0,0,0,0,0,0,0,0,0,0,0,0,0,0,0,0,0,0,0,0,0,0,0,0,0,0,0,0,0,0,0,0,0,0,0,0,0,0,0,0,0,0,0,0,0,0,0,0,0,0,0,0,0,0,0,0,0,0,0,0]]"",""warmupCalls"":100,""warmupMs"":3000,""calibrationMs"":50,""exportName"":""bench""}",confirm,1,679,0.44856658910161973,304.5767139999998,7.55536699999999,19.834001,78252,-1.1493987464543776,6307,3000.4023930000003,"[{""calls"":339,""ms"":152.92303600000014},{""calls"":340,""ms"":151.61125599999968}]","[0.45110040117994143,0.4459154588235285]"
historical-separate,Actual15/16 cleanup confirmation,checked-runtime-row32,phase29,/home/ai/bend2/build/publish/bend/selfhost/build/phase30/runtime-cleanup-confirm-16/report.json,5e14ef8e57f0d7ccd1b879b2aae8ecdf4c51d5d6b21180afa015c262c68abd4f,a1eb7eb33c942c719547d3954f25801d4543d10f06baccf25bf1a32e38009dc0,"{""args"":[32,17],""expected"":""[[0,2,1,1,0,0,0,1,1,0,0,2,3,1,3,1,0,1,0,0,2,1,0,0,0,2,0,2,1,0,2,1,0,0,0,0,0,0,0,0,0,0,0,0,0,0,0,0,0,0,0,0,0,0,0,0,0,0,0,0,0,0,0,0,0,0,0,0,0,0,0,0,0,0,0,0,0,0,0,0,0,0,0,0,0,0,0,0,0,0,0,0,0,0,0,0,0,0,0,0,0,0,0,0,0,0,0,0,0,0,0,0,0,0,0,0,0,0,0,0,0,0,0,0,0,0,0,0],[0,1,2,0,1,0,1,2,0,0,0,0,2,0,0,3,0,1,2,0,1,2,0,0,1,3,3,0,0,3,0,3,0,0,0,0,0,0,0,0,0,0,0,0,0,0,0,0,0,0,0,0,0,0,0,0,0,0,0,0,0,0,0,0,0,0,0,0,0,0,0,0,0,0,0,0,0,0,0,0,0,0,0,0,0,0,0,0,0,0,0,0,0,0,0,0,0,0,0,0,0,0,0,0,0,0,0,0,0,0,0,0,0,0,0,0,0,0,0,0,0,0,0,0,0,0,0,0],[0,1,1,2,3,4,5,6,7,8,9,10,11,12,13,14,15,16,17,18,19,20,21,22,23,24,25,26,27,28,29,30,31,0,0,0,0,0,0,0,0,0,0,0,0,0,0,0,0,0,0,0,0,0,0,0,0,0,0,0,0,0,0,0,0,0,0,0,0,0,0,0,0,0,0,0,0,0,0,0,0,0,0,0,0,0,0,0,0,0,0,0,0,0,0,0,0,0,0,0,0,0,0,0,0,0,0,0,0,0,0,0,0,0,0,0,0,0,0,0,0,0,0,0,0,0,0,0],[0,1,2,3,4,5,6,7,8,9,10,11,12,13,14,15,16,17,18,19,20,21,22,23,24,25,26,27,28,29,30,31,32,0,0,0,0,0,0,0,0,0,0,0,0,0,0,0,0,0,0,0,0,0,0,0,0,0,0,0,0,0,0,0,0,0,0,0,0,0,0,0,0,0,0,0,0,0,0,0,0,0,0,0,0,0,0,0,0,0,0,0,0,0,0,0,0,0,0,0,0,0,0,0,0,0,0,0,0,0,0,0,0,0,0,0,0,0,0,0,0,0,0,0,0,0,0,0]]"",""warmupCalls"":100,""warmupMs"":3000,""calibrationMs"":50,""exportName"":""bench""}",confirm,2,679,0.4515382017673048,306.59443899999997,7.597055999999995,19.706999000000003,78656,1.455198044275141,6217,3000.457329,"[{""calls"":339,""ms"":151.93676800000003},{""calls"":340,""ms"":154.6024620000003}]","[0.4481910560471977,0.4547131235294126]"
historical-separate,Actual15/16 cleanup confirmation,checked-runtime-row32,phase29,/home/ai/bend2/build/publish/bend/selfhost/build/phase30/runtime-cleanup-confirm-16/report.json,5e14ef8e57f0d7ccd1b879b2aae8ecdf4c51d5d6b21180afa015c262c68abd4f,a1eb7eb33c942c719547d3954f25801d4543d10f06baccf25bf1a32e38009dc0,"{""args"":[32,17],""expected"":""[[0,2,1,1,0,0,0,1,1,0,0,2,3,1,3,1,0,1,0,0,2,1,0,0,0,2,0,2,1,0,2,1,0,0,0,0,0,0,0,0,0,0,0,0,0,0,0,0,0,0,0,0,0,0,0,0,0,0,0,0,0,0,0,0,0,0,0,0,0,0,0,0,0,0,0,0,0,0,0,0,0,0,0,0,0,0,0,0,0,0,0,0,0,0,0,0,0,0,0,0,0,0,0,0,0,0,0,0,0,0,0,0,0,0,0,0,0,0,0,0,0,0,0,0,0,0,0,0],[0,1,2,0,1,0,1,2,0,0,0,0,2,0,0,3,0,1,2,0,1,2,0,0,1,3,3,0,0,3,0,3,0,0,0,0,0,0,0,0,0,0,0,0,0,0,0,0,0,0,0,0,0,0,0,0,0,0,0,0,0,0,0,0,0,0,0,0,0,0,0,0,0,0,0,0,0,0,0,0,0,0,0,0,0,0,0,0,0,0,0,0,0,0,0,0,0,0,0,0,0,0,0,0,0,0,0,0,0,0,0,0,0,0,0,0,0,0,0,0,0,0,0,0,0,0,0,0],[0,1,1,2,3,4,5,6,7,8,9,10,11,12,13,14,15,16,17,18,19,20,21,22,23,24,25,26,27,28,29,30,31,0,0,0,0,0,0,0,0,0,0,0,0,0,0,0,0,0,0,0,0,0,0,0,0,0,0,0,0,0,0,0,0,0,0,0,0,0,0,0,0,0,0,0,0,0,0,0,0,0,0,0,0,0,0,0,0,0,0,0,0,0,0,0,0,0,0,0,0,0,0,0,0,0,0,0,0,0,0,0,0,0,0,0,0,0,0,0,0,0,0,0,0,0,0,0],[0,1,2,3,4,5,6,7,8,9,10,11,12,13,14,15,16,17,18,19,20,21,22,23,24,25,26,27,28,29,30,31,32,0,0,0,0,0,0,0,0,0,0,0,0,0,0,0,0,0,0,0,0,0,0,0,0,0,0,0,0,0,0,0,0,0,0,0,0,0,0,0,0,0,0,0,0,0,0,0,0,0,0,0,0,0,0,0,0,0,0,0,0,0,0,0,0,0,0,0,0,0,0,0,0,0,0,0,0,0,0,0,0,0,0,0,0,0,0,0,0,0,0,0,0,0,0,0]]"",""warmupCalls"":100,""warmupMs"":3000,""calibrationMs"":50,""exportName"":""bench""}",confirm,3,679,0.4481734506627399,304.3097730000004,7.531281000000007,19.775913000000003,78512,1.8878457521465553,6204,3000.423982,"[{""calls"":339,""ms"":150.48259899999994},{""calls"":340,""ms"":153.77576}]","[0.443901471976401,0.4522816470588235]"
historical-separate,Actual15/16 cleanup confirmation,checked-runtime-row32,phase29,/home/ai/bend2/build/publish/bend/selfhost/build/phase30/runtime-cleanup-confirm-16/report.json,5e14ef8e57f0d7ccd1b879b2aae8ecdf4c51d5d6b21180afa015c262c68abd4f,a1eb7eb33c942c719547d3954f25801d4543d10f06baccf25bf1a32e38009dc0,"{""args"":[32,17],""expected"":""[[0,2,1,1,0,0,0,1,1,0,0,2,3,1,3,1,0,1,0,0,2,1,0,0,0,2,0,2,1,0,2,1,0,0,0,0,0,0,0,0,0,0,0,0,0,0,0,0,0,0,0,0,0,0,0,0,0,0,0,0,0,0,0,0,0,0,0,0,0,0,0,0,0,0,0,0,0,0,0,0,0,0,0,0,0,0,0,0,0,0,0,0,0,0,0,0,0,0,0,0,0,0,0,0,0,0,0,0,0,0,0,0,0,0,0,0,0,0,0,0,0,0,0,0,0,0,0,0],[0,1,2,0,1,0,1,2,0,0,0,0,2,0,0,3,0,1,2,0,1,2,0,0,1,3,3,0,0,3,0,3,0,0,0,0,0,0,0,0,0,0,0,0,0,0,0,0,0,0,0,0,0,0,0,0,0,0,0,0,0,0,0,0,0,0,0,0,0,0,0,0,0,0,0,0,0,0,0,0,0,0,0,0,0,0,0,0,0,0,0,0,0,0,0,0,0,0,0,0,0,0,0,0,0,0,0,0,0,0,0,0,0,0,0,0,0,0,0,0,0,0,0,0,0,0,0,0],[0,1,1,2,3,4,5,6,7,8,9,10,11,12,13,14,15,16,17,18,19,20,21,22,23,24,25,26,27,28,29,30,31,0,0,0,0,0,0,0,0,0,0,0,0,0,0,0,0,0,0,0,0,0,0,0,0,0,0,0,0,0,0,0,0,0,0,0,0,0,0,0,0,0,0,0,0,0,0,0,0,0,0,0,0,0,0,0,0,0,0,0,0,0,0,0,0,0,0,0,0,0,0,0,0,0,0,0,0,0,0,0,0,0,0,0,0,0,0,0,0,0,0,0,0,0,0,0],[0,1,2,3,4,5,6,7,8,9,10,11,12,13,14,15,16,17,18,19,20,21,22,23,24,25,26,27,28,29,30,31,32,0,0,0,0,0,0,0,0,0,0,0,0,0,0,0,0,0,0,0,0,0,0,0,0,0,0,0,0,0,0,0,0,0,0,0,0,0,0,0,0,0,0,0,0,0,0,0,0,0,0,0,0,0,0,0,0,0,0,0,0,0,0,0,0,0,0,0,0,0,0,0,0,0,0,0,0,0,0,0,0,0,0,0,0,0,0,0,0,0,0,0,0,0,0,0]]"",""warmupCalls"":100,""warmupMs"":3000,""calibrationMs"":50,""exportName"":""bench""}",confirm,4,679,0.4444219248895434,301.76248699999996,7.594351000000003,19.725135,78356,-2.7071578116513395,6301,3000.236797,"[{""calls"":339,""ms"":152.70856600000025},{""calls"":340,""ms"":149.01277699999991}]","[0.4504677463126851,0.4382728735294115]"
historical-separate,Actual15/16 cleanup confirmation,checked-runtime-row32,held14,/home/ai/bend2/build/publish/bend/selfhost/build/phase30/runtime-cleanup-confirm-16/report.json,5e14ef8e57f0d7ccd1b879b2aae8ecdf4c51d5d6b21180afa015c262c68abd4f,ab397dd04feab368aff46d7cf2af1930167d0df5d3c850380fef2a9465ef06b9,"{""args"":[32,17],""expected"":""[[0,2,1,1,0,0,0,1,1,0,0,2,3,1,3,1,0,1,0,0,2,1,0,0,0,2,0,2,1,0,2,1,0,0,0,0,0,0,0,0,0,0,0,0,0,0,0,0,0,0,0,0,0,0,0,0,0,0,0,0,0,0,0,0,0,0,0,0,0,0,0,0,0,0,0,0,0,0,0,0,0,0,0,0,0,0,0,0,0,0,0,0,0,0,0,0,0,0,0,0,0,0,0,0,0,0,0,0,0,0,0,0,0,0,0,0,0,0,0,0,0,0,0,0,0,0,0,0],[0,1,2,0,1,0,1,2,0,0,0,0,2,0,0,3,0,1,2,0,1,2,0,0,1,3,3,0,0,3,0,3,0,0,0,0,0,0,0,0,0,0,0,0,0,0,0,0,0,0,0,0,0,0,0,0,0,0,0,0,0,0,0,0,0,0,0,0,0,0,0,0,0,0,0,0,0,0,0,0,0,0,0,0,0,0,0,0,0,0,0,0,0,0,0,0,0,0,0,0,0,0,0,0,0,0,0,0,0,0,0,0,0,0,0,0,0,0,0,0,0,0,0,0,0,0,0,0],[0,1,1,2,3,4,5,6,7,8,9,10,11,12,13,14,15,16,17,18,19,20,21,22,23,24,25,26,27,28,29,30,31,0,0,0,0,0,0,0,0,0,0,0,0,0,0,0,0,0,0,0,0,0,0,0,0,0,0,0,0,0,0,0,0,0,0,0,0,0,0,0,0,0,0,0,0,0,0,0,0,0,0,0,0,0,0,0,0,0,0,0,0,0,0,0,0,0,0,0,0,0,0,0,0,0,0,0,0,0,0,0,0,0,0,0,0,0,0,0,0,0,0,0,0,0,0,0],[0,1,2,3,4,5,6,7,8,9,10,11,12,13,14,15,16,17,18,19,20,21,22,23,24,25,26,27,28,29,30,31,32,0,0,0,0,0,0,0,0,0,0,0,0,0,0,0,0,0,0,0,0,0,0,0,0,0,0,0,0,0,0,0,0,0,0,0,0,0,0,0,0,0,0,0,0,0,0,0,0,0,0,0,0,0,0,0,0,0,0,0,0,0,0,0,0,0,0,0,0,0,0,0,0,0,0,0,0,0,0,0,0,0,0,0,0,0,0,0,0,0,0,0,0,0,0,0]]"",""warmupCalls"":100,""warmupMs"":3000,""calibrationMs"":50,""exportName"":""bench""}",confirm,0,493,0.5922783164300205,291.9932100000001,8.397979000000007,20.002873000000008,71088,0.24796541389620064,4731,3000.416842,"[{""calls"":246,""ms"":145.49943299999995},{""calls"":247,""ms"":146.45314899999994}]","[0.5914611097560973,0.592927728744939]"
historical-separate,Actual15/16 cleanup confirmation,checked-runtime-row32,held14,/home/ai/bend2/build/publish/bend/selfhost/build/phase30/runtime-cleanup-confirm-16/report.json,5e14ef8e57f0d7ccd1b879b2aae8ecdf4c51d5d6b21180afa015c262c68abd4f,ab397dd04feab368aff46d7cf2af1930167d0df5d3c850380fef2a9465ef06b9,"{""args"":[32,17],""expected"":""[[0,2,1,1,0,0,0,1,1,0,0,2,3,1,3,1,0,1,0,0,2,1,0,0,0,2,0,2,1,0,2,1,0,0,0,0,0,0,0,0,0,0,0,0,0,0,0,0,0,0,0,0,0,0,0,0,0,0,0,0,0,0,0,0,0,0,0,0,0,0,0,0,0,0,0,0,0,0,0,0,0,0,0,0,0,0,0,0,0,0,0,0,0,0,0,0,0,0,0,0,0,0,0,0,0,0,0,0,0,0,0,0,0,0,0,0,0,0,0,0,0,0,0,0,0,0,0,0],[0,1,2,0,1,0,1,2,0,0,0,0,2,0,0,3,0,1,2,0,1,2,0,0,1,3,3,0,0,3,0,3,0,0,0,0,0,0,0,0,0,0,0,0,0,0,0,0,0,0,0,0,0,0,0,0,0,0,0,0,0,0,0,0,0,0,0,0,0,0,0,0,0,0,0,0,0,0,0,0,0,0,0,0,0,0,0,0,0,0,0,0,0,0,0,0,0,0,0,0,0,0,0,0,0,0,0,0,0,0,0,0,0,0,0,0,0,0,0,0,0,0,0,0,0,0,0,0],[0,1,1,2,3,4,5,6,7,8,9,10,11,12,13,14,15,16,17,18,19,20,21,22,23,24,25,26,27,28,29,30,31,0,0,0,0,0,0,0,0,0,0,0,0,0,0,0,0,0,0,0,0,0,0,0,0,0,0,0,0,0,0,0,0,0,0,0,0,0,0,0,0,0,0,0,0,0,0,0,0,0,0,0,0,0,0,0,0,0,0,0,0,0,0,0,0,0,0,0,0,0,0,0,0,0,0,0,0,0,0,0,0,0,0,0,0,0,0,0,0,0,0,0,0,0,0,0],[0,1,2,3,4,5,6,7,8,9,10,11,12,13,14,15,16,17,18,19,20,21,22,23,24,25,26,27,28,29,30,31,32,0,0,0,0,0,0,0,0,0,0,0,0,0,0,0,0,0,0,0,0,0,0,0,0,0,0,0,0,0,0,0,0,0,0,0,0,0,0,0,0,0,0,0,0,0,0,0,0,0,0,0,0,0,0,0,0,0,0,0,0,0,0,0,0,0,0,0,0,0,0,0,0,0,0,0,0,0,0,0,0,0,0,0,0,0,0,0,0,0,0,0,0,0,0,0]]"",""warmupCalls"":100,""warmupMs"":3000,""calibrationMs"":50,""exportName"":""bench""}",confirm,1,493,0.6073516166328603,299.4243470000001,8.442432999999994,20.234322000000006,70036,0.9080428417914677,4586,3000.213772,"[{""calls"":246,""ms"":148.71266000000014},{""calls"":247,""ms"":150.67304700000022}]","[0.6045230081300819,0.6100123360323896]"
historical-separate,Actual15/16 cleanup confirmation,checked-runtime-row32,held14,/home/ai/bend2/build/publish/bend/selfhost/build/phase30/runtime-cleanup-confirm-16/report.json,5e14ef8e57f0d7ccd1b879b2aae8ecdf4c51d5d6b21180afa015c262c68abd4f,ab397dd04feab368aff46d7cf2af1930167d0df5d3c850380fef2a9465ef06b9,"{""args"":[32,17],""expected"":""[[0,2,1,1,0,0,0,1,1,0,0,2,3,1,3,1,0,1,0,0,2,1,0,0,0,2,0,2,1,0,2,1,0,0,0,0,0,0,0,0,0,0,0,0,0,0,0,0,0,0,0,0,0,0,0,0,0,0,0,0,0,0,0,0,0,0,0,0,0,0,0,0,0,0,0,0,0,0,0,0,0,0,0,0,0,0,0,0,0,0,0,0,0,0,0,0,0,0,0,0,0,0,0,0,0,0,0,0,0,0,0,0,0,0,0,0,0,0,0,0,0,0,0,0,0,0,0,0],[0,1,2,0,1,0,1,2,0,0,0,0,2,0,0,3,0,1,2,0,1,2,0,0,1,3,3,0,0,3,0,3,0,0,0,0,0,0,0,0,0,0,0,0,0,0,0,0,0,0,0,0,0,0,0,0,0,0,0,0,0,0,0,0,0,0,0,0,0,0,0,0,0,0,0,0,0,0,0,0,0,0,0,0,0,0,0,0,0,0,0,0,0,0,0,0,0,0,0,0,0,0,0,0,0,0,0,0,0,0,0,0,0,0,0,0,0,0,0,0,0,0,0,0,0,0,0,0],[0,1,1,2,3,4,5,6,7,8,9,10,11,12,13,14,15,16,17,18,19,20,21,22,23,24,25,26,27,28,29,30,31,0,0,0,0,0,0,0,0,0,0,0,0,0,0,0,0,0,0,0,0,0,0,0,0,0,0,0,0,0,0,0,0,0,0,0,0,0,0,0,0,0,0,0,0,0,0,0,0,0,0,0,0,0,0,0,0,0,0,0,0,0,0,0,0,0,0,0,0,0,0,0,0,0,0,0,0,0,0,0,0,0,0,0,0,0,0,0,0,0,0,0,0,0,0,0],[0,1,2,3,4,5,6,7,8,9,10,11,12,13,14,15,16,17,18,19,20,21,22,23,24,25,26,27,28,29,30,31,32,0,0,0,0,0,0,0,0,0,0,0,0,0,0,0,0,0,0,0,0,0,0,0,0,0,0,0,0,0,0,0,0,0,0,0,0,0,0,0,0,0,0,0,0,0,0,0,0,0,0,0,0,0,0,0,0,0,0,0,0,0,0,0,0,0,0,0,0,0,0,0,0,0,0,0,0,0,0,0,0,0,0,0,0,0,0,0,0,0,0,0,0,0,0,0]]"",""warmupCalls"":100,""warmupMs"":3000,""calibrationMs"":50,""exportName"":""bench""}",confirm,2,493,0.6007340689655174,296.16189600000007,9.136664999999994,20.168890000000005,70280,-0.4586516973156818,4663,3000.3913770000004,"[{""calls"":246,""ms"":148.10023},{""calls"":247,""ms"":148.02023800000006}]","[0.6020334552845529,0.599272218623482]"
historical-separate,Actual15/16 cleanup confirmation,checked-runtime-row32,held14,/home/ai/bend2/build/publish/bend/selfhost/build/phase30/runtime-cleanup-confirm-16/report.json,5e14ef8e57f0d7ccd1b879b2aae8ecdf4c51d5d6b21180afa015c262c68abd4f,ab397dd04feab368aff46d7cf2af1930167d0df5d3c850380fef2a9465ef06b9,"{""args"":[32,17],""expected"":""[[0,2,1,1,0,0,0,1,1,0,0,2,3,1,3,1,0,1,0,0,2,1,0,0,0,2,0,2,1,0,2,1,0,0,0,0,0,0,0,0,0,0,0,0,0,0,0,0,0,0,0,0,0,0,0,0,0,0,0,0,0,0,0,0,0,0,0,0,0,0,0,0,0,0,0,0,0,0,0,0,0,0,0,0,0,0,0,0,0,0,0,0,0,0,0,0,0,0,0,0,0,0,0,0,0,0,0,0,0,0,0,0,0,0,0,0,0,0,0,0,0,0,0,0,0,0,0,0],[0,1,2,0,1,0,1,2,0,0,0,0,2,0,0,3,0,1,2,0,1,2,0,0,1,3,3,0,0,3,0,3,0,0,0,0,0,0,0,0,0,0,0,0,0,0,0,0,0,0,0,0,0,0,0,0,0,0,0,0,0,0,0,0,0,0,0,0,0,0,0,0,0,0,0,0,0,0,0,0,0,0,0,0,0,0,0,0,0,0,0,0,0,0,0,0,0,0,0,0,0,0,0,0,0,0,0,0,0,0,0,0,0,0,0,0,0,0,0,0,0,0,0,0,0,0,0,0],[0,1,1,2,3,4,5,6,7,8,9,10,11,12,13,14,15,16,17,18,19,20,21,22,23,24,25,26,27,28,29,30,31,0,0,0,0,0,0,0,0,0,0,0,0,0,0,0,0,0,0,0,0,0,0,0,0,0,0,0,0,0,0,0,0,0,0,0,0,0,0,0,0,0,0,0,0,0,0,0,0,0,0,0,0,0,0,0,0,0,0,0,0,0,0,0,0,0,0,0,0,0,0,0,0,0,0,0,0,0,0,0,0,0,0,0,0,0,0,0,0,0,0,0,0,0,0,0],[0,1,2,3,4,5,6,7,8,9,10,11,12,13,14,15,16,17,18,19,20,21,22,23,24,25,26,27,28,29,30,31,32,0,0,0,0,0,0,0,0,0,0,0,0,0,0,0,0,0,0,0,0,0,0,0,0,0,0,0,0,0,0,0,0,0,0,0,0,0,0,0,0,0,0,0,0,0,0,0,0,0,0,0,0,0,0,0,0,0,0,0,0,0,0,0,0,0,0,0,0,0,0,0,0,0,0,0,0,0,0,0,0,0,0,0,0,0,0,0,0,0,0,0,0,0,0,0]]"",""warmupCalls"":100,""warmupMs"":3000,""calibrationMs"":50,""exportName"":""bench""}",confirm,3,493,0.6019826592292088,296.7774509999999,8.523987000000005,19.916403000000003,69652,-0.2926322769123191,4676,3000.092764,"[{""calls"":246,""ms"":148.28514300000006},{""calls"":247,""ms"":148.45223399999986}]","[0.6027851341463417,0.6010211902834003]"
historical-separate,Actual15/16 cleanup confirmation,checked-runtime-row32,held14,/home/ai/bend2/build/publish/bend/selfhost/build/phase30/runtime-cleanup-confirm-16/report.json,5e14ef8e57f0d7ccd1b879b2aae8ecdf4c51d5d6b21180afa015c262c68abd4f,ab397dd04feab368aff46d7cf2af1930167d0df5d3c850380fef2a9465ef06b9,"{""args"":[32,17],""expected"":""[[0,2,1,1,0,0,0,1,1,0,0,2,3,1,3,1,0,1,0,0,2,1,0,0,0,2,0,2,1,0,2,1,0,0,0,0,0,0,0,0,0,0,0,0,0,0,0,0,0,0,0,0,0,0,0,0,0,0,0,0,0,0,0,0,0,0,0,0,0,0,0,0,0,0,0,0,0,0,0,0,0,0,0,0,0,0,0,0,0,0,0,0,0,0,0,0,0,0,0,0,0,0,0,0,0,0,0,0,0,0,0,0,0,0,0,0,0,0,0,0,0,0,0,0,0,0,0,0],[0,1,2,0,1,0,1,2,0,0,0,0,2,0,0,3,0,1,2,0,1,2,0,0,1,3,3,0,0,3,0,3,0,0,0,0,0,0,0,0,0,0,0,0,0,0,0,0,0,0,0,0,0,0,0,0,0,0,0,0,0,0,0,0,0,0,0,0,0,0,0,0,0,0,0,0,0,0,0,0,0,0,0,0,0,0,0,0,0,0,0,0,0,0,0,0,0,0,0,0,0,0,0,0,0,0,0,0,0,0,0,0,0,0,0,0,0,0,0,0,0,0,0,0,0,0,0,0],[0,1,1,2,3,4,5,6,7,8,9,10,11,12,13,14,15,16,17,18,19,20,21,22,23,24,25,26,27,28,29,30,31,0,0,0,0,0,0,0,0,0,0,0,0,0,0,0,0,0,0,0,0,0,0,0,0,0,0,0,0,0,0,0,0,0,0,0,0,0,0,0,0,0,0,0,0,0,0,0,0,0,0,0,0,0,0,0,0,0,0,0,0,0,0,0,0,0,0,0,0,0,0,0,0,0,0,0,0,0,0,0,0,0,0,0,0,0,0,0,0,0,0,0,0,0,0,0],[0,1,2,3,4,5,6,7,8,9,10,11,12,13,14,15,16,17,18,19,20,21,22,23,24,25,26,27,28,29,30,31,32,0,0,0,0,0,0,0,0,0,0,0,0,0,0,0,0,0,0,0,0,0,0,0,0,0,0,0,0,0,0,0,0,0,0,0,0,0,0,0,0,0,0,0,0,0,0,0,0,0,0,0,0,0,0,0,0,0,0,0,0,0,0,0,0,0,0,0,0,0,0,0,0,0,0,0,0,0,0,0,0,0,0,0,0,0,0,0,0,0,0,0,0,0,0,0]]"",""warmupCalls"":100,""warmupMs"":3000,""calibrationMs"":50,""exportName"":""bench""}",confirm,4,493,0.6096339817444225,300.5495530000003,8.432018,19.984297000000005,71380,0.3447904479493058,4632,3000.495144,"[{""calls"":246,""ms"":149.69148900000027},{""calls"":247,""ms"":150.8182109999998}]","[0.6085019878048792,0.6106000445344121]"
historical-separate,Actual15/16 cleanup confirmation,checked-runtime-row32,repair15,/home/ai/bend2/build/publish/bend/selfhost/build/phase30/runtime-cleanup-confirm-16/report.json,5e14ef8e57f0d7ccd1b879b2aae8ecdf4c51d5d6b21180afa015c262c68abd4f,0d35397fb1b5af8069604e305941ce532723eb7253e4c89ecfd045aa46c3b2c1,"{""args"":[32,17],""expected"":""[[0,2,1,1,0,0,0,1,1,0,0,2,3,1,3,1,0,1,0,0,2,1,0,0,0,2,0,2,1,0,2,1,0,0,0,0,0,0,0,0,0,0,0,0,0,0,0,0,0,0,0,0,0,0,0,0,0,0,0,0,0,0,0,0,0,0,0,0,0,0,0,0,0,0,0,0,0,0,0,0,0,0,0,0,0,0,0,0,0,0,0,0,0,0,0,0,0,0,0,0,0,0,0,0,0,0,0,0,0,0,0,0,0,0,0,0,0,0,0,0,0,0,0,0,0,0,0,0],[0,1,2,0,1,0,1,2,0,0,0,0,2,0,0,3,0,1,2,0,1,2,0,0,1,3,3,0,0,3,0,3,0,0,0,0,0,0,0,0,0,0,0,0,0,0,0,0,0,0,0,0,0,0,0,0,0,0,0,0,0,0,0,0,0,0,0,0,0,0,0,0,0,0,0,0,0,0,0,0,0,0,0,0,0,0,0,0,0,0,0,0,0,0,0,0,0,0,0,0,0,0,0,0,0,0,0,0,0,0,0,0,0,0,0,0,0,0,0,0,0,0,0,0,0,0,0,0],[0,1,1,2,3,4,5,6,7,8,9,10,11,12,13,14,15,16,17,18,19,20,21,22,23,24,25,26,27,28,29,30,31,0,0,0,0,0,0,0,0,0,0,0,0,0,0,0,0,0,0,0,0,0,0,0,0,0,0,0,0,0,0,0,0,0,0,0,0,0,0,0,0,0,0,0,0,0,0,0,0,0,0,0,0,0,0,0,0,0,0,0,0,0,0,0,0,0,0,0,0,0,0,0,0,0,0,0,0,0,0,0,0,0,0,0,0,0,0,0,0,0,0,0,0,0,0,0],[0,1,2,3,4,5,6,7,8,9,10,11,12,13,14,15,16,17,18,19,20,21,22,23,24,25,26,27,28,29,30,31,32,0,0,0,0,0,0,0,0,0,0,0,0,0,0,0,0,0,0,0,0,0,0,0,0,0,0,0,0,0,0,0,0,0,0,0,0,0,0,0,0,0,0,0,0,0,0,0,0,0,0,0,0,0,0,0,0,0,0,0,0,0,0,0,0,0,0,0,0,0,0,0,0,0,0,0,0,0,0,0,0,0,0,0,0,0,0,0,0,0,0,0,0,0,0,0]]"",""warmupCalls"":100,""warmupMs"":3000,""calibrationMs"":50,""exportName"":""bench""}",confirm,0,666,0.44723065465465506,297.8556160000003,7.600335999999999,20.920880999999994,69540,-0.17030697467161904,6249,3000.0943679999996,"[{""calls"":333,""ms"":149.03441299999986},{""calls"":333,""ms"":148.78059699999994}]","[0.44755078978978935,0.4467885795795794]"
historical-separate,Actual15/16 cleanup confirmation,checked-runtime-row32,repair15,/home/ai/bend2/build/publish/bend/selfhost/build/phase30/runtime-cleanup-confirm-16/report.json,5e14ef8e57f0d7ccd1b879b2aae8ecdf4c51d5d6b21180afa015c262c68abd4f,0d35397fb1b5af8069604e305941ce532723eb7253e4c89ecfd045aa46c3b2c1,"{""args"":[32,17],""expected"":""[[0,2,1,1,0,0,0,1,1,0,0,2,3,1,3,1,0,1,0,0,2,1,0,0,0,2,0,2,1,0,2,1,0,0,0,0,0,0,0,0,0,0,0,0,0,0,0,0,0,0,0,0,0,0,0,0,0,0,0,0,0,0,0,0,0,0,0,0,0,0,0,0,0,0,0,0,0,0,0,0,0,0,0,0,0,0,0,0,0,0,0,0,0,0,0,0,0,0,0,0,0,0,0,0,0,0,0,0,0,0,0,0,0,0,0,0,0,0,0,0,0,0,0,0,0,0,0,0],[0,1,2,0,1,0,1,2,0,0,0,0,2,0,0,3,0,1,2,0,1,2,0,0,1,3,3,0,0,3,0,3,0,0,0,0,0,0,0,0,0,0,0,0,0,0,0,0,0,0,0,0,0,0,0,0,0,0,0,0,0,0,0,0,0,0,0,0,0,0,0,0,0,0,0,0,0,0,0,0,0,0,0,0,0,0,0,0,0,0,0,0,0,0,0,0,0,0,0,0,0,0,0,0,0,0,0,0,0,0,0,0,0,0,0,0,0,0,0,0,0,0,0,0,0,0,0,0],[0,1,1,2,3,4,5,6,7,8,9,10,11,12,13,14,15,16,17,18,19,20,21,22,23,24,25,26,27,28,29,30,31,0,0,0,0,0,0,0,0,0,0,0,0,0,0,0,0,0,0,0,0,0,0,0,0,0,0,0,0,0,0,0,0,0,0,0,0,0,0,0,0,0,0,0,0,0,0,0,0,0,0,0,0,0,0,0,0,0,0,0,0,0,0,0,0,0,0,0,0,0,0,0,0,0,0,0,0,0,0,0,0,0,0,0,0,0,0,0,0,0,0,0,0,0,0,0],[0,1,2,3,4,5,6,7,8,9,10,11,12,13,14,15,16,17,18,19,20,21,22,23,24,25,26,27,28,29,30,31,32,0,0,0,0,0,0,0,0,0,0,0,0,0,0,0,0,0,0,0,0,0,0,0,0,0,0,0,0,0,0,0,0,0,0,0,0,0,0,0,0,0,0,0,0,0,0,0,0,0,0,0,0,0,0,0,0,0,0,0,0,0,0,0,0,0,0,0,0,0,0,0,0,0,0,0,0,0,0,0,0,0,0,0,0,0,0,0,0,0,0,0,0,0,0,0]]"",""warmupCalls"":100,""warmupMs"":3000,""calibrationMs"":50,""exportName"":""bench""}",confirm,1,666,0.451253665165165,300.5349409999999,7.38847100000001,19.937872,69488,-0.5532000142115301,6202,3000.413556,"[{""calls"":333,""ms"":150.66340899999977},{""calls"":333,""ms"":149.8299390000002}]","[0.452442669669669,0.44993975675675735]"
historical-separate,Actual15/16 cleanup confirmation,checked-runtime-row32,repair15,/home/ai/bend2/build/publish/bend/selfhost/build/phase30/runtime-cleanup-confirm-16/report.json,5e14ef8e57f0d7ccd1b879b2aae8ecdf4c51d5d6b21180afa015c262c68abd4f,0d35397fb1b5af8069604e305941ce532723eb7253e4c89ecfd045aa46c3b2c1,"{""args"":[32,17],""expected"":""[[0,2,1,1,0,0,0,1,1,0,0,2,3,1,3,1,0,1,0,0,2,1,0,0,0,2,0,2,1,0,2,1,0,0,0,0,0,0,0,0,0,0,0,0,0,0,0,0,0,0,0,0,0,0,0,0,0,0,0,0,0,0,0,0,0,0,0,0,0,0,0,0,0,0,0,0,0,0,0,0,0,0,0,0,0,0,0,0,0,0,0,0,0,0,0,0,0,0,0,0,0,0,0,0,0,0,0,0,0,0,0,0,0,0,0,0,0,0,0,0,0,0,0,0,0,0,0,0],[0,1,2,0,1,0,1,2,0,0,0,0,2,0,0,3,0,1,2,0,1,2,0,0,1,3,3,0,0,3,0,3,0,0,0,0,0,0,0,0,0,0,0,0,0,0,0,0,0,0,0,0,0,0,0,0,0,0,0,0,0,0,0,0,0,0,0,0,0,0,0,0,0,0,0,0,0,0,0,0,0,0,0,0,0,0,0,0,0,0,0,0,0,0,0,0,0,0,0,0,0,0,0,0,0,0,0,0,0,0,0,0,0,0,0,0,0,0,0,0,0,0,0,0,0,0,0,0],[0,1,1,2,3,4,5,6,7,8,9,10,11,12,13,14,15,16,17,18,19,20,21,22,23,24,25,26,27,28,29,30,31,0,0,0,0,0,0,0,0,0,0,0,0,0,0,0,0,0,0,0,0,0,0,0,0,0,0,0,0,0,0,0,0,0,0,0,0,0,0,0,0,0,0,0,0,0,0,0,0,0,0,0,0,0,0,0,0,0,0,0,0,0,0,0,0,0,0,0,0,0,0,0,0,0,0,0,0,0,0,0,0,0,0,0,0,0,0,0,0,0,0,0,0,0,0,0],[0,1,2,3,4,5,6,7,8,9,10,11,12,13,14,15,16,17,18,19,20,21,22,23,24,25,26,27,28,29,30,31,32,0,0,0,0,0,0,0,0,0,0,0,0,0,0,0,0,0,0,0,0,0,0,0,0,0,0,0,0,0,0,0,0,0,0,0,0,0,0,0,0,0,0,0,0,0,0,0,0,0,0,0,0,0,0,0,0,0,0,0,0,0,0,0,0,0,0,0,0,0,0,0,0,0,0,0,0,0,0,0,0,0,0,0,0,0,0,0,0,0,0,0,0,0,0,0]]"",""warmupCalls"":100,""warmupMs"":3000,""calibrationMs"":50,""exportName"":""bench""}",confirm,2,666,0.44839209909909944,298.62913800000024,7.384800999999996,19.941676,69380,-0.019543295703927654,6215,3000.1792259999997,"[{""calls"":333,""ms"":149.30439800000022},{""calls"":333,""ms"":149.2752190000001}]","[0.44836155555555623,0.44827393093093126]"
historical-separate,Actual15/16 cleanup confirmation,checked-runtime-row32,repair15,/home/ai/bend2/build/publish/bend/selfhost/build/phase30/runtime-cleanup-confirm-16/report.json,5e14ef8e57f0d7ccd1b879b2aae8ecdf4c51d5d6b21180afa015c262c68abd4f,0d35397fb1b5af8069604e305941ce532723eb7253e4c89ecfd045aa46c3b2c1,"{""args"":[32,17],""expected"":""[[0,2,1,1,0,0,0,1,1,0,0,2,3,1,3,1,0,1,0,0,2,1,0,0,0,2,0,2,1,0,2,1,0,0,0,0,0,0,0,0,0,0,0,0,0,0,0,0,0,0,0,0,0,0,0,0,0,0,0,0,0,0,0,0,0,0,0,0,0,0,0,0,0,0,0,0,0,0,0,0,0,0,0,0,0,0,0,0,0,0,0,0,0,0,0,0,0,0,0,0,0,0,0,0,0,0,0,0,0,0,0,0,0,0,0,0,0,0,0,0,0,0,0,0,0,0,0,0],[0,1,2,0,1,0,1,2,0,0,0,0,2,0,0,3,0,1,2,0,1,2,0,0,1,3,3,0,0,3,0,3,0,0,0,0,0,0,0,0,0,0,0,0,0,0,0,0,0,0,0,0,0,0,0,0,0,0,0,0,0,0,0,0,0,0,0,0,0,0,0,0,0,0,0,0,0,0,0,0,0,0,0,0,0,0,0,0,0,0,0,0,0,0,0,0,0,0,0,0,0,0,0,0,0,0,0,0,0,0,0,0,0,0,0,0,0,0,0,0,0,0,0,0,0,0,0,0],[0,1,1,2,3,4,5,6,7,8,9,10,11,12,13,14,15,16,17,18,19,20,21,22,23,24,25,26,27,28,29,30,31,0,0,0,0,0,0,0,0,0,0,0,0,0,0,0,0,0,0,0,0,0,0,0,0,0,0,0,0,0,0,0,0,0,0,0,0,0,0,0,0,0,0,0,0,0,0,0,0,0,0,0,0,0,0,0,0,0,0,0,0,0,0,0,0,0,0,0,0,0,0,0,0,0,0,0,0,0,0,0,0,0,0,0,0,0,0,0,0,0,0,0,0,0,0,0],[0,1,2,3,4,5,6,7,8,9,10,11,12,13,14,15,16,17,18,19,20,21,22,23,24,25,26,27,28,29,30,31,32,0,0,0,0,0,0,0,0,0,0,0,0,0,0,0,0,0,0,0,0,0,0,0,0,0,0,0,0,0,0,0,0,0,0,0,0,0,0,0,0,0,0,0,0,0,0,0,0,0,0,0,0,0,0,0,0,0,0,0,0,0,0,0,0,0,0,0,0,0,0,0,0,0,0,0,0,0,0,0,0,0,0,0,0,0,0,0,0,0,0,0,0,0,0,0]]"",""warmupCalls"":100,""warmupMs"":3000,""calibrationMs"":50,""exportName"":""bench""}",confirm,3,666,0.4481208318318322,298.44847400000026,7.338406000000006,20.013442999999995,69524,-0.07611048546788401,6247,3000.244793,"[{""calls"":333,""ms"":149.26064300000007},{""calls"":333,""ms"":149.1470400000003}]","[0.44823015915915937,0.44788900900900985]"
historical-separate,Actual15/16 cleanup confirmation,checked-runtime-row32,repair15,/home/ai/bend2/build/publish/bend/selfhost/build/phase30/runtime-cleanup-confirm-16/report.json,5e14ef8e57f0d7ccd1b879b2aae8ecdf4c51d5d6b21180afa015c262c68abd4f,0d35397fb1b5af8069604e305941ce532723eb7253e4c89ecfd045aa46c3b2c1,"{""args"":[32,17],""expected"":""[[0,2,1,1,0,0,0,1,1,0,0,2,3,1,3,1,0,1,0,0,2,1,0,0,0,2,0,2,1,0,2,1,0,0,0,0,0,0,0,0,0,0,0,0,0,0,0,0,0,0,0,0,0,0,0,0,0,0,0,0,0,0,0,0,0,0,0,0,0,0,0,0,0,0,0,0,0,0,0,0,0,0,0,0,0,0,0,0,0,0,0,0,0,0,0,0,0,0,0,0,0,0,0,0,0,0,0,0,0,0,0,0,0,0,0,0,0,0,0,0,0,0,0,0,0,0,0,0],[0,1,2,0,1,0,1,2,0,0,0,0,2,0,0,3,0,1,2,0,1,2,0,0,1,3,3,0,0,3,0,3,0,0,0,0,0,0,0,0,0,0,0,0,0,0,0,0,0,0,0,0,0,0,0,0,0,0,0,0,0,0,0,0,0,0,0,0,0,0,0,0,0,0,0,0,0,0,0,0,0,0,0,0,0,0,0,0,0,0,0,0,0,0,0,0,0,0,0,0,0,0,0,0,0,0,0,0,0,0,0,0,0,0,0,0,0,0,0,0,0,0,0,0,0,0,0,0],[0,1,1,2,3,4,5,6,7,8,9,10,11,12,13,14,15,16,17,18,19,20,21,22,23,24,25,26,27,28,29,30,31,0,0,0,0,0,0,0,0,0,0,0,0,0,0,0,0,0,0,0,0,0,0,0,0,0,0,0,0,0,0,0,0,0,0,0,0,0,0,0,0,0,0,0,0,0,0,0,0,0,0,0,0,0,0,0,0,0,0,0,0,0,0,0,0,0,0,0,0,0,0,0,0,0,0,0,0,0,0,0,0,0,0,0,0,0,0,0,0,0,0,0,0,0,0,0],[0,1,2,3,4,5,6,7,8,9,10,11,12,13,14,15,16,17,18,19,20,21,22,23,24,25,26,27,28,29,30,31,32,0,0,0,0,0,0,0,0,0,0,0,0,0,0,0,0,0,0,0,0,0,0,0,0,0,0,0,0,0,0,0,0,0,0,0,0,0,0,0,0,0,0,0,0,0,0,0,0,0,0,0,0,0,0,0,0,0,0,0,0,0,0,0,0,0,0,0,0,0,0,0,0,0,0,0,0,0,0,0,0,0,0,0,0,0,0,0,0,0,0,0,0,0,0,0]]"",""warmupCalls"":100,""warmupMs"":3000,""calibrationMs"":50,""exportName"":""bench""}",confirm,4,666,0.44807023723723766,298.4147780000003,7.522750000000002,20.295302999999997,70028,-0.07581082956391594,6189,3000.114962,"[{""calls"":333,""ms"":149.24384899999995},{""calls"":333,""ms"":149.13070599999992}]","[0.44817972672672657,0.4478399579579577]"
historical-separate,Actual15/16 cleanup confirmation,checked-runtime-row32,candidate,/home/ai/bend2/build/publish/bend/selfhost/build/phase30/runtime-cleanup-confirm-16/report.json,5e14ef8e57f0d7ccd1b879b2aae8ecdf4c51d5d6b21180afa015c262c68abd4f,52826ba56cf48f11766ea643dafbdd43ee1d5690bb2b088d0740ceba5f9d6041,"{""args"":[32,17],""expected"":""[[0,2,1,1,0,0,0,1,1,0,0,2,3,1,3,1,0,1,0,0,2,1,0,0,0,2,0,2,1,0,2,1,0,0,0,0,0,0,0,0,0,0,0,0,0,0,0,0,0,0,0,0,0,0,0,0,0,0,0,0,0,0,0,0,0,0,0,0,0,0,0,0,0,0,0,0,0,0,0,0,0,0,0,0,0,0,0,0,0,0,0,0,0,0,0,0,0,0,0,0,0,0,0,0,0,0,0,0,0,0,0,0,0,0,0,0,0,0,0,0,0,0,0,0,0,0,0,0],[0,1,2,0,1,0,1,2,0,0,0,0,2,0,0,3,0,1,2,0,1,2,0,0,1,3,3,0,0,3,0,3,0,0,0,0,0,0,0,0,0,0,0,0,0,0,0,0,0,0,0,0,0,0,0,0,0,0,0,0,0,0,0,0,0,0,0,0,0,0,0,0,0,0,0,0,0,0,0,0,0,0,0,0,0,0,0,0,0,0,0,0,0,0,0,0,0,0,0,0,0,0,0,0,0,0,0,0,0,0,0,0,0,0,0,0,0,0,0,0,0,0,0,0,0,0,0,0],[0,1,1,2,3,4,5,6,7,8,9,10,11,12,13,14,15,16,17,18,19,20,21,22,23,24,25,26,27,28,29,30,31,0,0,0,0,0,0,0,0,0,0,0,0,0,0,0,0,0,0,0,0,0,0,0,0,0,0,0,0,0,0,0,0,0,0,0,0,0,0,0,0,0,0,0,0,0,0,0,0,0,0,0,0,0,0,0,0,0,0,0,0,0,0,0,0,0,0,0,0,0,0,0,0,0,0,0,0,0,0,0,0,0,0,0,0,0,0,0,0,0,0,0,0,0,0,0],[0,1,2,3,4,5,6,7,8,9,10,11,12,13,14,15,16,17,18,19,20,21,22,23,24,25,26,27,28,29,30,31,32,0,0,0,0,0,0,0,0,0,0,0,0,0,0,0,0,0,0,0,0,0,0,0,0,0,0,0,0,0,0,0,0,0,0,0,0,0,0,0,0,0,0,0,0,0,0,0,0,0,0,0,0,0,0,0,0,0,0,0,0,0,0,0,0,0,0,0,0,0,0,0,0,0,0,0,0,0,0,0,0,0,0,0,0,0,0,0,0,0,0,0,0,0,0,0]]"",""warmupCalls"":100,""warmupMs"":3000,""calibrationMs"":50,""exportName"":""bench""}",confirm,0,655,0.4428944442748095,290.09586100000024,7.23666399999999,20.217555000000004,69308,-0.16270207154065464,6313,3000.488211,"[{""calls"":327,""ms"":144.9238409999998},{""calls"":328,""ms"":145.13051799999994}]","[0.44319217431192603,0.44247109146341446]"
historical-separate,Actual15/16 cleanup confirmation,checked-runtime-row32,candidate,/home/ai/bend2/build/publish/bend/selfhost/build/phase30/runtime-cleanup-confirm-16/report.json,5e14ef8e57f0d7ccd1b879b2aae8ecdf4c51d5d6b21180afa015c262c68abd4f,52826ba56cf48f11766ea643dafbdd43ee1d5690bb2b088d0740ceba5f9d6041,"{""args"":[32,17],""expected"":""[[0,2,1,1,0,0,0,1,1,0,0,2,3,1,3,1,0,1,0,0,2,1,0,0,0,2,0,2,1,0,2,1,0,0,0,0,0,0,0,0,0,0,0,0,0,0,0,0,0,0,0,0,0,0,0,0,0,0,0,0,0,0,0,0,0,0,0,0,0,0,0,0,0,0,0,0,0,0,0,0,0,0,0,0,0,0,0,0,0,0,0,0,0,0,0,0,0,0,0,0,0,0,0,0,0,0,0,0,0,0,0,0,0,0,0,0,0,0,0,0,0,0,0,0,0,0,0,0],[0,1,2,0,1,0,1,2,0,0,0,0,2,0,0,3,0,1,2,0,1,2,0,0,1,3,3,0,0,3,0,3,0,0,0,0,0,0,0,0,0,0,0,0,0,0,0,0,0,0,0,0,0,0,0,0,0,0,0,0,0,0,0,0,0,0,0,0,0,0,0,0,0,0,0,0,0,0,0,0,0,0,0,0,0,0,0,0,0,0,0,0,0,0,0,0,0,0,0,0,0,0,0,0,0,0,0,0,0,0,0,0,0,0,0,0,0,0,0,0,0,0,0,0,0,0,0,0],[0,1,1,2,3,4,5,6,7,8,9,10,11,12,13,14,15,16,17,18,19,20,21,22,23,24,25,26,27,28,29,30,31,0,0,0,0,0,0,0,0,0,0,0,0,0,0,0,0,0,0,0,0,0,0,0,0,0,0,0,0,0,0,0,0,0,0,0,0,0,0,0,0,0,0,0,0,0,0,0,0,0,0,0,0,0,0,0,0,0,0,0,0,0,0,0,0,0,0,0,0,0,0,0,0,0,0,0,0,0,0,0,0,0,0,0,0,0,0,0,0,0,0,0,0,0,0,0],[0,1,2,3,4,5,6,7,8,9,10,11,12,13,14,15,16,17,18,19,20,21,22,23,24,25,26,27,28,29,30,31,32,0,0,0,0,0,0,0,0,0,0,0,0,0,0,0,0,0,0,0,0,0,0,0,0,0,0,0,0,0,0,0,0,0,0,0,0,0,0,0,0,0,0,0,0,0,0,0,0,0,0,0,0,0,0,0,0,0,0,0,0,0,0,0,0,0,0,0,0,0,0,0,0,0,0,0,0,0,0,0,0,0,0,0,0,0,0,0,0,0,0,0,0,0,0,0]]"",""warmupCalls"":100,""warmupMs"":3000,""calibrationMs"":50,""exportName"":""bench""}",confirm,1,655,0.4501276167938929,294.83358899999985,7.3072890000000115,19.993758,69708,0.5916107598594955,6240,3000.255909,"[{""calls"":327,""ms"":146.73714900000004},{""calls"":328,""ms"":148.05665399999998}]","[0.44873745871559645,0.45139223780487797]"
historical-separate,Actual15/16 cleanup confirmation,checked-runtime-row32,candidate,/home/ai/bend2/build/publish/bend/selfhost/build/phase30/runtime-cleanup-confirm-16/report.json,5e14ef8e57f0d7ccd1b879b2aae8ecdf4c51d5d6b21180afa015c262c68abd4f,52826ba56cf48f11766ea643dafbdd43ee1d5690bb2b088d0740ceba5f9d6041,"{""args"":[32,17],""expected"":""[[0,2,1,1,0,0,0,1,1,0,0,2,3,1,3,1,0,1,0,0,2,1,0,0,0,2,0,2,1,0,2,1,0,0,0,0,0,0,0,0,0,0,0,0,0,0,0,0,0,0,0,0,0,0,0,0,0,0,0,0,0,0,0,0,0,0,0,0,0,0,0,0,0,0,0,0,0,0,0,0,0,0,0,0,0,0,0,0,0,0,0,0,0,0,0,0,0,0,0,0,0,0,0,0,0,0,0,0,0,0,0,0,0,0,0,0,0,0,0,0,0,0,0,0,0,0,0,0],[0,1,2,0,1,0,1,2,0,0,0,0,2,0,0,3,0,1,2,0,1,2,0,0,1,3,3,0,0,3,0,3,0,0,0,0,0,0,0,0,0,0,0,0,0,0,0,0,0,0,0,0,0,0,0,0,0,0,0,0,0,0,0,0,0,0,0,0,0,0,0,0,0,0,0,0,0,0,0,0,0,0,0,0,0,0,0,0,0,0,0,0,0,0,0,0,0,0,0,0,0,0,0,0,0,0,0,0,0,0,0,0,0,0,0,0,0,0,0,0,0,0,0,0,0,0,0,0],[0,1,1,2,3,4,5,6,7,8,9,10,11,12,13,14,15,16,17,18,19,20,21,22,23,24,25,26,27,28,29,30,31,0,0,0,0,0,0,0,0,0,0,0,0,0,0,0,0,0,0,0,0,0,0,0,0,0,0,0,0,0,0,0,0,0,0,0,0,0,0,0,0,0,0,0,0,0,0,0,0,0,0,0,0,0,0,0,0,0,0,0,0,0,0,0,0,0,0,0,0,0,0,0,0,0,0,0,0,0,0,0,0,0,0,0,0,0,0,0,0,0,0,0,0,0,0,0],[0,1,2,3,4,5,6,7,8,9,10,11,12,13,14,15,16,17,18,19,20,21,22,23,24,25,26,27,28,29,30,31,32,0,0,0,0,0,0,0,0,0,0,0,0,0,0,0,0,0,0,0,0,0,0,0,0,0,0,0,0,0,0,0,0,0,0,0,0,0,0,0,0,0,0,0,0,0,0,0,0,0,0,0,0,0,0,0,0,0,0,0,0,0,0,0,0,0,0,0,0,0,0,0,0,0,0,0,0,0,0,0,0,0,0,0,0,0,0,0,0,0,0,0,0,0,0,0]]"",""warmupCalls"":100,""warmupMs"":3000,""calibrationMs"":50,""exportName"":""bench""}",confirm,2,655,0.4439669435114508,290.79834800000026,7.550308999999999,20.203439000000003,70080,0.09676247560863604,6289,3000.491383,"[{""calls"":327,""ms"":145.08619799999997},{""calls"":328,""ms"":145.670705}]","[0.4436886788990825,0.44411800304878046]"
historical-separate,Actual15/16 cleanup confirmation,checked-runtime-row32,candidate,/home/ai/bend2/build/publish/bend/selfhost/build/phase30/runtime-cleanup-confirm-16/report.json,5e14ef8e57f0d7ccd1b879b2aae8ecdf4c51d5d6b21180afa015c262c68abd4f,52826ba56cf48f11766ea643dafbdd43ee1d5690bb2b088d0740ceba5f9d6041,"{""args"":[32,17],""expected"":""[[0,2,1,1,0,0,0,1,1,0,0,2,3,1,3,1,0,1,0,0,2,1,0,0,0,2,0,2,1,0,2,1,0,0,0,0,0,0,0,0,0,0,0,0,0,0,0,0,0,0,0,0,0,0,0,0,0,0,0,0,0,0,0,0,0,0,0,0,0,0,0,0,0,0,0,0,0,0,0,0,0,0,0,0,0,0,0,0,0,0,0,0,0,0,0,0,0,0,0,0,0,0,0,0,0,0,0,0,0,0,0,0,0,0,0,0,0,0,0,0,0,0,0,0,0,0,0,0],[0,1,2,0,1,0,1,2,0,0,0,0,2,0,0,3,0,1,2,0,1,2,0,0,1,3,3,0,0,3,0,3,0,0,0,0,0,0,0,0,0,0,0,0,0,0,0,0,0,0,0,0,0,0,0,0,0,0,0,0,0,0,0,0,0,0,0,0,0,0,0,0,0,0,0,0,0,0,0,0,0,0,0,0,0,0,0,0,0,0,0,0,0,0,0,0,0,0,0,0,0,0,0,0,0,0,0,0,0,0,0,0,0,0,0,0,0,0,0,0,0,0,0,0,0,0,0,0],[0,1,1,2,3,4,5,6,7,8,9,10,11,12,13,14,15,16,17,18,19,20,21,22,23,24,25,26,27,28,29,30,31,0,0,0,0,0,0,0,0,0,0,0,0,0,0,0,0,0,0,0,0,0,0,0,0,0,0,0,0,0,0,0,0,0,0,0,0,0,0,0,0,0,0,0,0,0,0,0,0,0,0,0,0,0,0,0,0,0,0,0,0,0,0,0,0,0,0,0,0,0,0,0,0,0,0,0,0,0,0,0,0,0,0,0,0,0,0,0,0,0,0,0,0,0,0,0],[0,1,2,3,4,5,6,7,8,9,10,11,12,13,14,15,16,17,18,19,20,21,22,23,24,25,26,27,28,29,30,31,32,0,0,0,0,0,0,0,0,0,0,0,0,0,0,0,0,0,0,0,0,0,0,0,0,0,0,0,0,0,0,0,0,0,0,0,0,0,0,0,0,0,0,0,0,0,0,0,0,0,0,0,0,0,0,0,0,0,0,0,0,0,0,0,0,0,0,0,0,0,0,0,0,0,0,0,0,0,0,0,0,0,0,0,0,0,0,0,0,0,0,0,0,0,0,0]]"",""warmupCalls"":100,""warmupMs"":3000,""calibrationMs"":50,""exportName"":""bench""}",confirm,3,655,0.4445850534351147,291.2032100000001,7.256302999999988,19.966552,69884,0.08996829308356435,6289,3000.1332899999998,"[{""calls"":327,""ms"":145.29363600000033},{""calls"":328,""ms"":145.8690770000003}]","[0.44432304587156063,0.4447227957317082]"
historical-separate,Actual15/16 cleanup confirmation,checked-runtime-row32,candidate,/home/ai/bend2/build/publish/bend/selfhost/build/phase30/runtime-cleanup-confirm-16/report.json,5e14ef8e57f0d7ccd1b879b2aae8ecdf4c51d5d6b21180afa015c262c68abd4f,52826ba56cf48f11766ea643dafbdd43ee1d5690bb2b088d0740ceba5f9d6041,"{""args"":[32,17],""expected"":""[[0,2,1,1,0,0,0,1,1,0,0,2,3,1,3,1,0,1,0,0,2,1,0,0,0,2,0,2,1,0,2,1,0,0,0,0,0,0,0,0,0,0,0,0,0,0,0,0,0,0,0,0,0,0,0,0,0,0,0,0,0,0,0,0,0,0,0,0,0,0,0,0,0,0,0,0,0,0,0,0,0,0,0,0,0,0,0,0,0,0,0,0,0,0,0,0,0,0,0,0,0,0,0,0,0,0,0,0,0,0,0,0,0,0,0,0,0,0,0,0,0,0,0,0,0,0,0,0],[0,1,2,0,1,0,1,2,0,0,0,0,2,0,0,3,0,1,2,0,1,2,0,0,1,3,3,0,0,3,0,3,0,0,0,0,0,0,0,0,0,0,0,0,0,0,0,0,0,0,0,0,0,0,0,0,0,0,0,0,0,0,0,0,0,0,0,0,0,0,0,0,0,0,0,0,0,0,0,0,0,0,0,0,0,0,0,0,0,0,0,0,0,0,0,0,0,0,0,0,0,0,0,0,0,0,0,0,0,0,0,0,0,0,0,0,0,0,0,0,0,0,0,0,0,0,0,0],[0,1,1,2,3,4,5,6,7,8,9,10,11,12,13,14,15,16,17,18,19,20,21,22,23,24,25,26,27,28,29,30,31,0,0,0,0,0,0,0,0,0,0,0,0,0,0,0,0,0,0,0,0,0,0,0,0,0,0,0,0,0,0,0,0,0,0,0,0,0,0,0,0,0,0,0,0,0,0,0,0,0,0,0,0,0,0,0,0,0,0,0,0,0,0,0,0,0,0,0,0,0,0,0,0,0,0,0,0,0,0,0,0,0,0,0,0,0,0,0,0,0,0,0,0,0,0,0],[0,1,2,3,4,5,6,7,8,9,10,11,12,13,14,15,16,17,18,19,20,21,22,23,24,25,26,27,28,29,30,31,32,0,0,0,0,0,0,0,0,0,0,0,0,0,0,0,0,0,0,0,0,0,0,0,0,0,0,0,0,0,0,0,0,0,0,0,0,0,0,0,0,0,0,0,0,0,0,0,0,0,0,0,0,0,0,0,0,0,0,0,0,0,0,0,0,0,0,0,0,0,0,0,0,0,0,0,0,0,0,0,0,0,0,0,0,0,0,0,0,0,0,0,0,0,0,0]]"",""warmupCalls"":100,""warmupMs"":3000,""calibrationMs"":50,""exportName"":""bench""}",confirm,4,655,0.45892772213740407,300.5976579999997,7.298743000000002,20.243576000000004,70112,2.3095123125145056,6211,3000.083292,"[{""calls"":327,""ms"":148.33292399999982},{""calls"":328,""ms"":152.22278499999993}]","[0.45361750458715544,0.46409385670731684]"
historical-separate,Actual15/16 cleanup confirmation,checked-runtime-row32,typescript,/home/ai/bend2/build/publish/bend/selfhost/build/phase30/runtime-cleanup-confirm-16/report.json,5e14ef8e57f0d7ccd1b879b2aae8ecdf4c51d5d6b21180afa015c262c68abd4f,34116f36cf0eb5089e5041abb10f2d0786051e8bd3f9afe350d97aad8303ae10,"{""args"":[32,17],""expected"":""[[0,2,1,1,0,0,0,1,1,0,0,2,3,1,3,1,0,1,0,0,2,1,0,0,0,2,0,2,1,0,2,1,0,0,0,0,0,0,0,0,0,0,0,0,0,0,0,0,0,0,0,0,0,0,0,0,0,0,0,0,0,0,0,0,0,0,0,0,0,0,0,0,0,0,0,0,0,0,0,0,0,0,0,0,0,0,0,0,0,0,0,0,0,0,0,0,0,0,0,0,0,0,0,0,0,0,0,0,0,0,0,0,0,0,0,0,0,0,0,0,0,0,0,0,0,0,0,0],[0,1,2,0,1,0,1,2,0,0,0,0,2,0,0,3,0,1,2,0,1,2,0,0,1,3,3,0,0,3,0,3,0,0,0,0,0,0,0,0,0,0,0,0,0,0,0,0,0,0,0,0,0,0,0,0,0,0,0,0,0,0,0,0,0,0,0,0,0,0,0,0,0,0,0,0,0,0,0,0,0,0,0,0,0,0,0,0,0,0,0,0,0,0,0,0,0,0,0,0,0,0,0,0,0,0,0,0,0,0,0,0,0,0,0,0,0,0,0,0,0,0,0,0,0,0,0,0],[0,1,1,2,3,4,5,6,7,8,9,10,11,12,13,14,15,16,17,18,19,20,21,22,23,24,25,26,27,28,29,30,31,0,0,0,0,0,0,0,0,0,0,0,0,0,0,0,0,0,0,0,0,0,0,0,0,0,0,0,0,0,0,0,0,0,0,0,0,0,0,0,0,0,0,0,0,0,0,0,0,0,0,0,0,0,0,0,0,0,0,0,0,0,0,0,0,0,0,0,0,0,0,0,0,0,0,0,0,0,0,0,0,0,0,0,0,0,0,0,0,0,0,0,0,0,0,0],[0,1,2,3,4,5,6,7,8,9,10,11,12,13,14,15,16,17,18,19,20,21,22,23,24,25,26,27,28,29,30,31,32,0,0,0,0,0,0,0,0,0,0,0,0,0,0,0,0,0,0,0,0,0,0,0,0,0,0,0,0,0,0,0,0,0,0,0,0,0,0,0,0,0,0,0,0,0,0,0,0,0,0,0,0,0,0,0,0,0,0,0,0,0,0,0,0,0,0,0,0,0,0,0,0,0,0,0,0,0,0,0,0,0,0,0,0,0,0,0,0,0,0,0,0,0,0,0]]"",""warmupCalls"":100,""warmupMs"":3000,""calibrationMs"":50,""exportName"":""bench""}",confirm,0,36955,0.008449463130834799,312.24991,1.7063759999999988,1.0794250000000005,62056,1.3483069312972829,356508,3000.024943,"[{""calls"":18477,""ms"":155.0527659999998},{""calls"":18478,""ms"":157.15185799999972}]","[0.008391663473507593,0.008504808853772038]"
historical-separate,Actual15/16 cleanup confirmation,checked-runtime-row32,typescript,/home/ai/bend2/build/publish/bend/selfhost/build/phase30/runtime-cleanup-confirm-16/report.json,5e14ef8e57f0d7ccd1b879b2aae8ecdf4c51d5d6b21180afa015c262c68abd4f,34116f36cf0eb5089e5041abb10f2d0786051e8bd3f9afe350d97aad8303ae10,"{""args"":[32,17],""expected"":""[[0,2,1,1,0,0,0,1,1,0,0,2,3,1,3,1,0,1,0,0,2,1,0,0,0,2,0,2,1,0,2,1,0,0,0,0,0,0,0,0,0,0,0,0,0,0,0,0,0,0,0,0,0,0,0,0,0,0,0,0,0,0,0,0,0,0,0,0,0,0,0,0,0,0,0,0,0,0,0,0,0,0,0,0,0,0,0,0,0,0,0,0,0,0,0,0,0,0,0,0,0,0,0,0,0,0,0,0,0,0,0,0,0,0,0,0,0,0,0,0,0,0,0,0,0,0,0,0],[0,1,2,0,1,0,1,2,0,0,0,0,2,0,0,3,0,1,2,0,1,2,0,0,1,3,3,0,0,3,0,3,0,0,0,0,0,0,0,0,0,0,0,0,0,0,0,0,0,0,0,0,0,0,0,0,0,0,0,0,0,0,0,0,0,0,0,0,0,0,0,0,0,0,0,0,0,0,0,0,0,0,0,0,0,0,0,0,0,0,0,0,0,0,0,0,0,0,0,0,0,0,0,0,0,0,0,0,0,0,0,0,0,0,0,0,0,0,0,0,0,0,0,0,0,0,0,0],[0,1,1,2,3,4,5,6,7,8,9,10,11,12,13,14,15,16,17,18,19,20,21,22,23,24,25,26,27,28,29,30,31,0,0,0,0,0,0,0,0,0,0,0,0,0,0,0,0,0,0,0,0,0,0,0,0,0,0,0,0,0,0,0,0,0,0,0,0,0,0,0,0,0,0,0,0,0,0,0,0,0,0,0,0,0,0,0,0,0,0,0,0,0,0,0,0,0,0,0,0,0,0,0,0,0,0,0,0,0,0,0,0,0,0,0,0,0,0,0,0,0,0,0,0,0,0,0],[0,1,2,3,4,5,6,7,8,9,10,11,12,13,14,15,16,17,18,19,20,21,22,23,24,25,26,27,28,29,30,31,32,0,0,0,0,0,0,0,0,0,0,0,0,0,0,0,0,0,0,0,0,0,0,0,0,0,0,0,0,0,0,0,0,0,0,0,0,0,0,0,0,0,0,0,0,0,0,0,0,0,0,0,0,0,0,0,0,0,0,0,0,0,0,0,0,0,0,0,0,0,0,0,0,0,0,0,0,0,0,0,0,0,0,0,0,0,0,0,0,0,0,0,0,0,0,0]]"",""warmupCalls"":100,""warmupMs"":3000,""calibrationMs"":50,""exportName"":""bench""}",confirm,1,36955,0.008378943904749022,309.6438720000001,1.689585000000001,1.0869029999999995,62236,1.3760392176017433,342303,3000.032455,"[{""calls"":18477,""ms"":153.73675700000013},{""calls"":18478,""ms"":155.86067000000003}]","[0.008320439302917147,0.008434931810802036]"
historical-separate,Actual15/16 cleanup confirmation,checked-runtime-row32,typescript,/home/ai/bend2/build/publish/bend/selfhost/build/phase30/runtime-cleanup-confirm-16/report.json,5e14ef8e57f0d7ccd1b879b2aae8ecdf4c51d5d6b21180afa015c262c68abd4f,34116f36cf0eb5089e5041abb10f2d0786051e8bd3f9afe350d97aad8303ae10,"{""args"":[32,17],""expected"":""[[0,2,1,1,0,0,0,1,1,0,0,2,3,1,3,1,0,1,0,0,2,1,0,0,0,2,0,2,1,0,2,1,0,0,0,0,0,0,0,0,0,0,0,0,0,0,0,0,0,0,0,0,0,0,0,0,0,0,0,0,0,0,0,0,0,0,0,0,0,0,0,0,0,0,0,0,0,0,0,0,0,0,0,0,0,0,0,0,0,0,0,0,0,0,0,0,0,0,0,0,0,0,0,0,0,0,0,0,0,0,0,0,0,0,0,0,0,0,0,0,0,0,0,0,0,0,0,0],[0,1,2,0,1,0,1,2,0,0,0,0,2,0,0,3,0,1,2,0,1,2,0,0,1,3,3,0,0,3,0,3,0,0,0,0,0,0,0,0,0,0,0,0,0,0,0,0,0,0,0,0,0,0,0,0,0,0,0,0,0,0,0,0,0,0,0,0,0,0,0,0,0,0,0,0,0,0,0,0,0,0,0,0,0,0,0,0,0,0,0,0,0,0,0,0,0,0,0,0,0,0,0,0,0,0,0,0,0,0,0,0,0,0,0,0,0,0,0,0,0,0,0,0,0,0,0,0],[0,1,1,2,3,4,5,6,7,8,9,10,11,12,13,14,15,16,17,18,19,20,21,22,23,24,25,26,27,28,29,30,31,0,0,0,0,0,0,0,0,0,0,0,0,0,0,0,0,0,0,0,0,0,0,0,0,0,0,0,0,0,0,0,0,0,0,0,0,0,0,0,0,0,0,0,0,0,0,0,0,0,0,0,0,0,0,0,0,0,0,0,0,0,0,0,0,0,0,0,0,0,0,0,0,0,0,0,0,0,0,0,0,0,0,0,0,0,0,0,0,0,0,0,0,0,0,0],[0,1,2,3,4,5,6,7,8,9,10,11,12,13,14,15,16,17,18,19,20,21,22,23,24,25,26,27,28,29,30,31,32,0,0,0,0,0,0,0,0,0,0,0,0,0,0,0,0,0,0,0,0,0,0,0,0,0,0,0,0,0,0,0,0,0,0,0,0,0,0,0,0,0,0,0,0,0,0,0,0,0,0,0,0,0,0,0,0,0,0,0,0,0,0,0,0,0,0,0,0,0,0,0,0,0,0,0,0,0,0,0,0,0,0,0,0,0,0,0,0,0,0,0,0,0,0,0]]"",""warmupCalls"":100,""warmupMs"":3000,""calibrationMs"":50,""exportName"":""bench""}",confirm,2,36955,0.00842066802868353,311.1857869999999,1.6991170000000082,1.0731620000000035,62260,1.164376832033187,356212,3000.0254910000003,"[{""calls"":18477,""ms"":154.66597699999966},{""calls"":18478,""ms"":156.47533999999996}]","[0.00837072993451316,0.008468196774542698]"
historical-separate,Actual15/16 cleanup confirmation,checked-runtime-row32,typescript,/home/ai/bend2/build/publish/bend/selfhost/build/phase30/runtime-cleanup-confirm-16/report.json,5e14ef8e57f0d7ccd1b879b2aae8ecdf4c51d5d6b21180afa015c262c68abd4f,34116f36cf0eb5089e5041abb10f2d0786051e8bd3f9afe350d97aad8303ae10,"{""args"":[32,17],""expected"":""[[0,2,1,1,0,0,0,1,1,0,0,2,3,1,3,1,0,1,0,0,2,1,0,0,0,2,0,2,1,0,2,1,0,0,0,0,0,0,0,0,0,0,0,0,0,0,0,0,0,0,0,0,0,0,0,0,0,0,0,0,0,0,0,0,0,0,0,0,0,0,0,0,0,0,0,0,0,0,0,0,0,0,0,0,0,0,0,0,0,0,0,0,0,0,0,0,0,0,0,0,0,0,0,0,0,0,0,0,0,0,0,0,0,0,0,0,0,0,0,0,0,0,0,0,0,0,0,0],[0,1,2,0,1,0,1,2,0,0,0,0,2,0,0,3,0,1,2,0,1,2,0,0,1,3,3,0,0,3,0,3,0,0,0,0,0,0,0,0,0,0,0,0,0,0,0,0,0,0,0,0,0,0,0,0,0,0,0,0,0,0,0,0,0,0,0,0,0,0,0,0,0,0,0,0,0,0,0,0,0,0,0,0,0,0,0,0,0,0,0,0,0,0,0,0,0,0,0,0,0,0,0,0,0,0,0,0,0,0,0,0,0,0,0,0,0,0,0,0,0,0,0,0,0,0,0,0],[0,1,1,2,3,4,5,6,7,8,9,10,11,12,13,14,15,16,17,18,19,20,21,22,23,24,25,26,27,28,29,30,31,0,0,0,0,0,0,0,0,0,0,0,0,0,0,0,0,0,0,0,0,0,0,0,0,0,0,0,0,0,0,0,0,0,0,0,0,0,0,0,0,0,0,0,0,0,0,0,0,0,0,0,0,0,0,0,0,0,0,0,0,0,0,0,0,0,0,0,0,0,0,0,0,0,0,0,0,0,0,0,0,0,0,0,0,0,0,0,0,0,0,0,0,0,0,0],[0,1,2,3,4,5,6,7,8,9,10,11,12,13,14,15,16,17,18,19,20,21,22,23,24,25,26,27,28,29,30,31,32,0,0,0,0,0,0,0,0,0,0,0,0,0,0,0,0,0,0,0,0,0,0,0,0,0,0,0,0,0,0,0,0,0,0,0,0,0,0,0,0,0,0,0,0,0,0,0,0,0,0,0,0,0,0,0,0,0,0,0,0,0,0,0,0,0,0,0,0,0,0,0,0,0,0,0,0,0,0,0,0,0,0,0,0,0,0,0,0,0,0,0,0,0,0,0]]"",""warmupCalls"":100,""warmupMs"":3000,""calibrationMs"":50,""exportName"":""bench""}",confirm,3,36955,0.00843918319577865,311.87001499999997,1.7046509999999984,1.0836650000000034,62532,2.531379605169759,356029,3000.028295,"[{""calls"":18477,""ms"":153.95840399999997},{""calls"":18478,""ms"":157.86421900000005}]","[0.008332435135573956,0.008543360699209874]"
historical-separate,Actual15/16 cleanup confirmation,checked-runtime-row32,typescript,/home/ai/bend2/build/publish/bend/selfhost/build/phase30/runtime-cleanup-confirm-16/report.json,5e14ef8e57f0d7ccd1b879b2aae8ecdf4c51d5d6b21180afa015c262c68abd4f,34116f36cf0eb5089e5041abb10f2d0786051e8bd3f9afe350d97aad8303ae10,"{""args"":[32,17],""expected"":""[[0,2,1,1,0,0,0,1,1,0,0,2,3,1,3,1,0,1,0,0,2,1,0,0,0,2,0,2,1,0,2,1,0,0,0,0,0,0,0,0,0,0,0,0,0,0,0,0,0,0,0,0,0,0,0,0,0,0,0,0,0,0,0,0,0,0,0,0,0,0,0,0,0,0,0,0,0,0,0,0,0,0,0,0,0,0,0,0,0,0,0,0,0,0,0,0,0,0,0,0,0,0,0,0,0,0,0,0,0,0,0,0,0,0,0,0,0,0,0,0,0,0,0,0,0,0,0,0],[0,1,2,0,1,0,1,2,0,0,0,0,2,0,0,3,0,1,2,0,1,2,0,0,1,3,3,0,0,3,0,3,0,0,0,0,0,0,0,0,0,0,0,0,0,0,0,0,0,0,0,0,0,0,0,0,0,0,0,0,0,0,0,0,0,0,0,0,0,0,0,0,0,0,0,0,0,0,0,0,0,0,0,0,0,0,0,0,0,0,0,0,0,0,0,0,0,0,0,0,0,0,0,0,0,0,0,0,0,0,0,0,0,0,0,0,0,0,0,0,0,0,0,0,0,0,0,0],[0,1,1,2,3,4,5,6,7,8,9,10,11,12,13,14,15,16,17,18,19,20,21,22,23,24,25,26,27,28,29,30,31,0,0,0,0,0,0,0,0,0,0,0,0,0,0,0,0,0,0,0,0,0,0,0,0,0,0,0,0,0,0,0,0,0,0,0,0,0,0,0,0,0,0,0,0,0,0,0,0,0,0,0,0,0,0,0,0,0,0,0,0,0,0,0,0,0,0,0,0,0,0,0,0,0,0,0,0,0,0,0,0,0,0,0,0,0,0,0,0,0,0,0,0,0,0,0],[0,1,2,3,4,5,6,7,8,9,10,11,12,13,14,15,16,17,18,19,20,21,22,23,24,25,26,27,28,29,30,31,32,0,0,0,0,0,0,0,0,0,0,0,0,0,0,0,0,0,0,0,0,0,0,0,0,0,0,0,0,0,0,0,0,0,0,0,0,0,0,0,0,0,0,0,0,0,0,0,0,0,0,0,0,0,0,0,0,0,0,0,0,0,0,0,0,0,0,0,0,0,0,0,0,0,0,0,0,0,0,0,0,0,0,0,0,0,0,0,0,0,0,0,0,0,0,0]]"",""warmupCalls"":100,""warmupMs"":3000,""calibrationMs"":50,""exportName"":""bench""}",confirm,4,36955,0.008415375646056022,310.9902070000003,1.6635860000000022,1.074666999999998,62088,1.8427036940396047,356632,3000.0315849999997,"[{""calls"":18477,""ms"":154.0482649999999},{""calls"":18478,""ms"":156.8954090000002}]","[0.00833729853331168,0.008490930241368124]"
historical-separate,Actual15/16 cleanup confirmation,checked-runtime-scalar128,phase29,/home/ai/bend2/build/publish/bend/selfhost/build/phase30/runtime-cleanup-confirm-16/report.json,5e14ef8e57f0d7ccd1b879b2aae8ecdf4c51d5d6b21180afa015c262c68abd4f,4f5b099ece772ee85d8f721cb38fa062fdff556f87dc9181b9838450c100c0a4,"{""exportName"":""bench"",""args"":[128,524800],""expected"":128,""warmupCalls"":100,""warmupMs"":3000,""calibrationMs"":50}",confirm,0,732,0.3964102172131146,290.1722789999999,6.411873,19.21658999999999,70316,0.13459938580537845,7296,3000.346535,"[{""calls"":366,""ms"":144.96871499999997},{""calls"":366,""ms"":145.16384199999993}]","[0.3960893852459016,0.39662251912568286]"
historical-separate,Actual15/16 cleanup confirmation,checked-runtime-scalar128,phase29,/home/ai/bend2/build/publish/bend/selfhost/build/phase30/runtime-cleanup-confirm-16/report.json,5e14ef8e57f0d7ccd1b879b2aae8ecdf4c51d5d6b21180afa015c262c68abd4f,4f5b099ece772ee85d8f721cb38fa062fdff556f87dc9181b9838450c100c0a4,"{""exportName"":""bench"",""args"":[128,524800],""expected"":128,""warmupCalls"":100,""warmupMs"":3000,""calibrationMs"":50}",confirm,1,732,0.406255204918033,297.37881000000016,6.427310999999989,19.412281000000007,69804,1.2179910250622372,7155,3000.274566,"[{""calls"":366,""ms"":147.76414299999988},{""calls"":366,""ms"":149.563897}]","[0.4037271666666663,0.40864452732240436]"
historical-separate,Actual15/16 cleanup confirmation,checked-runtime-scalar128,phase29,/home/ai/bend2/build/publish/bend/selfhost/build/phase30/runtime-cleanup-confirm-16/report.json,5e14ef8e57f0d7ccd1b879b2aae8ecdf4c51d5d6b21180afa015c262c68abd4f,4f5b099ece772ee85d8f721cb38fa062fdff556f87dc9181b9838450c100c0a4,"{""exportName"":""bench"",""args"":[128,524800],""expected"":128,""warmupCalls"":100,""warmupMs"":3000,""calibrationMs"":50}",confirm,2,732,0.3953120204918032,289.36839899999995,6.383521999999999,19.201862,69836,-0.21198193671334575,7284,3000.270895,"[{""calls"":366,""ms"":144.81705600000032},{""calls"":366,""ms"":144.51007000000027}]","[0.3956750163934435,0.3948362568306018]"
historical-separate,Actual15/16 cleanup confirmation,checked-runtime-scalar128,phase29,/home/ai/bend2/build/publish/bend/selfhost/build/phase30/runtime-cleanup-confirm-16/report.json,5e14ef8e57f0d7ccd1b879b2aae8ecdf4c51d5d6b21180afa015c262c68abd4f,4f5b099ece772ee85d8f721cb38fa062fdff556f87dc9181b9838450c100c0a4,"{""exportName"":""bench"",""args"":[128,524800],""expected"":128,""warmupCalls"":100,""warmupMs"":3000,""calibrationMs"":50}",confirm,3,732,0.39011407240437107,285.56350099999963,6.350753000000012,19.312237000000003,67316,-0.029356976456418327,7387,3000.072534,"[{""calls"":366,""ms"":142.77696500000002},{""calls"":366,""ms"":142.73504999999977}]","[0.3901009972677596,0.38998647540983544]"
historical-separate,Actual15/16 cleanup confirmation,checked-runtime-scalar128,phase29,/home/ai/bend2/build/publish/bend/selfhost/build/phase30/runtime-cleanup-confirm-16/report.json,5e14ef8e57f0d7ccd1b879b2aae8ecdf4c51d5d6b21180afa015c262c68abd4f,4f5b099ece772ee85d8f721cb38fa062fdff556f87dc9181b9838450c100c0a4,"{""exportName"":""bench"",""args"":[128,524800],""expected"":128,""warmupCalls"":100,""warmupMs"":3000,""calibrationMs"":50}",confirm,4,732,0.42329546311475436,309.8522790000002,6.545262000000008,19.273487999999993,67308,0.5695819163234139,6808,3000.217806,"[{""calls"":366,""ms"":154.46522700000014},{""calls"":366,""ms"":155.34503300000006}]","[0.4220361393442627,0.4244399808743171]"
historical-separate,Actual15/16 cleanup confirmation,checked-runtime-scalar128,held14,/home/ai/bend2/build/publish/bend/selfhost/build/phase30/runtime-cleanup-confirm-16/report.json,5e14ef8e57f0d7ccd1b879b2aae8ecdf4c51d5d6b21180afa015c262c68abd4f,990a2a7568cdb40541883237b97e008ee785a8d8e890400b9890fe21274204f5,"{""exportName"":""bench"",""args"":[128,524800],""expected"":128,""warmupCalls"":100,""warmupMs"":3000,""calibrationMs"":50}",confirm,0,44653,0.006996780865787292,312.42725599999994,1.4047769999999957,19.814093999999997,66332,0.6002574138745276,424039,3000.027523,"[{""calls"":22326,""ms"":155.72139900000002},{""calls"":22327,""ms"":156.663145}]","[0.006974890217683419,0.007016757513324674]"
historical-separate,Actual15/16 cleanup confirmation,checked-runtime-scalar128,held14,/home/ai/bend2/build/publish/bend/selfhost/build/phase30/runtime-cleanup-confirm-16/report.json,5e14ef8e57f0d7ccd1b879b2aae8ecdf4c51d5d6b21180afa015c262c68abd4f,990a2a7568cdb40541883237b97e008ee785a8d8e890400b9890fe21274204f5,"{""exportName"":""bench"",""args"":[128,524800],""expected"":128,""warmupCalls"":100,""warmupMs"":3000,""calibrationMs"":50}",confirm,1,44653,0.006933745795355299,309.61255100000017,1.4330420000000004,20.066989,66176,0.5678593463312342,427409,3000.026514,"[{""calls"":22326,""ms"":154.34255299999995},{""calls"":22327,""ms"":155.225954}]","[0.006913130565260233,0.006952387423299145]"
historical-separate,Actual15/16 cleanup confirmation,checked-runtime-scalar128,held14,/home/ai/bend2/build/publish/bend/selfhost/build/phase30/runtime-cleanup-confirm-16/report.json,5e14ef8e57f0d7ccd1b879b2aae8ecdf4c51d5d6b21180afa015c262c68abd4f,990a2a7568cdb40541883237b97e008ee785a8d8e890400b9890fe21274204f5,"{""exportName"":""bench"",""args"":[128,524800],""expected"":128,""warmupCalls"":100,""warmupMs"":3000,""calibrationMs"":50}",confirm,2,44653,0.006973433184780419,311.38471200000004,1.5216449999999924,19.893834000000005,66540,2.9985940233042685,421002,3000.02812,"[{""calls"":22326,""ms"":153.3670960000004},{""calls"":22327,""ms"":157.97302799999989}]","[0.00686943903968469,0.007075425628163205]"
historical-separate,Actual15/16 cleanup confirmation,checked-runtime-scalar128,held14,/home/ai/bend2/build/publish/bend/selfhost/build/phase30/runtime-cleanup-confirm-16/report.json,5e14ef8e57f0d7ccd1b879b2aae8ecdf4c51d5d6b21180afa015c262c68abd4f,990a2a7568cdb40541883237b97e008ee785a8d8e890400b9890fe21274204f5,"{""exportName"":""bench"",""args"":[128,524800],""expected"":128,""warmupCalls"":100,""warmupMs"":3000,""calibrationMs"":50}",confirm,3,44653,0.00694005226972431,309.8941539999996,1.419267000000005,19.870008999999996,66224,1.63921846565378,425875,3000.029706,"[{""calls"":22326,""ms"":153.662648},{""calls"":22327,""ms"":156.18850999999995}]","[0.0068826770581384925,0.006995499171406815]"
historical-separate,Actual15/16 cleanup confirmation,checked-runtime-scalar128,held14,/home/ai/bend2/build/publish/bend/selfhost/build/phase30/runtime-cleanup-confirm-16/report.json,5e14ef8e57f0d7ccd1b879b2aae8ecdf4c51d5d6b21180afa015c262c68abd4f,990a2a7568cdb40541883237b97e008ee785a8d8e890400b9890fe21274204f5,"{""exportName"":""bench"",""args"":[128,524800],""expected"":128,""warmupCalls"":100,""warmupMs"":3000,""calibrationMs"":50}",confirm,4,44653,0.006965362439253798,311.02432899999985,1.4801089999999988,20.288685,66572,1.8296661735937247,413546,3000.031654,"[{""calls"":22326,""ms"":154.07687699999997},{""calls"":22327,""ms"":156.90299700000014}]","[0.006901230717549045,0.0070275002015496996]"
historical-separate,Actual15/16 cleanup confirmation,checked-runtime-scalar128,repair15,/home/ai/bend2/build/publish/bend/selfhost/build/phase30/runtime-cleanup-confirm-16/report.json,5e14ef8e57f0d7ccd1b879b2aae8ecdf4c51d5d6b21180afa015c262c68abd4f,da01f422be36e8fa4c5618fafd7311531b395498288a56d02fd600bc75f11035,"{""exportName"":""bench"",""args"":[128,524800],""expected"":128,""warmupCalls"":100,""warmupMs"":3000,""calibrationMs"":50}",confirm,0,44510,0.006948564974163111,309.2806270000001,1.4103120000000047,19.720932999999995,66280,1.750881882878974,424920,3000.0278980000003,"[{""calls"":22255,""ms"":153.2768729999998},{""calls"":22255,""ms"":155.9605700000002}]","[0.006887300516737803,0.007007889013704794]"
historical-separate,Actual15/16 cleanup confirmation,checked-runtime-scalar128,repair15,/home/ai/bend2/build/publish/bend/selfhost/build/phase30/runtime-cleanup-confirm-16/report.json,5e14ef8e57f0d7ccd1b879b2aae8ecdf4c51d5d6b21180afa015c262c68abd4f,da01f422be36e8fa4c5618fafd7311531b395498288a56d02fd600bc75f11035,"{""exportName"":""bench"",""args"":[128,524800],""expected"":128,""warmupCalls"":100,""warmupMs"":3000,""calibrationMs"":50}",confirm,1,44510,0.006927793507077059,308.3560889999999,1.4137719999999945,19.817885000000004,66328,1.7012467940974219,428153,3000.0702269999997,"[{""calls"":22255,""ms"":152.85595300000023},{""calls"":22255,""ms"":155.45640999999978}]","[0.006868387014154133,0.006985235228038633]"
historical-separate,Actual15/16 cleanup confirmation,checked-runtime-scalar128,repair15,/home/ai/bend2/build/publish/bend/selfhost/build/phase30/runtime-cleanup-confirm-16/report.json,5e14ef8e57f0d7ccd1b879b2aae8ecdf4c51d5d6b21180afa015c262c68abd4f,da01f422be36e8fa4c5618fafd7311531b395498288a56d02fd600bc75f11035,"{""exportName"":""bench"",""args"":[128,524800],""expected"":128,""warmupCalls"":100,""warmupMs"":3000,""calibrationMs"":50}",confirm,2,44510,0.007009078903617157,311.9741019999997,1.4274159999999938,20.140079999999998,66572,2.066728931422568,416101,3000.027046,"[{""calls"":22255,""ms"":154.3698330000002},{""calls"":22255,""ms"":157.5602389999999}]","[0.006936411278364422,0.0070797680970568376]"
historical-separate,Actual15/16 cleanup confirmation,checked-runtime-scalar128,repair15,/home/ai/bend2/build/publish/bend/selfhost/build/phase30/runtime-cleanup-confirm-16/report.json,5e14ef8e57f0d7ccd1b879b2aae8ecdf4c51d5d6b21180afa015c262c68abd4f,da01f422be36e8fa4c5618fafd7311531b395498288a56d02fd600bc75f11035,"{""exportName"":""bench"",""args"":[128,524800],""expected"":128,""warmupCalls"":100,""warmupMs"":3000,""calibrationMs"":50}",confirm,3,44510,0.006971682767917323,310.30960000000005,1.4110790000000009,19.981469999999995,66692,1.3460269073258146,423943,3000.0317710000004,"[{""calls"":22255,""ms"":154.09602799999993},{""calls"":22255,""ms"":156.17020200000024}]","[0.0069241082004044005,0.007017308559874196]"
historical-separate,Actual15/16 cleanup confirmation,checked-runtime-scalar128,repair15,/home/ai/bend2/build/publish/bend/selfhost/build/phase30/runtime-cleanup-confirm-16/report.json,5e14ef8e57f0d7ccd1b879b2aae8ecdf4c51d5d6b21180afa015c262c68abd4f,da01f422be36e8fa4c5618fafd7311531b395498288a56d02fd600bc75f11035,"{""exportName"":""bench"",""args"":[128,524800],""expected"":128,""warmupCalls"":100,""warmupMs"":3000,""calibrationMs"":50}",confirm,4,44510,0.00700932624129409,311.98511099999996,1.4431040000000053,19.910303,66256,0.9059723031426437,429269,3000.0252579999997,"[{""calls"":22255,""ms"":155.26721899999984},{""calls"":22255,""ms"":156.67389699999967}]","[0.006976734172096151,0.0070399414513592305]"
historical-separate,Actual15/16 cleanup confirmation,checked-runtime-scalar128,candidate,/home/ai/bend2/build/publish/bend/selfhost/build/phase30/runtime-cleanup-confirm-16/report.json,5e14ef8e57f0d7ccd1b879b2aae8ecdf4c51d5d6b21180afa015c262c68abd4f,1ee14607b87871419efa1067250e8ff8b7fcea3a0e1f0000067fe7ec24f1d866,"{""exportName"":""bench"",""args"":[128,524800],""expected"":128,""warmupCalls"":100,""warmupMs"":3000,""calibrationMs"":50}",confirm,0,44523,0.0070504632212564245,313.9077739999998,1.4214279999999917,19.90883699999999,66628,0.6825326667166065,420462,3000.028452,"[{""calls"":22261,""ms"":156.39115299999958},{""calls"":22262,""ms"":157.465647}]","[0.007025342662054695,0.007073292920671997]"
historical-separate,Actual15/16 cleanup confirmation,checked-runtime-scalar128,candidate,/home/ai/bend2/build/publish/bend/selfhost/build/phase30/runtime-cleanup-confirm-16/report.json,5e14ef8e57f0d7ccd1b879b2aae8ecdf4c51d5d6b21180afa015c262c68abd4f,1ee14607b87871419efa1067250e8ff8b7fcea3a0e1f0000067fe7ec24f1d866,"{""exportName"":""bench"",""args"":[128,524800],""expected"":128,""warmupCalls"":100,""warmupMs"":3000,""calibrationMs"":50}",confirm,1,44523,0.0069830318037868095,310.9055250000001,1.4520239999999944,21.152493999999997,66692,0.6835449265822691,422751,3000.073975,"[{""calls"":22261,""ms"":154.87645399999974},{""calls"":22262,""ms"":155.94210899999962}]","[0.006957299941601893,0.007004856212379823]"
historical-separate,Actual15/16 cleanup confirmation,checked-runtime-scalar128,candidate,/home/ai/bend2/build/publish/bend/selfhost/build/phase30/runtime-cleanup-confirm-16/report.json,5e14ef8e57f0d7ccd1b879b2aae8ecdf4c51d5d6b21180afa015c262c68abd4f,1ee14607b87871419efa1067250e8ff8b7fcea3a0e1f0000067fe7ec24f1d866,"{""exportName"":""bench"",""args"":[128,524800],""expected"":128,""warmupCalls"":100,""warmupMs"":3000,""calibrationMs"":50}",confirm,2,44523,0.006975062529479148,310.5507090000001,1.3977730000000008,19.725678999999992,66564,2.3802493566847938,423393,3000.031006,"[{""calls"":22261,""ms"":153.421112},{""calls"":22262,""ms"":157.07997299999988}]","[0.006891923633259961,0.0070559686012038395]"
historical-separate,Actual15/16 cleanup confirmation,checked-runtime-scalar128,candidate,/home/ai/bend2/build/publish/bend/selfhost/build/phase30/runtime-cleanup-confirm-16/report.json,5e14ef8e57f0d7ccd1b879b2aae8ecdf4c51d5d6b21180afa015c262c68abd4f,1ee14607b87871419efa1067250e8ff8b7fcea3a0e1f0000067fe7ec24f1d866,"{""exportName"":""bench"",""args"":[128,524800],""expected"":128,""warmupCalls"":100,""warmupMs"":3000,""calibrationMs"":50}",confirm,3,44523,0.006974308290097252,310.51712799999996,1.5119820000000033,19.60321100000001,66636,1.4205343368690615,425152,3000.029551,"[{""calls"":22261,""ms"":154.1380909999998},{""calls"":22262,""ms"":156.33469800000012}]","[0.006924131485557693,0.007022491150840002]"
historical-separate,Actual15/16 cleanup confirmation,checked-runtime-scalar128,candidate,/home/ai/bend2/build/publish/bend/selfhost/build/phase30/runtime-cleanup-confirm-16/report.json,5e14ef8e57f0d7ccd1b879b2aae8ecdf4c51d5d6b21180afa015c262c68abd4f,1ee14607b87871419efa1067250e8ff8b7fcea3a0e1f0000067fe7ec24f1d866,"{""exportName"":""bench"",""args"":[128,524800],""expected"":128,""warmupCalls"":100,""warmupMs"":3000,""calibrationMs"":50}",confirm,4,44523,0.0069550758933584885,309.660844,1.3991910000000018,19.759063999999995,66476,0.9825834648274023,422627,3000.030518,"[{""calls"":22261,""ms"":154.04230099999995},{""calls"":22262,""ms"":155.56288300000006}]","[0.006919828444364582,0.006987821534453331]"
historical-separate,Actual15/16 cleanup confirmation,checked-runtime-scalar128,typescript,/home/ai/bend2/build/publish/bend/selfhost/build/phase30/runtime-cleanup-confirm-16/report.json,5e14ef8e57f0d7ccd1b879b2aae8ecdf4c51d5d6b21180afa015c262c68abd4f,752a5711b92b0ba8b0e146f41e70ac3934e50965f77950d009b5e738320b594a,"{""exportName"":""bench"",""args"":[128,524800],""expected"":128,""warmupCalls"":100,""warmupMs"":3000,""calibrationMs"":50}",confirm,0,180396,0.001705563659948113,307.6768619999998,0.7361599999999981,0.8063000000000002,61016,1.3984663907510075,1689087,3000.026177,"[{""calls"":90198,""ms"":152.74946999999975},{""calls"":90198,""ms"":154.88562000000002}]","[0.001693490653894762,0.0017171735515199896]"
historical-separate,Actual15/16 cleanup confirmation,checked-runtime-scalar128,typescript,/home/ai/bend2/build/publish/bend/selfhost/build/phase30/runtime-cleanup-confirm-16/report.json,5e14ef8e57f0d7ccd1b879b2aae8ecdf4c51d5d6b21180afa015c262c68abd4f,752a5711b92b0ba8b0e146f41e70ac3934e50965f77950d009b5e738320b594a,"{""exportName"":""bench"",""args"":[128,524800],""expected"":128,""warmupCalls"":100,""warmupMs"":3000,""calibrationMs"":50}",confirm,1,180396,0.0016956495099669602,305.88838899999973,0.7374360000000024,0.8190170000000023,60652,1.0019588114953848,1690446,3000.0249519999998,"[{""calls"":90198,""ms"":152.16114500000003},{""calls"":90198,""ms"":153.6857369999998}]","[0.00168696805915874,0.0017038707842745935]"
historical-separate,Actual15/16 cleanup confirmation,checked-runtime-scalar128,typescript,/home/ai/bend2/build/publish/bend/selfhost/build/phase30/runtime-cleanup-confirm-16/report.json,5e14ef8e57f0d7ccd1b879b2aae8ecdf4c51d5d6b21180afa015c262c68abd4f,752a5711b92b0ba8b0e146f41e70ac3934e50965f77950d009b5e738320b594a,"{""exportName"":""bench"",""args"":[128,524800],""expected"":128,""warmupCalls"":100,""warmupMs"":3000,""calibrationMs"":50}",confirm,2,180396,0.0017308751857025657,312.24296000000004,0.7415360000000035,0.8101920000000007,60968,2.411299562174829,1676547,3000.0260319999998,"[{""calls"":90198,""ms"":154.24151600000005},{""calls"":90198,""ms"":157.96074099999987}]","[0.0017100325506108787,0.001751266558016806]"
historical-separate,Actual15/16 cleanup confirmation,checked-runtime-scalar128,typescript,/home/ai/bend2/build/publish/bend/selfhost/build/phase30/runtime-cleanup-confirm-16/report.json,5e14ef8e57f0d7ccd1b879b2aae8ecdf4c51d5d6b21180afa015c262c68abd4f,752a5711b92b0ba8b0e146f41e70ac3934e50965f77950d009b5e738320b594a,"{""exportName"":""bench"",""args"":[128,524800],""expected"":128,""warmupCalls"":100,""warmupMs"":3000,""calibrationMs"":50}",confirm,3,180396,0.00170297009911528,307.2089940000001,0.736187000000001,0.8216559999999973,60720,1.6155742282939922,1691562,3000.026336,"[{""calls"":90198,""ms"":152.35127899999998},{""calls"":90198,""ms"":154.81262700000025}]","[0.0016890760216412778,0.0017163642985432077]"
historical-separate,Actual15/16 cleanup confirmation,checked-runtime-scalar128,typescript,/home/ai/bend2/build/publish/bend/selfhost/build/phase30/runtime-cleanup-confirm-16/report.json,5e14ef8e57f0d7ccd1b879b2aae8ecdf4c51d5d6b21180afa015c262c68abd4f,752a5711b92b0ba8b0e146f41e70ac3934e50965f77950d009b5e738320b594a,"{""exportName"":""bench"",""args"":[128,524800],""expected"":128,""warmupCalls"":100,""warmupMs"":3000,""calibrationMs"":50}",confirm,4,180396,0.0017026113661056785,307.14428,0.7404770000000056,0.8187139999999999,60924,1.1168480884683918,1685956,3000.0257579999998,"[{""calls"":90198,""ms"":152.69829600000003},{""calls"":90198,""ms"":154.40370399999983}]","[0.0016929233020687824,0.0017118306836071736]"
historical-separate,Actual15/16 separate15-second warmup,final-runtime-cleanup-original-mandelbrot,repair15,/home/ai/bend2/build/publish/bend/selfhost/build/phase30/runtime-cleanup-long-confirm-16/report.json,85d78d8800dad999de38fa52b9bd075b1f89e3c3cd8369c7a343493fee14dd3f,6bf4e4978af75692ccccd93b840a20d99d0a8e0327e2b2391e069b0bd8a64d51,"{""args"":[2,0],""expected"":887240761,""exportName"":""bench"",""warmupCalls"":3,""warmupMs"":15000,""calibrationMs"":100}",long_warmup,0,4781,0.21125158314160203,1009.9938189999993,10.575652000000005,21.023819000000003,81440,-2.875377677930746,70593,15000.139259,"[{""calls"":2390,""ms"":512.2363330000007},{""calls"":2391,""ms"":497.71576599999935}]","[0.21432482552301285,0.20816217733166012]"
historical-separate,Actual15/16 separate15-second warmup,final-runtime-cleanup-original-mandelbrot,repair15,/home/ai/bend2/build/publish/bend/selfhost/build/phase30/runtime-cleanup-long-confirm-16/report.json,85d78d8800dad999de38fa52b9bd075b1f89e3c3cd8369c7a343493fee14dd3f,6bf4e4978af75692ccccd93b840a20d99d0a8e0327e2b2391e069b0bd8a64d51,"{""args"":[2,0],""expected"":887240761,""exportName"":""bench"",""warmupCalls"":3,""warmupMs"":15000,""calibrationMs"":100}",long_warmup,1,4781,0.21121576239280496,1009.8225600000005,10.64538300000001,20.985841999999998,79568,-0.5846314247415552,69967,15000.147756,"[{""calls"":2390,""ms"":506.26622900000075},{""calls"":2391,""ms"":503.51702599999953}]","[0.21182687405857772,0.21058846758678357]"
historical-separate,Actual15/16 separate15-second warmup,final-runtime-cleanup-original-mandelbrot,repair15,/home/ai/bend2/build/publish/bend/selfhost/build/phase30/runtime-cleanup-long-confirm-16/report.json,85d78d8800dad999de38fa52b9bd075b1f89e3c3cd8369c7a343493fee14dd3f,6bf4e4978af75692ccccd93b840a20d99d0a8e0327e2b2391e069b0bd8a64d51,"{""args"":[2,0],""expected"":887240761,""exportName"":""bench"",""warmupCalls"":3,""warmupMs"":15000,""calibrationMs"":100}",long_warmup,2,4781,0.20824523948964638,995.6204899999993,10.562639999999988,21.001094999999992,79120,0.23481354098098262,70141,15000.214758,"[{""calls"":2390,""ms"":497.101396},{""calls"":2391,""ms"":498.4771380000002}]","[0.2079922158995816,0.20848060978670022]"
historical-separate,Actual15/16 separate15-second warmup,final-runtime-cleanup-original-mandelbrot,candidate16,/home/ai/bend2/build/publish/bend/selfhost/build/phase30/runtime-cleanup-long-confirm-16/report.json,85d78d8800dad999de38fa52b9bd075b1f89e3c3cd8369c7a343493fee14dd3f,3005054c9c00215306c17c80a9df76ed50819928ce3607cc27ab97f454ea57cb,"{""args"":[2,0],""expected"":887240761,""exportName"":""bench"",""warmupCalls"":3,""warmupMs"":15000,""calibrationMs"":100}",long_warmup,0,4745,0.21054432434141201,999.032819,10.68714,21.295797000000007,80452,-0.3896641103012244,69918,15000.085159,"[{""calls"":2372,""ms"":500.36605000000054},{""calls"":2373,""ms"":498.6264280000014}]","[0.21094690134907274,0.21012491698272287]"
historical-separate,Actual15/16 separate15-second warmup,final-runtime-cleanup-original-mandelbrot,candidate16,/home/ai/bend2/build/publish/bend/selfhost/build/phase30/runtime-cleanup-long-confirm-16/report.json,85d78d8800dad999de38fa52b9bd075b1f89e3c3cd8369c7a343493fee14dd3f,3005054c9c00215306c17c80a9df76ed50819928ce3607cc27ab97f454ea57cb,"{""args"":[2,0],""expected"":887240761,""exportName"":""bench"",""warmupCalls"":3,""warmupMs"":15000,""calibrationMs"":100}",long_warmup,1,4745,0.20900681622760817,991.7373430000007,10.617565999999997,20.924748,81424,-0.10490125511348758,70375,15000.152903999999,"[{""calls"":2372,""ms"":496.00423500000034},{""calls"":2373,""ms"":495.6928090000001}]","[0.2091080248735246,0.20888866793088923]"
historical-separate,Actual15/16 separate15-second warmup,final-runtime-cleanup-original-mandelbrot,candidate16,/home/ai/bend2/build/publish/bend/selfhost/build/phase30/runtime-cleanup-long-confirm-16/report.json,85d78d8800dad999de38fa52b9bd075b1f89e3c3cd8369c7a343493fee14dd3f,3005054c9c00215306c17c80a9df76ed50819928ce3607cc27ab97f454ea57cb,"{""args"":[2,0],""expected"":887240761,""exportName"":""bench"",""warmupCalls"":3,""warmupMs"":15000,""calibrationMs"":100}",long_warmup,2,4745,0.20936286512118008,993.4267949999994,10.614546000000004,21.110844,79596,-0.025318133238649843,70072,15000.045346,"[{""calls"":2372,""ms"":496.65148600000066},{""calls"":2373,""ms"":496.73507099999915}]","[0.20938089629005086,0.20932788495575186]"
historical-separate,Actual15/16 separate15-second warmup,final-runtime-cleanup-original-mandelbrot,typescript,/home/ai/bend2/build/publish/bend/selfhost/build/phase30/runtime-cleanup-long-confirm-16/report.json,85d78d8800dad999de38fa52b9bd075b1f89e3c3cd8369c7a343493fee14dd3f,037f070e948ab7701364b7413c624bca4327db0bc6171ac4523b906d2ae9e222,"{""args"":[2,0],""expected"":887240761,""exportName"":""bench"",""warmupCalls"":3,""warmupMs"":15000,""calibrationMs"":100}",long_warmup,0,22179,0.04558054123269764,1010.9308240000009,5.798991000000001,1.1243470000000002,63520,-0.37250768831922354,327730,15000.051397,"[{""calls"":11089,""ms"":506.3630919999996},{""calls"":11090,""ms"":504.5223440000009}]","[0.04566354874199654,0.045493448512173205]"
historical-separate,Actual15/16 separate15-second warmup,final-runtime-cleanup-original-mandelbrot,typescript,/home/ai/bend2/build/publish/bend/selfhost/build/phase30/runtime-cleanup-long-confirm-16/report.json,85d78d8800dad999de38fa52b9bd075b1f89e3c3cd8369c7a343493fee14dd3f,037f070e948ab7701364b7413c624bca4327db0bc6171ac4523b906d2ae9e222,"{""args"":[2,0],""expected"":887240761,""exportName"":""bench"",""warmupCalls"":3,""warmupMs"":15000,""calibrationMs"":100}",long_warmup,1,22179,0.045639315749132034,1012.2343839999994,5.695468000000005,1.1362600000000072,63504,0.3815357347907167,328328,15000.062964,"[{""calls"":11089,""ms"":505.10705899999994},{""calls"":11090,""ms"":507.0799470000002}]","[0.045550280367932176,0.0457240709648332]"
historical-separate,Actual15/16 separate15-second warmup,final-runtime-cleanup-original-mandelbrot,typescript,/home/ai/bend2/build/publish/bend/selfhost/build/phase30/runtime-cleanup-long-confirm-16/report.json,85d78d8800dad999de38fa52b9bd075b1f89e3c3cd8369c7a343493fee14dd3f,037f070e948ab7701364b7413c624bca4327db0bc6171ac4523b906d2ae9e222,"{""args"":[2,0],""expected"":887240761,""exportName"":""bench"",""warmupCalls"":3,""warmupMs"":15000,""calibrationMs"":100}",long_warmup,2,22179,0.04558035172911315,1010.9266210000005,5.723963000000005,1.1449399999999983,63560,0.5822703951554153,328256,15000.038719999999,"[{""calls"":11089,""ms"":503.9513170000009},{""calls"":11090,""ms"":506.93138700000054}]","[0.04544605618180187,0.045710675112714205]"
historical-separate,Actual29/16 separate 15-second tree-bitonic follow-up,final16-tree-bitonic-long-warmup,typescript,/home/ai/bend2/build/publish/bend/selfhost/build/phase30/final-tree-bitonic-long-confirm-16/report.json,0a91c5b04fc8b2daee13166c2f54e7de56810a842c24996bbb80916911fe72b0,c24fff66dd20c4579b7912b42450f1574e4c0b7a84e5d8b2d3d1d1345ef2b159,"{""args"":[8,0],""expected"":971629740,""exportName"":""bench"",""warmupCalls"":3,""warmupMs"":15000,""calibrationMs"":100}",long_warmup,0,3859,0.25870268178284533,998.3336490000002,5.185842000000008,0.9801100000000034,191572,-0.01033182996390547,56211,15000.111014,"[{""calls"":1929,""ms"":499.04169},{""calls"":1930,""ms"":499.2488080000003}]","[0.25870486780715396,0.25867813886010377]"
historical-separate,Actual29/16 separate 15-second tree-bitonic follow-up,final16-tree-bitonic-long-warmup,typescript,/home/ai/bend2/build/publish/bend/selfhost/build/phase30/final-tree-bitonic-long-confirm-16/report.json,0a91c5b04fc8b2daee13166c2f54e7de56810a842c24996bbb80916911fe72b0,c24fff66dd20c4579b7912b42450f1574e4c0b7a84e5d8b2d3d1d1345ef2b159,"{""args"":[8,0],""expected"":971629740,""exportName"":""bench"",""warmupCalls"":3,""warmupMs"":15000,""calibrationMs"":100}",long_warmup,1,3859,0.2593406804871727,1000.7956859999995,5.317431999999997,0.9824350000000024,192428,-0.016711871162733427,56629,15000.116243999999,"[{""calls"":1929,""ms"":500.28762800000004},{""calls"":1930,""ms"":500.4633279999998}]","[0.2593507662001037,0.2593074238341968]"
historical-separate,Actual29/16 separate 15-second tree-bitonic follow-up,final16-tree-bitonic-long-warmup,typescript,/home/ai/bend2/build/publish/bend/selfhost/build/phase30/final-tree-bitonic-long-confirm-16/report.json,0a91c5b04fc8b2daee13166c2f54e7de56810a842c24996bbb80916911fe72b0,c24fff66dd20c4579b7912b42450f1574e4c0b7a84e5d8b2d3d1d1345ef2b159,"{""args"":[8,0],""expected"":971629740,""exportName"":""bench"",""warmupCalls"":3,""warmupMs"":15000,""calibrationMs"":100}",long_warmup,2,3859,0.261328542368489,1008.466844999999,5.164303000000004,0.9726289999999977,192536,-0.255461944014157,56324,15000.095155,"[{""calls"":1929,""ms"":504.72666799999934},{""calls"":1930,""ms"":503.69826699999976}]","[0.26165197926386696,0.26098355803108797]"
historical-separate,Actual29/16 separate 15-second tree-bitonic follow-up,final16-tree-bitonic-long-warmup,phase29,/home/ai/bend2/build/publish/bend/selfhost/build/phase30/final-tree-bitonic-long-confirm-16/report.json,0a91c5b04fc8b2daee13166c2f54e7de56810a842c24996bbb80916911fe72b0,c9e05243ea537eaa63fd394ba7e90ae67269045cddebd1a272374ab13552c867,"{""args"":[8,0],""expected"":971629740,""exportName"":""bench"",""warmupCalls"":3,""warmupMs"":15000,""calibrationMs"":100}",long_warmup,0,44,23.508582045454535,1034.3776099999995,69.04622199999999,19.543166,209192,-6.9653100398257894,644,15004.223557,"[{""calls"":22,""ms"":535.8224369999989},{""calls"":22,""ms"":498.5007429999987}]","[24.355565318181768,22.659124681818124]"
historical-separate,Actual29/16 separate 15-second tree-bitonic follow-up,final16-tree-bitonic-long-warmup,phase29,/home/ai/bend2/build/publish/bend/selfhost/build/phase30/final-tree-bitonic-long-confirm-16/report.json,0a91c5b04fc8b2daee13166c2f54e7de56810a842c24996bbb80916911fe72b0,c9e05243ea537eaa63fd394ba7e90ae67269045cddebd1a272374ab13552c867,"{""args"":[8,0],""expected"":971629740,""exportName"":""bench"",""warmupCalls"":3,""warmupMs"":15000,""calibrationMs"":100}",long_warmup,1,44,23.274130386363638,1024.061737,72.283766,19.68010900000001,209952,4.898723503393154,648,15003.612578,"[{""calls"":22,""ms"":499.7652139999991},{""calls"":22,""ms"":524.2473300000001}]","[22.716600636363594,23.829424090909097]"
historical-separate,Actual29/16 separate 15-second tree-bitonic follow-up,final16-tree-bitonic-long-warmup,phase29,/home/ai/bend2/build/publish/bend/selfhost/build/phase30/final-tree-bitonic-long-confirm-16/report.json,0a91c5b04fc8b2daee13166c2f54e7de56810a842c24996bbb80916911fe72b0,c9e05243ea537eaa63fd394ba7e90ae67269045cddebd1a272374ab13552c867,"{""args"":[8,0],""expected"":971629740,""exportName"":""bench"",""warmupCalls"":3,""warmupMs"":15000,""calibrationMs"":100}",long_warmup,2,44,23.017738681818216,1012.7805020000014,70.68331500000001,21.338540000000002,209308,0.24660093387625093,641,15000.793628,"[{""calls"":22,""ms"":505.7336889999988},{""calls"":22,""ms"":506.9808329999996}]","[22.9878949545454,23.0445833181818]"
historical-separate,Actual29/16 separate 15-second tree-bitonic follow-up,final16-tree-bitonic-long-warmup,candidate,/home/ai/bend2/build/publish/bend/selfhost/build/phase30/final-tree-bitonic-long-confirm-16/report.json,0a91c5b04fc8b2daee13166c2f54e7de56810a842c24996bbb80916911fe72b0,e99c37bada9b4c0ce24ec1aca62a8333bcf75f8d8520a888e598029df69bb3f1,"{""args"":[8,0],""expected"":971629740,""exportName"":""bench"",""warmupCalls"":3,""warmupMs"":15000,""calibrationMs"":100}",long_warmup,0,42,24.240725476190466,1018.1104699999996,72.883022,19.787743999999996,205732,0.28686651777141137,607,15007.685793,"[{""calls"":21,""ms"":508.3043539999999},{""calls"":21,""ms"":509.76250900000014}]","[24.20496923809523,24.274405190476198]"
historical-separate,Actual29/16 separate 15-second tree-bitonic follow-up,final16-tree-bitonic-long-warmup,candidate,/home/ai/bend2/build/publish/bend/selfhost/build/phase30/final-tree-bitonic-long-confirm-16/report.json,0a91c5b04fc8b2daee13166c2f54e7de56810a842c24996bbb80916911fe72b0,e99c37bada9b4c0ce24ec1aca62a8333bcf75f8d8520a888e598029df69bb3f1,"{""args"":[8,0],""expected"":971629740,""exportName"":""bench"",""warmupCalls"":3,""warmupMs"":15000,""calibrationMs"":100}",long_warmup,1,42,24.74806354761906,1039.4186690000006,73.137864,19.959035,205832,2.7162559290640376,612,15006.677818,"[{""calls"":21,""ms"":512.7202429999998},{""calls"":21,""ms"":526.6470369999988}]","[24.415249666666654,25.078430333333277]"
historical-separate,Actual29/16 separate 15-second tree-bitonic follow-up,final16-tree-bitonic-long-warmup,candidate,/home/ai/bend2/build/publish/bend/selfhost/build/phase30/final-tree-bitonic-long-confirm-16/report.json,0a91c5b04fc8b2daee13166c2f54e7de56810a842c24996bbb80916911fe72b0,e99c37bada9b4c0ce24ec1aca62a8333bcf75f8d8520a888e598029df69bb3f1,"{""args"":[8,0],""expected"":971629740,""exportName"":""bench"",""warmupCalls"":3,""warmupMs"":15000,""calibrationMs"":100}",long_warmup,2,42,24.1562103095238,1014.5608329999995,72.79489000000001,19.893518999999998,206252,-0.0291706436074346,613,15018.391196,"[{""calls"":21,""ms"":507.3319670000001},{""calls"":21,""ms"":507.1839749999999}]","[24.1586650952381,24.151617857142853]"
historical-separate,Prior checked16 transfer: mandelbrot,mandelbrot,typescript,/home/ai/bend2/build/publish/bend/selfhost/build/phase30/final-transfer-plan-16/mandelbrot-timing/report.json,a2ce036f5e2b142d9292cb80ea47ea7996c3c61b969493600d303e89cae3da4b,037f070e948ab7701364b7413c624bca4327db0bc6171ac4523b906d2ae9e222,"{""args"":[2,0],""expected"":887240761,""exportName"":""bench"",""warmupCalls"":3,""warmupMs"":1000,""calibrationMs"":100}",transfer,0,6563,0.04545158814566509,298.298773,5.657664999999994,1.1294030000000035,61080,0.6955011294587088,20688,1000.040712,"[{""calls"":3281,""ms"":148.59149700000012},{""calls"":3282,""ms"":149.67055600000003}]","[0.04528847820786349,0.045603460085313845]"
historical-separate,Prior checked16 transfer: mandelbrot,mandelbrot,typescript,/home/ai/bend2/build/publish/bend/selfhost/build/phase30/final-transfer-plan-16/mandelbrot-timing/report.json,a2ce036f5e2b142d9292cb80ea47ea7996c3c61b969493600d303e89cae3da4b,037f070e948ab7701364b7413c624bca4327db0bc6171ac4523b906d2ae9e222,"{""args"":[2,0],""expected"":887240761,""exportName"":""bench"",""warmupCalls"":3,""warmupMs"":1000,""calibrationMs"":100}",transfer,1,6563,0.04525990735943926,297.04077199999983,5.729509,1.151843999999997,60964,-0.046134816819609625,20845,1000.0243469999999,"[{""calls"":3281,""ms"":148.5160010000002},{""calls"":3282,""ms"":148.49272800000017}]","[0.04526546814995434,0.04524458500914082]"
historical-separate,Prior checked16 transfer: mandelbrot,mandelbrot,typescript,/home/ai/bend2/build/publish/bend/selfhost/build/phase30/final-transfer-plan-16/mandelbrot-timing/report.json,a2ce036f5e2b142d9292cb80ea47ea7996c3c61b969493600d303e89cae3da4b,037f070e948ab7701364b7413c624bca4327db0bc6171ac4523b906d2ae9e222,"{""args"":[2,0],""expected"":887240761,""exportName"":""bench"",""warmupCalls"":3,""warmupMs"":1000,""calibrationMs"":100}",transfer,2,6563,0.045403634923053486,297.984056,5.634219999999999,1.1138789999999972,60960,-0.859143575490684,20726,1000.0370989999999,"[{""calls"":3281,""ms"":149.59473200000002},{""calls"":3282,""ms"":148.35470099999998}]","[0.04559424931423347,0.04520252925045703]"
historical-separate,Prior checked16 transfer: mandelbrot,mandelbrot,typescript,/home/ai/bend2/build/publish/bend/selfhost/build/phase30/final-transfer-plan-16/mandelbrot-timing/report.json,a2ce036f5e2b142d9292cb80ea47ea7996c3c61b969493600d303e89cae3da4b,037f070e948ab7701364b7413c624bca4327db0bc6171ac4523b906d2ae9e222,"{""args"":[2,0],""expected"":887240761,""exportName"":""bench"",""warmupCalls"":3,""warmupMs"":1000,""calibrationMs"":100}",transfer,3,6563,0.047824326527502674,313.87105500000007,6.176847999999993,1.274688999999995,61112,-0.9015896047469663,20464,1000.0631850000001,"[{""calls"":3281,""ms"":157.60216300000002},{""calls"":3282,""ms"":156.22884}]","[0.048034795184395004,0.047601718464351]"
historical-separate,Prior checked16 transfer: mandelbrot,mandelbrot,typescript,/home/ai/bend2/build/publish/bend/selfhost/build/phase30/final-transfer-plan-16/mandelbrot-timing/report.json,a2ce036f5e2b142d9292cb80ea47ea7996c3c61b969493600d303e89cae3da4b,037f070e948ab7701364b7413c624bca4327db0bc6171ac4523b906d2ae9e222,"{""args"":[2,0],""expected"":887240761,""exportName"":""bench"",""warmupCalls"":3,""warmupMs"":1000,""calibrationMs"":100}",transfer,4,6563,0.04682824257199451,307.333756,5.637611,1.128386000000006,60956,1.038058356725835,20315,1000.050389,"[{""calls"":3281,""ms"":152.82846299999983},{""calls"":3282,""ms"":154.46197499999994}]","[0.046579842426089556,0.04706336837294331]"
historical-separate,Prior checked16 transfer: mandelbrot,mandelbrot,phase29,/home/ai/bend2/build/publish/bend/selfhost/build/phase30/final-transfer-plan-16/mandelbrot-timing/report.json,a2ce036f5e2b142d9292cb80ea47ea7996c3c61b969493600d303e89cae3da4b,11977282d5c364224eb3ac540fe3885345531d5819a68e5facfc72b03a836033,"{""args"":[2,0],""expected"":887240761,""exportName"":""bench"",""warmupCalls"":3,""warmupMs"":1000,""calibrationMs"":100}",transfer,0,15,21.416665733333335,321.24998600000004,75.95387800000002,19.869159000000003,74220,0.6877255629258894,41,1011.8574570000001,"[{""calls"":7,""ms"":149.34829100000002},{""calls"":8,""ms"":171.85759699999994}]","[21.335470142857144,21.482199624999993]"
historical-separate,Prior checked16 transfer: mandelbrot,mandelbrot,phase29,/home/ai/bend2/build/publish/bend/selfhost/build/phase30/final-transfer-plan-16/mandelbrot-timing/report.json,a2ce036f5e2b142d9292cb80ea47ea7996c3c61b969493600d303e89cae3da4b,11977282d5c364224eb3ac540fe3885345531d5819a68e5facfc72b03a836033,"{""args"":[2,0],""expected"":887240761,""exportName"":""bench"",""warmupCalls"":3,""warmupMs"":1000,""calibrationMs"":100}",transfer,1,15,22.112688399999993,331.6903259999999,76.488308,19.726543,76132,-7.2101897222525135,41,1039.10246,"[{""calls"":7,""ms"":160.95729200000005},{""calls"":8,""ms"":170.6879610000001}]","[22.993898857142863,21.33599512500001]"
historical-separate,Prior checked16 transfer: mandelbrot,mandelbrot,phase29,/home/ai/bend2/build/publish/bend/selfhost/build/phase30/final-transfer-plan-16/mandelbrot-timing/report.json,a2ce036f5e2b142d9292cb80ea47ea7996c3c61b969493600d303e89cae3da4b,11977282d5c364224eb3ac540fe3885345531d5819a68e5facfc72b03a836033,"{""args"":[2,0],""expected"":887240761,""exportName"":""bench"",""warmupCalls"":3,""warmupMs"":1000,""calibrationMs"":100}",transfer,2,15,22.261221733333333,333.918326,76.10189000000001,19.836835000000008,76268,-1.3906375782720026,41,1028.886938,"[{""calls"":7,""ms"":156.96835099999998},{""calls"":8,""ms"":176.8977030000001}]","[22.42405014285714,22.11221287500001]"
historical-separate,Prior checked16 transfer: mandelbrot,mandelbrot,phase29,/home/ai/bend2/build/publish/bend/selfhost/build/phase30/final-transfer-plan-16/mandelbrot-timing/report.json,a2ce036f5e2b142d9292cb80ea47ea7996c3c61b969493600d303e89cae3da4b,11977282d5c364224eb3ac540fe3885345531d5819a68e5facfc72b03a836033,"{""args"":[2,0],""expected"":887240761,""exportName"":""bench"",""warmupCalls"":3,""warmupMs"":1000,""calibrationMs"":100}",transfer,3,15,21.18292173333334,317.7438260000001,76.940161,20.151902999999997,72760,-1.6566544375231973,41,1019.0465119999999,"[{""calls"":7,""ms"":149.58065899999997},{""calls"":8,""ms"":168.11728500000004}]","[21.36866557142857,21.014660625000005]"
historical-separate,Prior checked16 transfer: mandelbrot,mandelbrot,phase29,/home/ai/bend2/build/publish/bend/selfhost/build/phase30/final-transfer-plan-16/mandelbrot-timing/report.json,a2ce036f5e2b142d9292cb80ea47ea7996c3c61b969493600d303e89cae3da4b,11977282d5c364224eb3ac540fe3885345531d5819a68e5facfc72b03a836033,"{""args"":[2,0],""expected"":887240761,""exportName"":""bench"",""warmupCalls"":3,""warmupMs"":1000,""calibrationMs"":100}",transfer,4,15,21.293545800000008,319.4031870000001,75.910352,19.844868999999996,74152,-1.3822513438538908,41,1017.2212250000001,"[{""calls"":7,""ms"":150.14001499999995},{""calls"":8,""ms"":169.21680300000003}]","[21.448573571428565,21.152100375000003]"
historical-separate,Prior checked16 transfer: mandelbrot,mandelbrot,candidate,/home/ai/bend2/build/publish/bend/selfhost/build/phase30/final-transfer-plan-16/mandelbrot-timing/report.json,a2ce036f5e2b142d9292cb80ea47ea7996c3c61b969493600d303e89cae3da4b,3005054c9c00215306c17c80a9df76ed50819928ce3607cc27ab97f454ea57cb,"{""args"":[2,0],""expected"":887240761,""exportName"":""bench"",""warmupCalls"":3,""warmupMs"":1000,""calibrationMs"":100}",transfer,0,1382,0.21446911287988427,296.3963140000001,10.759809999999987,21.993619999999993,71408,0.780754818184004,3805,1000.0570949999999,"[{""calls"":691,""ms"":147.6020349999999},{""calls"":691,""ms"":148.75444500000003}]","[0.21360641823444268,0.21527416063675836]"
historical-separate,Prior checked16 transfer: mandelbrot,mandelbrot,candidate,/home/ai/bend2/build/publish/bend/selfhost/build/phase30/final-transfer-plan-16/mandelbrot-timing/report.json,a2ce036f5e2b142d9292cb80ea47ea7996c3c61b969493600d303e89cae3da4b,3005054c9c00215306c17c80a9df76ed50819928ce3607cc27ab97f454ea57cb,"{""args"":[2,0],""expected"":887240761,""exportName"":""bench"",""warmupCalls"":3,""warmupMs"":1000,""calibrationMs"":100}",transfer,1,1382,0.21418115195369036,295.99835200000007,10.58959800000001,20.914640999999996,73212,-1.2953040622687984,3722,1000.111841,"[{""calls"":691,""ms"":148.93962399999987},{""calls"":691,""ms"":147.010403}]","[0.2155421476121561,0.21275022141823444]"
historical-separate,Prior checked16 transfer: mandelbrot,mandelbrot,candidate,/home/ai/bend2/build/publish/bend/selfhost/build/phase30/final-transfer-plan-16/mandelbrot-timing/report.json,a2ce036f5e2b142d9292cb80ea47ea7996c3c61b969493600d303e89cae3da4b,3005054c9c00215306c17c80a9df76ed50819928ce3607cc27ab97f454ea57cb,"{""args"":[2,0],""expected"":887240761,""exportName"":""bench"",""warmupCalls"":3,""warmupMs"":1000,""calibrationMs"":100}",transfer,2,1382,0.21253892908827793,293.7288000000001,10.748491000000001,21.828362,72340,-0.07443593784648428,3810,1000.07629,"[{""calls"":691,""ms"":146.89812899999993},{""calls"":691,""ms"":146.78878399999985}]","[0.21258774095513738,0.21242949927641078]"
historical-separate,Prior checked16 transfer: mandelbrot,mandelbrot,candidate,/home/ai/bend2/build/publish/bend/selfhost/build/phase30/final-transfer-plan-16/mandelbrot-timing/report.json,a2ce036f5e2b142d9292cb80ea47ea7996c3c61b969493600d303e89cae3da4b,3005054c9c00215306c17c80a9df76ed50819928ce3607cc27ab97f454ea57cb,"{""args"":[2,0],""expected"":887240761,""exportName"":""bench"",""warmupCalls"":3,""warmupMs"":1000,""calibrationMs"":100}",transfer,3,1382,0.21243790882778593,293.58919000000014,10.68262200000001,20.91646399999999,72036,-0.8807320869767654,3786,1000.1491390000001,"[{""calls"":691,""ms"":147.42281100000014},{""calls"":691,""ms"":146.124411}]","[0.21334704920405229,0.2114680332850941]"
historical-separate,Prior checked16 transfer: mandelbrot,mandelbrot,candidate,/home/ai/bend2/build/publish/bend/selfhost/build/phase30/final-transfer-plan-16/mandelbrot-timing/report.json,a2ce036f5e2b142d9292cb80ea47ea7996c3c61b969493600d303e89cae3da4b,3005054c9c00215306c17c80a9df76ed50819928ce3607cc27ab97f454ea57cb,"{""args"":[2,0],""expected"":887240761,""exportName"":""bench"",""warmupCalls"":3,""warmupMs"":1000,""calibrationMs"":100}",transfer,4,1382,0.2145282452966714,296.47803499999986,10.574567000000002,21.172017999999994,71444,-0.9043490899164675,3829,1000.139051,"[{""calls"":691,""ms"":148.89184},{""calls"":691,""ms"":147.54533800000013}]","[0.215472995658466,0.21352436758321292]"
historical-separate,Prior checked16 transfer: editdist,editdist,typescript,/home/ai/bend2/build/publish/bend/selfhost/build/phase30/final-transfer-plan-16/editdist-timing/report.json,0c8bad60fa376d757ca806bc913f3f12e156641d2e2c042a77215e8c65e4bdaa,33721b7770aa4e367896cf1b842cc8ec309dced3a2608e25c5709217474eabc6,"{""args"":[2,0],""expected"":2065873279,""exportName"":""bench"",""warmupCalls"":3,""warmupMs"":1000,""calibrationMs"":100}",transfer,0,61,4.957824852459017,302.427316,25.127919999999996,1.0894059999999968,76864,-0.3408681230613775,192,1000.089396,"[{""calls"":30,""ms"":148.96973000000003},{""calls"":31,""ms"":153.4106710000001}]","[4.965657666666668,4.948731322580648]"
historical-separate,Prior checked16 transfer: editdist,editdist,typescript,/home/ai/bend2/build/publish/bend/selfhost/build/phase30/final-transfer-plan-16/editdist-timing/report.json,0c8bad60fa376d757ca806bc913f3f12e156641d2e2c042a77215e8c65e4bdaa,33721b7770aa4e367896cf1b842cc8ec309dced3a2608e25c5709217474eabc6,"{""args"":[2,0],""expected"":2065873279,""exportName"":""bench"",""warmupCalls"":3,""warmupMs"":1000,""calibrationMs"":100}",transfer,1,61,4.961241868852458,302.6357539999999,26.613793,1.0934090000000012,76808,0.0732053193813087,192,1000.3012290000001,"[{""calls"":30,""ms"":148.75862399999983},{""calls"":31,""ms"":153.82977399999982}]","[4.958620799999994,4.962250774193542]"
historical-separate,Prior checked16 transfer: editdist,editdist,typescript,/home/ai/bend2/build/publish/bend/selfhost/build/phase30/final-transfer-plan-16/editdist-timing/report.json,0c8bad60fa376d757ca806bc913f3f12e156641d2e2c042a77215e8c65e4bdaa,33721b7770aa4e367896cf1b842cc8ec309dced3a2608e25c5709217474eabc6,"{""args"":[2,0],""expected"":2065873279,""exportName"":""bench"",""warmupCalls"":3,""warmupMs"":1000,""calibrationMs"":100}",transfer,2,61,4.922820180327868,300.29203099999995,28.174449999999993,1.1618840000000006,76772,-0.19454688259006314,194,1001.689937,"[{""calls"":30,""ms"":147.8079909999999},{""calls"":31,""ms"":152.43778300000008}]","[4.92693303333333,4.91734783870968]"
historical-separate,Prior checked16 transfer: editdist,editdist,typescript,/home/ai/bend2/build/publish/bend/selfhost/build/phase30/final-transfer-plan-16/editdist-timing/report.json,0c8bad60fa376d757ca806bc913f3f12e156641d2e2c042a77215e8c65e4bdaa,33721b7770aa4e367896cf1b842cc8ec309dced3a2608e25c5709217474eabc6,"{""args"":[2,0],""expected"":2065873279,""exportName"":""bench"",""warmupCalls"":3,""warmupMs"":1000,""calibrationMs"":100}",transfer,3,61,4.925713393442623,300.468517,25.05541199999999,1.051047000000004,76752,0.008775794727133857,194,1002.003436,"[{""calls"":30,""ms"":147.74178900000015},{""calls"":31,""ms"":152.67991299999994}]","[4.924726300000005,4.925158483870966]"
historical-separate,Prior checked16 transfer: editdist,editdist,typescript,/home/ai/bend2/build/publish/bend/selfhost/build/phase30/final-transfer-plan-16/editdist-timing/report.json,0c8bad60fa376d757ca806bc913f3f12e156641d2e2c042a77215e8c65e4bdaa,33721b7770aa4e367896cf1b842cc8ec309dced3a2608e25c5709217474eabc6,"{""args"":[2,0],""expected"":2065873279,""exportName"":""bench"",""warmupCalls"":3,""warmupMs"":1000,""calibrationMs"":100}",transfer,4,61,4.958414,302.463254,25.327350000000003,1.0504159999999985,76708,0.9850119005168967,193,1000.007662,"[{""calls"":30,""ms"":147.98842000000013},{""calls"":31,""ms"":154.42766099999994}]","[4.932947333333337,4.981537451612901]"
historical-separate,Prior checked16 transfer: editdist,editdist,phase29,/home/ai/bend2/build/publish/bend/selfhost/build/phase30/final-transfer-plan-16/editdist-timing/report.json,0c8bad60fa376d757ca806bc913f3f12e156641d2e2c042a77215e8c65e4bdaa,b8ef74706cdc0fc6c9205046b34b4a686ca501cee847ea43a2fcd830a0383ac3,"{""args"":[2,0],""expected"":2065873279,""exportName"":""bench"",""warmupCalls"":3,""warmupMs"":1000,""calibrationMs"":100}",transfer,0,1,2034.0661010000003,2034.0661010000003,2267.0638559999998,19.785781,79656,,3,6175.521311999999,"[{""calls"":1,""ms"":2034.0343350000003}]",[2034.0343350000003]
historical-separate,Prior checked16 transfer: editdist,editdist,phase29,/home/ai/bend2/build/publish/bend/selfhost/build/phase30/final-transfer-plan-16/editdist-timing/report.json,0c8bad60fa376d757ca806bc913f3f12e156641d2e2c042a77215e8c65e4bdaa,b8ef74706cdc0fc6c9205046b34b4a686ca501cee847ea43a2fcd830a0383ac3,"{""args"":[2,0],""expected"":2065873279,""exportName"":""bench"",""warmupCalls"":3,""warmupMs"":1000,""calibrationMs"":100}",transfer,1,1,2013.8686669999988,2013.8686669999988,2235.415897,19.699740000000006,80288,,3,6124.233759000001,"[{""calls"":1,""ms"":2013.8324859999993}]",[2013.8324859999993]
historical-separate,Prior checked16 transfer: editdist,editdist,phase29,/home/ai/bend2/build/publish/bend/selfhost/build/phase30/final-transfer-plan-16/editdist-timing/report.json,0c8bad60fa376d757ca806bc913f3f12e156641d2e2c042a77215e8c65e4bdaa,b8ef74706cdc0fc6c9205046b34b4a686ca501cee847ea43a2fcd830a0383ac3,"{""args"":[2,0],""expected"":2065873279,""exportName"":""bench"",""warmupCalls"":3,""warmupMs"":1000,""calibrationMs"":100}",transfer,2,1,2038.3866560000006,2038.3866560000006,2235.434879,19.615203,79344,,3,6161.058772,"[{""calls"":1,""ms"":2038.3549949999997}]",[2038.3549949999997]
historical-separate,Prior checked16 transfer: editdist,editdist,phase29,/home/ai/bend2/build/publish/bend/selfhost/build/phase30/final-transfer-plan-16/editdist-timing/report.json,0c8bad60fa376d757ca806bc913f3f12e156641d2e2c042a77215e8c65e4bdaa,b8ef74706cdc0fc6c9205046b34b4a686ca501cee847ea43a2fcd830a0383ac3,"{""args"":[2,0],""expected"":2065873279,""exportName"":""bench"",""warmupCalls"":3,""warmupMs"":1000,""calibrationMs"":100}",transfer,3,1,2047.0518350000002,2047.0518350000002,2253.866399,19.661371000000003,79304,,3,6198.382215,"[{""calls"":1,""ms"":2047.0174099999986}]",[2047.0174099999986]
historical-separate,Prior checked16 transfer: editdist,editdist,phase29,/home/ai/bend2/build/publish/bend/selfhost/build/phase30/final-transfer-plan-16/editdist-timing/report.json,0c8bad60fa376d757ca806bc913f3f12e156641d2e2c042a77215e8c65e4bdaa,b8ef74706cdc0fc6c9205046b34b4a686ca501cee847ea43a2fcd830a0383ac3,"{""args"":[2,0],""expected"":2065873279,""exportName"":""bench"",""warmupCalls"":3,""warmupMs"":1000,""calibrationMs"":100}",transfer,4,1,2027.0065479999994,2027.0065479999994,2236.485623,19.630705999999996,79672,,3,6135.976176000001,"[{""calls"":1,""ms"":2026.973333}]",[2026.973333]
historical-separate,Prior checked16 transfer: editdist,editdist,candidate,/home/ai/bend2/build/publish/bend/selfhost/build/phase30/final-transfer-plan-16/editdist-timing/report.json,0c8bad60fa376d757ca806bc913f3f12e156641d2e2c042a77215e8c65e4bdaa,8b479d5091961d94eb81a0423f67b390a8ee2f7e2a90d906dc299b4c54336f5c,"{""args"":[2,0],""expected"":2065873279,""exportName"":""bench"",""warmupCalls"":3,""warmupMs"":1000,""calibrationMs"":100}",transfer,0,1,2040.376703,2040.376703,2230.046301,20.095514,78956,,3,6140.7333340000005,"[{""calls"":1,""ms"":2040.3314900000005}]",[2040.3314900000005]
historical-separate,Prior checked16 transfer: editdist,editdist,candidate,/home/ai/bend2/build/publish/bend/selfhost/build/phase30/final-transfer-plan-16/editdist-timing/report.json,0c8bad60fa376d757ca806bc913f3f12e156641d2e2c042a77215e8c65e4bdaa,8b479d5091961d94eb81a0423f67b390a8ee2f7e2a90d906dc299b4c54336f5c,"{""args"":[2,0],""expected"":2065873279,""exportName"":""bench"",""warmupCalls"":3,""warmupMs"":1000,""calibrationMs"":100}",transfer,1,1,2026.2265509999997,2026.2265509999997,2247.51964,20.159662999999995,79240,,3,6128.732591999999,"[{""calls"":1,""ms"":2026.1918810000006}]",[2026.1918810000006]
historical-separate,Prior checked16 transfer: editdist,editdist,candidate,/home/ai/bend2/build/publish/bend/selfhost/build/phase30/final-transfer-plan-16/editdist-timing/report.json,0c8bad60fa376d757ca806bc913f3f12e156641d2e2c042a77215e8c65e4bdaa,8b479d5091961d94eb81a0423f67b390a8ee2f7e2a90d906dc299b4c54336f5c,"{""args"":[2,0],""expected"":2065873279,""exportName"":""bench"",""warmupCalls"":3,""warmupMs"":1000,""calibrationMs"":100}",transfer,2,1,2025.089781999999,2025.089781999999,2239.501,19.962759,78316,,3,6188.129681,"[{""calls"":1,""ms"":2025.0561719999987}]",[2025.0561719999987]
historical-separate,Prior checked16 transfer: editdist,editdist,candidate,/home/ai/bend2/build/publish/bend/selfhost/build/phase30/final-transfer-plan-16/editdist-timing/report.json,0c8bad60fa376d757ca806bc913f3f12e156641d2e2c042a77215e8c65e4bdaa,8b479d5091961d94eb81a0423f67b390a8ee2f7e2a90d906dc299b4c54336f5c,"{""args"":[2,0],""expected"":2065873279,""exportName"":""bench"",""warmupCalls"":3,""warmupMs"":1000,""calibrationMs"":100}",transfer,3,1,2028.2161199999991,2028.2161199999991,2274.7774679999998,20.222325000000005,79020,,3,6156.977448,"[{""calls"":1,""ms"":2028.1802719999996}]",[2028.1802719999996]
historical-separate,Prior checked16 transfer: editdist,editdist,candidate,/home/ai/bend2/build/publish/bend/selfhost/build/phase30/final-transfer-plan-16/editdist-timing/report.json,0c8bad60fa376d757ca806bc913f3f12e156641d2e2c042a77215e8c65e4bdaa,8b479d5091961d94eb81a0423f67b390a8ee2f7e2a90d906dc299b4c54336f5c,"{""args"":[2,0],""expected"":2065873279,""exportName"":""bench"",""warmupCalls"":3,""warmupMs"":1000,""calibrationMs"":100}",transfer,4,1,2019.643813999999,2019.643813999999,2241.719888,20.161801999999994,78840,,3,6291.219814999999,"[{""calls"":1,""ms"":2019.5963110000012}]",[2019.5963110000012]
historical-separate,Prior checked16 transfer: tree-bitonic,tree-bitonic,typescript,/home/ai/bend2/build/publish/bend/selfhost/build/phase30/final-transfer-plan-16/tree-bitonic-timing/report.json,c9e37a3d4beda81b7f29043ca9ff85d4b6365ac2f5be2e505ae1dec4baff3f26,c24fff66dd20c4579b7912b42450f1574e4c0b7a84e5d8b2d3d1d1345ef2b159,"{""args"":[8,0],""expected"":971629740,""exportName"":""bench"",""warmupCalls"":3,""warmupMs"":1000,""calibrationMs"":100}",transfer,0,1096,0.2713425739051094,297.39146099999994,5.233228999999994,0.9988019999999977,91708,1.9903793197320052,3442,1000.0911970000001,"[{""calls"":548,""ms"":147.20892500000014},{""calls"":548,""ms"":150.13894099999993}]","[0.268629425182482,0.27397616970802907]"
historical-separate,Prior checked16 transfer: tree-bitonic,tree-bitonic,typescript,/home/ai/bend2/build/publish/bend/selfhost/build/phase30/final-transfer-plan-16/tree-bitonic-timing/report.json,c9e37a3d4beda81b7f29043ca9ff85d4b6365ac2f5be2e505ae1dec4baff3f26,c24fff66dd20c4579b7912b42450f1574e4c0b7a84e5d8b2d3d1d1345ef2b159,"{""args"":[8,0],""expected"":971629740,""exportName"":""bench"",""warmupCalls"":3,""warmupMs"":1000,""calibrationMs"":100}",transfer,1,1096,0.27325283120437954,299.485103,5.190742999999998,0.9558359999999908,91856,1.9803545088852736,3473,1000.1215699999999,"[{""calls"":548,""ms"":148.25315299999988},{""calls"":548,""ms"":151.18909099999996}]","[0.2705349507299268,0.27589250182481745]"
historical-separate,Prior checked16 transfer: tree-bitonic,tree-bitonic,typescript,/home/ai/bend2/build/publish/bend/selfhost/build/phase30/final-transfer-plan-16/tree-bitonic-timing/report.json,c9e37a3d4beda81b7f29043ca9ff85d4b6365ac2f5be2e505ae1dec4baff3f26,c24fff66dd20c4579b7912b42450f1574e4c0b7a84e5d8b2d3d1d1345ef2b159,"{""args"":[8,0],""expected"":971629740,""exportName"":""bench"",""warmupCalls"":3,""warmupMs"":1000,""calibrationMs"":100}",transfer,2,1096,0.27414642700729935,300.4644840000001,5.159842999999995,0.9654620000000023,91860,1.9963958242307234,3388,1000.002399,"[{""calls"":548,""ms"":148.72526599999992},{""calls"":548,""ms"":151.69441099999995}]","[0.27139647080291956,0.2768146186131386]"
historical-separate,Prior checked16 transfer: tree-bitonic,tree-bitonic,typescript,/home/ai/bend2/build/publish/bend/selfhost/build/phase30/final-transfer-plan-16/tree-bitonic-timing/report.json,c9e37a3d4beda81b7f29043ca9ff85d4b6365ac2f5be2e505ae1dec4baff3f26,c24fff66dd20c4579b7912b42450f1574e4c0b7a84e5d8b2d3d1d1345ef2b159,"{""args"":[8,0],""expected"":971629740,""exportName"":""bench"",""warmupCalls"":3,""warmupMs"":1000,""calibrationMs"":100}",transfer,3,1096,0.27187443156934304,297.974377,5.328189999999999,1.0173539999999974,91700,2.1483466823265296,3454,1000.0710329999999,"[{""calls"":548,""ms"":147.3827769999998},{""calls"":548,""ms"":150.54907000000003}]","[0.26894667335766387,0.27472458029197083]"
historical-separate,Prior checked16 transfer: tree-bitonic,tree-bitonic,typescript,/home/ai/bend2/build/publish/bend/selfhost/build/phase30/final-transfer-plan-16/tree-bitonic-timing/report.json,c9e37a3d4beda81b7f29043ca9ff85d4b6365ac2f5be2e505ae1dec4baff3f26,c24fff66dd20c4579b7912b42450f1574e4c0b7a84e5d8b2d3d1d1345ef2b159,"{""args"":[8,0],""expected"":971629740,""exportName"":""bench"",""warmupCalls"":3,""warmupMs"":1000,""calibrationMs"":100}",transfer,4,1096,0.2747054461678831,301.0771689999999,5.159851000000003,0.9786280000000005,91872,0.9560086834227377,3482,1000.2022880000001,"[{""calls"":548,""ms"":149.80083600000012},{""calls"":548,""ms"":151.23294499999997}]","[0.27335918978102214,0.27597252737226274]"
historical-separate,Prior checked16 transfer: tree-bitonic,tree-bitonic,phase29,/home/ai/bend2/build/publish/bend/selfhost/build/phase30/final-transfer-plan-16/tree-bitonic-timing/report.json,c9e37a3d4beda81b7f29043ca9ff85d4b6365ac2f5be2e505ae1dec4baff3f26,c9e05243ea537eaa63fd394ba7e90ae67269045cddebd1a272374ab13552c867,"{""args"":[8,0],""expected"":971629740,""exportName"":""bench"",""warmupCalls"":3,""warmupMs"":1000,""calibrationMs"":100}",transfer,0,10,26.102275499999998,261.02275499999996,69.17472,19.789937000000002,100448,-20.449654994370725,37,1005.5258990000001,"[{""calls"":5,""ms"":145.3502370000001},{""calls"":5,""ms"":115.6266149999999}]","[29.07004740000002,23.12532299999998]"
historical-separate,Prior checked16 transfer: tree-bitonic,tree-bitonic,phase29,/home/ai/bend2/build/publish/bend/selfhost/build/phase30/final-transfer-plan-16/tree-bitonic-timing/report.json,c9e37a3d4beda81b7f29043ca9ff85d4b6365ac2f5be2e505ae1dec4baff3f26,c9e05243ea537eaa63fd394ba7e90ae67269045cddebd1a272374ab13552c867,"{""args"":[8,0],""expected"":971629740,""exportName"":""bench"",""warmupCalls"":3,""warmupMs"":1000,""calibrationMs"":100}",transfer,1,10,25.876330500000016,258.7633050000002,69.031628,19.478629000000005,100188,-20.584596541795364,37,1004.8070509999999,"[{""calls"":5,""ms"":144.2002030000001},{""calls"":5,""ms"":114.51717300000018}]","[28.84004060000002,22.903434600000036]"
historical-separate,Prior checked16 transfer: tree-bitonic,tree-bitonic,phase29,/home/ai/bend2/build/publish/bend/selfhost/build/phase30/final-transfer-plan-16/tree-bitonic-timing/report.json,c9e37a3d4beda81b7f29043ca9ff85d4b6365ac2f5be2e505ae1dec4baff3f26,c9e05243ea537eaa63fd394ba7e90ae67269045cddebd1a272374ab13552c867,"{""args"":[8,0],""expected"":971629740,""exportName"":""bench"",""warmupCalls"":3,""warmupMs"":1000,""calibrationMs"":100}",transfer,2,10,26.04744059999998,260.4744059999998,77.103202,22.500602999999998,100420,-19.577781751729752,37,1015.8982260000001,"[{""calls"":5,""ms"":144.33994800000005},{""calls"":5,""ms"":116.08138799999983}]","[28.86798960000001,23.216277599999966]"
historical-separate,Prior checked16 transfer: tree-bitonic,tree-bitonic,phase29,/home/ai/bend2/build/publish/bend/selfhost/build/phase30/final-transfer-plan-16/tree-bitonic-timing/report.json,c9e37a3d4beda81b7f29043ca9ff85d4b6365ac2f5be2e505ae1dec4baff3f26,c9e05243ea537eaa63fd394ba7e90ae67269045cddebd1a272374ab13552c867,"{""args"":[8,0],""expected"":971629740,""exportName"":""bench"",""warmupCalls"":3,""warmupMs"":1000,""calibrationMs"":100}",transfer,3,10,26.268455000000017,262.6845500000002,69.77302599999999,19.596128999999998,100280,-19.457533282085127,37,1015.109269,"[{""calls"":5,""ms"":145.47255599999994},{""calls"":5,""ms"":117.16718500000002}]","[29.09451119999999,23.433437000000005]"
historical-separate,Prior checked16 transfer: tree-bitonic,tree-bitonic,phase29,/home/ai/bend2/build/publish/bend/selfhost/build/phase30/final-transfer-plan-16/tree-bitonic-timing/report.json,c9e37a3d4beda81b7f29043ca9ff85d4b6365ac2f5be2e505ae1dec4baff3f26,c9e05243ea537eaa63fd394ba7e90ae67269045cddebd1a272374ab13552c867,"{""args"":[8,0],""expected"":971629740,""exportName"":""bench"",""warmupCalls"":3,""warmupMs"":1000,""calibrationMs"":100}",transfer,4,10,26.040267100000005,260.40267100000005,69.334023,19.653519000000003,100208,-19.956921201435517,37,1006.803798,"[{""calls"":5,""ms"":144.60895400000004},{""calls"":5,""ms"":115.74945899999989}]","[28.921790800000007,23.149891799999978]"
historical-separate,Prior checked16 transfer: tree-bitonic,tree-bitonic,candidate,/home/ai/bend2/build/publish/bend/selfhost/build/phase30/final-transfer-plan-16/tree-bitonic-timing/report.json,c9e37a3d4beda81b7f29043ca9ff85d4b6365ac2f5be2e505ae1dec4baff3f26,e99c37bada9b4c0ce24ec1aca62a8333bcf75f8d8520a888e598029df69bb3f1,"{""args"":[8,0],""expected"":971629740,""exportName"":""bench"",""warmupCalls"":3,""warmupMs"":1000,""calibrationMs"":100}",transfer,0,10,26.9156518,269.156518,73.238725,20.311411999999997,100244,-17.535711969762325,36,1019.2171480000002,"[{""calls"":5,""ms"":147.486404},{""calls"":5,""ms"":121.62361299999998}]","[29.4972808,24.324722599999994]"
historical-separate,Prior checked16 transfer: tree-bitonic,tree-bitonic,candidate,/home/ai/bend2/build/publish/bend/selfhost/build/phase30/final-transfer-plan-16/tree-bitonic-timing/report.json,c9e37a3d4beda81b7f29043ca9ff85d4b6365ac2f5be2e505ae1dec4baff3f26,e99c37bada9b4c0ce24ec1aca62a8333bcf75f8d8520a888e598029df69bb3f1,"{""args"":[8,0],""expected"":971629740,""exportName"":""bench"",""warmupCalls"":3,""warmupMs"":1000,""calibrationMs"":100}",transfer,1,10,26.938267600000017,269.3826760000002,73.13075900000001,20.267776999999995,100604,-17.80148311801205,36,1016.6604530000001,"[{""calls"":5,""ms"":147.8249189999999},{""calls"":5,""ms"":121.50989099999993}]","[29.564983799999982,24.301978199999986]"
historical-separate,Prior checked16 transfer: tree-bitonic,tree-bitonic,candidate,/home/ai/bend2/build/publish/bend/selfhost/build/phase30/final-transfer-plan-16/tree-bitonic-timing/report.json,c9e37a3d4beda81b7f29043ca9ff85d4b6365ac2f5be2e505ae1dec4baff3f26,e99c37bada9b4c0ce24ec1aca62a8333bcf75f8d8520a888e598029df69bb3f1,"{""args"":[8,0],""expected"":971629740,""exportName"":""bench"",""warmupCalls"":3,""warmupMs"":1000,""calibrationMs"":100}",transfer,2,10,27.104498999999986,271.04498999999987,73.65006400000001,19.912659999999995,100720,-17.29482917872296,36,1024.26331,"[{""calls"":5,""ms"":148.32525800000008},{""calls"":5,""ms"":122.67265799999996}]","[29.665051600000016,24.53453159999999]"
historical-separate,Prior checked16 transfer: tree-bitonic,tree-bitonic,candidate,/home/ai/bend2/build/publish/bend/selfhost/build/phase30/final-transfer-plan-16/tree-bitonic-timing/report.json,c9e37a3d4beda81b7f29043ca9ff85d4b6365ac2f5be2e505ae1dec4baff3f26,e99c37bada9b4c0ce24ec1aca62a8333bcf75f8d8520a888e598029df69bb3f1,"{""args"":[8,0],""expected"":971629740,""exportName"":""bench"",""warmupCalls"":3,""warmupMs"":1000,""calibrationMs"":100}",transfer,3,10,26.919272799999998,269.192728,72.891317,19.82298200000001,100160,-17.80192112222413,36,1016.9605190000001,"[{""calls"":5,""ms"":147.72095000000013},{""calls"":5,""ms"":121.42378299999996}]","[29.544190000000025,24.28475659999999]"
historical-separate,Prior checked16 transfer: tree-bitonic,tree-bitonic,candidate,/home/ai/bend2/build/publish/bend/selfhost/build/phase30/final-transfer-plan-16/tree-bitonic-timing/report.json,c9e37a3d4beda81b7f29043ca9ff85d4b6365ac2f5be2e505ae1dec4baff3f26,e99c37bada9b4c0ce24ec1aca62a8333bcf75f8d8520a888e598029df69bb3f1,"{""args"":[8,0],""expected"":971629740,""exportName"":""bench"",""warmupCalls"":3,""warmupMs"":1000,""calibrationMs"":100}",transfer,4,10,26.971300300000006,269.71300300000007,72.98071999999999,19.77002600000001,100408,-17.44889388169042,36,1022.802686,"[{""calls"":5,""ms"":147.72022900000002},{""calls"":5,""ms"":121.94468299999994}]","[29.544045800000003,24.388936599999987]"
historical-separate,Prior checked16 transfer: lexer,lexer,typescript,/home/ai/bend2/build/publish/bend/selfhost/build/phase30/final-transfer-plan-16/lexer-timing/report.json,5ad152db5b00f3ad480b6c4f6501c927183086c7d0f08b89d17b90a28ceab34a,2d9378dfdcacc5904f4b2ac65fd90ba1dcc4a51d9c68b00f6042c42aaeadbbba,"{""args"":[8,0],""expected"":1822208108,""exportName"":""bench"",""warmupCalls"":3,""warmupMs"":1000,""calibrationMs"":100}",transfer,0,157,1.9195492929936298,301.3692389999999,20.641849,1.1250959999999992,63636,-0.5006070254377382,503,1001.356259,"[{""calls"":78,""ms"":150.08395500000006},{""calls"":79,""ms"":151.24714500000005}]","[1.92415326923077,1.9145208227848107]"
historical-separate,Prior checked16 transfer: lexer,lexer,typescript,/home/ai/bend2/build/publish/bend/selfhost/build/phase30/final-transfer-plan-16/lexer-timing/report.json,5ad152db5b00f3ad480b6c4f6501c927183086c7d0f08b89d17b90a28ceab34a,2d9378dfdcacc5904f4b2ac65fd90ba1dcc4a51d9c68b00f6042c42aaeadbbba,"{""args"":[8,0],""expected"":1822208108,""exportName"":""bench"",""warmupCalls"":3,""warmupMs"":1000,""calibrationMs"":100}",transfer,1,157,1.9330533821656042,303.48938099999987,20.185534000000004,1.1292139999999904,63544,0.28388129183958277,505,1001.510206,"[{""calls"":78,""ms"":150.54230600000005},{""calls"":79,""ms"":152.90517599999998}]","[1.9300295641025649,1.9355085569620252]"
historical-separate,Prior checked16 transfer: lexer,lexer,typescript,/home/ai/bend2/build/publish/bend/selfhost/build/phase30/final-transfer-plan-16/lexer-timing/report.json,5ad152db5b00f3ad480b6c4f6501c927183086c7d0f08b89d17b90a28ceab34a,2d9378dfdcacc5904f4b2ac65fd90ba1dcc4a51d9c68b00f6042c42aaeadbbba,"{""args"":[8,0],""expected"":1822208108,""exportName"":""bench"",""warmupCalls"":3,""warmupMs"":1000,""calibrationMs"":100}",transfer,2,157,1.910421082802547,299.93610999999987,20.238928,1.1190870000000004,63444,-0.6688136463670613,506,1001.7000999999999,"[{""calls"":78,""ms"":149.4968019999999},{""calls"":79,""ms"":150.40075399999978}]","[1.9166256666666652,1.903807012658225]"
historical-separate,Prior checked16 transfer: lexer,lexer,typescript,/home/ai/bend2/build/publish/bend/selfhost/build/phase30/final-transfer-plan-16/lexer-timing/report.json,5ad152db5b00f3ad480b6c4f6501c927183086c7d0f08b89d17b90a28ceab34a,2d9378dfdcacc5904f4b2ac65fd90ba1dcc4a51d9c68b00f6042c42aaeadbbba,"{""args"":[8,0],""expected"":1822208108,""exportName"":""bench"",""warmupCalls"":3,""warmupMs"":1000,""calibrationMs"":100}",transfer,3,157,1.915327127388535,300.706359,20.008947999999997,1.1470950000000002,63432,0.34667224353068793,502,1000.2834549999999,"[{""calls"":78,""ms"":149.115274},{""calls"":79,""ms"":151.55057699999998}]","[1.9117342820512822,1.9183617341772148]"
historical-separate,Prior checked16 transfer: lexer,lexer,typescript,/home/ai/bend2/build/publish/bend/selfhost/build/phase30/final-transfer-plan-16/lexer-timing/report.json,5ad152db5b00f3ad480b6c4f6501c927183086c7d0f08b89d17b90a28ceab34a,2d9378dfdcacc5904f4b2ac65fd90ba1dcc4a51d9c68b00f6042c42aaeadbbba,"{""args"":[8,0],""expected"":1822208108,""exportName"":""bench"",""warmupCalls"":3,""warmupMs"":1000,""calibrationMs"":100}",transfer,4,157,2.0188250636942677,316.95553500000005,20.262709,1.133347999999998,64064,6.783958594426331,506,1001.106354,"[{""calls"":78,""ms"":152.2479800000001},{""calls"":79,""ms"":164.66073299999994}]","[1.9518971794871807,2.084313075949366]"
historical-separate,Prior checked16 transfer: lexer,lexer,phase29,/home/ai/bend2/build/publish/bend/selfhost/build/phase30/final-transfer-plan-16/lexer-timing/report.json,5ad152db5b00f3ad480b6c4f6501c927183086c7d0f08b89d17b90a28ceab34a,1f5e140803c8a6f19eadc7dd8880b7a9372f9a70fc80a81dd98b886104d85d7d,"{""args"":[8,0],""expected"":1822208108,""exportName"":""bench"",""warmupCalls"":3,""warmupMs"":1000,""calibrationMs"":100}",transfer,0,2,176.3610910000001,352.7221820000002,320.795435,19.839793,71668,0.8214599943590306,5,1029.140491,"[{""calls"":1,""ms"":175.61902099999998},{""calls"":1,""ms"":177.06166099999996}]","[175.61902099999998,177.06166099999996]"
historical-separate,Prior checked16 transfer: lexer,lexer,phase29,/home/ai/bend2/build/publish/bend/selfhost/build/phase30/final-transfer-plan-16/lexer-timing/report.json,5ad152db5b00f3ad480b6c4f6501c927183086c7d0f08b89d17b90a28ceab34a,1f5e140803c8a6f19eadc7dd8880b7a9372f9a70fc80a81dd98b886104d85d7d,"{""args"":[8,0],""expected"":1822208108,""exportName"":""bench"",""warmupCalls"":3,""warmupMs"":1000,""calibrationMs"":100}",transfer,1,2,176.05472050000003,352.10944100000006,318.037734,20.333068999999995,72260,-0.4018347644154985,5,1027.718697,"[{""calls"":1,""ms"":176.388422},{""calls"":1,""ms"":175.67963200000008}]","[176.388422,175.67963200000008]"
historical-separate,Prior checked16 transfer: lexer,lexer,phase29,/home/ai/bend2/build/publish/bend/selfhost/build/phase30/final-transfer-plan-16/lexer-timing/report.json,5ad152db5b00f3ad480b6c4f6501c927183086c7d0f08b89d17b90a28ceab34a,1f5e140803c8a6f19eadc7dd8880b7a9372f9a70fc80a81dd98b886104d85d7d,"{""args"":[8,0],""expected"":1822208108,""exportName"":""bench"",""warmupCalls"":3,""warmupMs"":1000,""calibrationMs"":100}",transfer,2,2,174.51859250000007,349.03718500000014,322.62030000000004,20.292079,72144,-0.33385041006495086,5,1015.245975,"[{""calls"":1,""ms"":174.7896609999998},{""calls"":1,""ms"":174.20612500000016}]","[174.7896609999998,174.20612500000016]"
historical-separate,Prior checked16 transfer: lexer,lexer,phase29,/home/ai/bend2/build/publish/bend/selfhost/build/phase30/final-transfer-plan-16/lexer-timing/report.json,5ad152db5b00f3ad480b6c4f6501c927183086c7d0f08b89d17b90a28ceab34a,1f5e140803c8a6f19eadc7dd8880b7a9372f9a70fc80a81dd98b886104d85d7d,"{""args"":[8,0],""expected"":1822208108,""exportName"":""bench"",""warmupCalls"":3,""warmupMs"":1000,""calibrationMs"":100}",transfer,3,2,175.19857450000006,350.3971490000001,318.444526,19.970634999999987,71548,-0.5725066524779776,5,1050.085524,"[{""calls"":1,""ms"":175.68040400000018},{""calls"":1,""ms"":174.674622}]","[175.68040400000018,174.674622]"
historical-separate,Prior checked16 transfer: lexer,lexer,phase29,/home/ai/bend2/build/publish/bend/selfhost/build/phase30/final-transfer-plan-16/lexer-timing/report.json,5ad152db5b00f3ad480b6c4f6501c927183086c7d0f08b89d17b90a28ceab34a,1f5e140803c8a6f19eadc7dd8880b7a9372f9a70fc80a81dd98b886104d85d7d,"{""args"":[8,0],""expected"":1822208108,""exportName"":""bench"",""warmupCalls"":3,""warmupMs"":1000,""calibrationMs"":100}",transfer,4,2,178.02724349999994,356.0544869999999,323.30427199999997,21.138489999999997,72108,1.538492264865643,5,1024.4731299999999,"[{""calls"":1,""ms"":176.64586700000018},{""calls"":1,""ms"":179.36355000000003}]","[176.64586700000018,179.36355000000003]"
historical-separate,Prior checked16 transfer: lexer,lexer,candidate,/home/ai/bend2/build/publish/bend/selfhost/build/phase30/final-transfer-plan-16/lexer-timing/report.json,5ad152db5b00f3ad480b6c4f6501c927183086c7d0f08b89d17b90a28ceab34a,28fb317b8c264fd4b71abecfdd7615fb4f7a8c5a1822bb6b74d64bd5b1d50c8c,"{""args"":[8,0],""expected"":1822208108,""exportName"":""bench"",""warmupCalls"":3,""warmupMs"":1000,""calibrationMs"":100}",transfer,0,2,176.1591095,352.318219,302.71538000000004,20.265742000000003,71504,-0.7109547960521878,5,1022.869058,"[{""calls"":1,""ms"":176.76721599999996},{""calls"":1,""ms"":175.51048100000003}]","[176.76721599999996,175.51048100000003]"
historical-separate,Prior checked16 transfer: lexer,lexer,candidate,/home/ai/bend2/build/publish/bend/selfhost/build/phase30/final-transfer-plan-16/lexer-timing/report.json,5ad152db5b00f3ad480b6c4f6501c927183086c7d0f08b89d17b90a28ceab34a,28fb317b8c264fd4b71abecfdd7615fb4f7a8c5a1822bb6b74d64bd5b1d50c8c,"{""args"":[8,0],""expected"":1822208108,""exportName"":""bench"",""warmupCalls"":3,""warmupMs"":1000,""calibrationMs"":100}",transfer,1,2,177.576867,355.153734,305.431898,20.182332000000002,71588,-0.21596353971999882,5,1023.5932950000001,"[{""calls"":1,""ms"":177.748059},{""calls"":1,""ms"":177.364188}]","[177.748059,177.364188]"
historical-separate,Prior checked16 transfer: lexer,lexer,candidate,/home/ai/bend2/build/publish/bend/selfhost/build/phase30/final-transfer-plan-16/lexer-timing/report.json,5ad152db5b00f3ad480b6c4f6501c927183086c7d0f08b89d17b90a28ceab34a,28fb317b8c264fd4b71abecfdd7615fb4f7a8c5a1822bb6b74d64bd5b1d50c8c,"{""args"":[8,0],""expected"":1822208108,""exportName"":""bench"",""warmupCalls"":3,""warmupMs"":1000,""calibrationMs"":100}",transfer,2,2,178.378777,356.757554,301.390416,20.293723999999997,71496,-4.191086579693836,5,1017.308131,"[{""calls"":1,""ms"":182.17509600000017},{""calls"":1,""ms"":174.5399799999998}]","[182.17509600000017,174.5399799999998]"
historical-separate,Prior checked16 transfer: lexer,lexer,candidate,/home/ai/bend2/build/publish/bend/selfhost/build/phase30/final-transfer-plan-16/lexer-timing/report.json,5ad152db5b00f3ad480b6c4f6501c927183086c7d0f08b89d17b90a28ceab34a,28fb317b8c264fd4b71abecfdd7615fb4f7a8c5a1822bb6b74d64bd5b1d50c8c,"{""args"":[8,0],""expected"":1822208108,""exportName"":""bench"",""warmupCalls"":3,""warmupMs"":1000,""calibrationMs"":100}",transfer,3,2,175.69048249999992,351.38096499999983,304.677468,20.319323000000004,71292,-0.5374568363522458,5,1020.6764720000001,"[{""calls"":1,""ms"":176.14214500000003},{""calls"":1,""ms"":175.19545700000003}]","[176.14214500000003,175.19545700000003]"
historical-separate,Prior checked16 transfer: lexer,lexer,candidate,/home/ai/bend2/build/publish/bend/selfhost/build/phase30/final-transfer-plan-16/lexer-timing/report.json,5ad152db5b00f3ad480b6c4f6501c927183086c7d0f08b89d17b90a28ceab34a,28fb317b8c264fd4b71abecfdd7615fb4f7a8c5a1822bb6b74d64bd5b1d50c8c,"{""args"":[8,0],""expected"":1822208108,""exportName"":""bench"",""warmupCalls"":3,""warmupMs"":1000,""calibrationMs"":100}",transfer,4,2,175.159401,350.318802,302.59864100000004,20.228983000000007,71532,-0.4037147268511676,5,1017.938756,"[{""calls"":1,""ms"":175.491988},{""calls"":1,""ms"":174.78350100000011}]","[175.491988,174.78350100000011]"
historical-separate,Prior checked16 transfer: symreg,symreg,typescript,/home/ai/bend2/build/publish/bend/selfhost/build/phase30/final-transfer-plan-16/symreg-timing/report.json,9eaa9f4a34c5256eea830c66ac3af6f0a04f778a4006b91848587c6146eb78c0,545d6112dbbb0cc66074407a0daf7076b148f9d311e7e9bbffff3376f8e00651,"{""args"":[6,42],""expected"":2490246820,""exportName"":""bench"",""warmupCalls"":3,""warmupMs"":1000,""calibrationMs"":100}",transfer,0,272,1.0992997058823533,299.00952000000007,9.361525,1.055767000000003,63020,-0.10045405142993236,873,1001.0146569999999,"[{""calls"":136,""ms"":149.56191200000012},{""calls"":136,""ms"":149.41167100000007}]","[1.0997199411764715,1.098615227941177]"
historical-separate,Prior checked16 transfer: symreg,symreg,typescript,/home/ai/bend2/build/publish/bend/selfhost/build/phase30/final-transfer-plan-16/symreg-timing/report.json,9eaa9f4a34c5256eea830c66ac3af6f0a04f778a4006b91848587c6146eb78c0,545d6112dbbb0cc66074407a0daf7076b148f9d311e7e9bbffff3376f8e00651,"{""args"":[6,42],""expected"":2490246820,""exportName"":""bench"",""warmupCalls"":3,""warmupMs"":1000,""calibrationMs"":100}",transfer,1,272,1.1091956066176474,301.7012050000001,9.371369999999999,1.059667999999995,62520,0.09018432895997464,871,1000.3093839999999,"[{""calls"":136,""ms"":150.76122600000008},{""calls"":136,""ms"":150.89718900000003}]","[1.1085384264705889,1.1095381544117648]"
historical-separate,Prior checked16 transfer: symreg,symreg,typescript,/home/ai/bend2/build/publish/bend/selfhost/build/phase30/final-transfer-plan-16/symreg-timing/report.json,9eaa9f4a34c5256eea830c66ac3af6f0a04f778a4006b91848587c6146eb78c0,545d6112dbbb0cc66074407a0daf7076b148f9d311e7e9bbffff3376f8e00651,"{""args"":[6,42],""expected"":2490246820,""exportName"":""bench"",""warmupCalls"":3,""warmupMs"":1000,""calibrationMs"":100}",transfer,2,272,1.1078893455882355,301.345902,9.361667000000004,1.1286289999999966,62956,-0.11704933462094447,873,1000.8209599999999,"[{""calls"":136,""ms"":150.74156600000015},{""calls"":136,""ms"":150.56512399999997}]","[1.10839386764706,1.1070964999999997]"
historical-separate,Prior checked16 transfer: symreg,symreg,typescript,/home/ai/bend2/build/publish/bend/selfhost/build/phase30/final-transfer-plan-16/symreg-timing/report.json,9eaa9f4a34c5256eea830c66ac3af6f0a04f778a4006b91848587c6146eb78c0,545d6112dbbb0cc66074407a0daf7076b148f9d311e7e9bbffff3376f8e00651,"{""args"":[6,42],""expected"":2490246820,""exportName"":""bench"",""warmupCalls"":3,""warmupMs"":1000,""calibrationMs"":100}",transfer,3,272,1.1020631617647065,299.7611800000002,9.259105999999996,1.1106989999999968,63004,-0.0506327374357296,873,1000.449034,"[{""calls"":136,""ms"":149.89906500000006},{""calls"":136,""ms"":149.823167}]","[1.1021990073529417,1.1016409338235296]"
historical-separate,Prior checked16 transfer: symreg,symreg,typescript,/home/ai/bend2/build/publish/bend/selfhost/build/phase30/final-transfer-plan-16/symreg-timing/report.json,9eaa9f4a34c5256eea830c66ac3af6f0a04f778a4006b91848587c6146eb78c0,545d6112dbbb0cc66074407a0daf7076b148f9d311e7e9bbffff3376f8e00651,"{""args"":[6,42],""expected"":2490246820,""exportName"":""bench"",""warmupCalls"":3,""warmupMs"":1000,""calibrationMs"":100}",transfer,4,272,1.106571724264706,300.98750900000005,9.284560999999997,1.1146559999999965,63040,-0.7226342586303058,873,1000.8215710000001,"[{""calls"":136,""ms"":151.01982599999997},{""calls"":136,""ms"":149.9285050000001}]","[1.1104398970588232,1.102415477941177]"
historical-separate,Prior checked16 transfer: symreg,symreg,phase29,/home/ai/bend2/build/publish/bend/selfhost/build/phase30/final-transfer-plan-16/symreg-timing/report.json,9eaa9f4a34c5256eea830c66ac3af6f0a04f778a4006b91848587c6146eb78c0,d252d573449d06ab88d88243c0a18b237e3643de94b4cbd75141086b9f57661e,"{""args"":[6,42],""expected"":2490246820,""exportName"":""bench"",""warmupCalls"":3,""warmupMs"":1000,""calibrationMs"":100}",transfer,0,3,107.023388,321.070164,221.12299399999998,19.590750999999997,78232,-1.7734711287891392,9,1076.527942,"[{""calls"":1,""ms"":108.28775100000007},{""calls"":2,""ms"":212.734598}]","[108.28775100000007,106.367299]"
historical-separate,Prior checked16 transfer: symreg,symreg,phase29,/home/ai/bend2/build/publish/bend/selfhost/build/phase30/final-transfer-plan-16/symreg-timing/report.json,9eaa9f4a34c5256eea830c66ac3af6f0a04f778a4006b91848587c6146eb78c0,d252d573449d06ab88d88243c0a18b237e3643de94b4cbd75141086b9f57661e,"{""args"":[6,42],""expected"":2490246820,""exportName"":""bench"",""warmupCalls"":3,""warmupMs"":1000,""calibrationMs"":100}",transfer,1,3,106.32494633333333,318.974839,222.05854500000004,19.944274,78092,-0.9964869267532706,9,1081.542566,"[{""calls"":1,""ms"":107.01740999999993},{""calls"":2,""ms"":211.90199099999995}]","[107.01740999999993,105.95099549999998]"
historical-separate,Prior checked16 transfer: symreg,symreg,phase29,/home/ai/bend2/build/publish/bend/selfhost/build/phase30/final-transfer-plan-16/symreg-timing/report.json,9eaa9f4a34c5256eea830c66ac3af6f0a04f778a4006b91848587c6146eb78c0,d252d573449d06ab88d88243c0a18b237e3643de94b4cbd75141086b9f57661e,"{""args"":[6,42],""expected"":2490246820,""exportName"":""bench"",""warmupCalls"":3,""warmupMs"":1000,""calibrationMs"":100}",transfer,2,3,106.98787066666667,320.963612,241.711655,22.030704999999998,78304,-0.2626005236025075,9,1090.683925,"[{""calls"":1,""ms"":107.159535},{""calls"":2,""ms"":213.75626699999998}]","[107.159535,106.87813349999999]"
historical-separate,Prior checked16 transfer: symreg,symreg,phase29,/home/ai/bend2/build/publish/bend/selfhost/build/phase30/final-transfer-plan-16/symreg-timing/report.json,9eaa9f4a34c5256eea830c66ac3af6f0a04f778a4006b91848587c6146eb78c0,d252d573449d06ab88d88243c0a18b237e3643de94b4cbd75141086b9f57661e,"{""args"":[6,42],""expected"":2490246820,""exportName"":""bench"",""warmupCalls"":3,""warmupMs"":1000,""calibrationMs"":100}",transfer,3,3,106.83786700000003,320.5136010000001,223.752224,19.74056199999999,78048,-1.097558277284072,9,1080.8936609999998,"[{""calls"":1,""ms"":107.60963900000002},{""calls"":2,""ms"":212.857121}]","[107.60963900000002,106.4285605]"
historical-separate,Prior checked16 transfer: symreg,symreg,phase29,/home/ai/bend2/build/publish/bend/selfhost/build/phase30/final-transfer-plan-16/symreg-timing/report.json,9eaa9f4a34c5256eea830c66ac3af6f0a04f778a4006b91848587c6146eb78c0,d252d573449d06ab88d88243c0a18b237e3643de94b4cbd75141086b9f57661e,"{""args"":[6,42],""expected"":2490246820,""exportName"":""bench"",""warmupCalls"":3,""warmupMs"":1000,""calibrationMs"":100}",transfer,4,3,107.40189866666667,322.205696,221.31672100000003,19.695062,78416,-3.1480489924912147,9,1068.419947,"[{""calls"":1,""ms"":109.68538000000012},{""calls"":2,""ms"":212.46486099999993}]","[109.68538000000012,106.23243049999996]"
historical-separate,Prior checked16 transfer: symreg,symreg,candidate,/home/ai/bend2/build/publish/bend/selfhost/build/phase30/final-transfer-plan-16/symreg-timing/report.json,9eaa9f4a34c5256eea830c66ac3af6f0a04f778a4006b91848587c6146eb78c0,bdeb71be928e33843086edeb4a694b37dfb0326aa3b53b630966c8b27b1c6e40,"{""args"":[6,42],""expected"":2490246820,""exportName"":""bench"",""warmupCalls"":3,""warmupMs"":1000,""calibrationMs"":100}",transfer,0,3,110.44110266666674,331.3233080000002,224.114207,20.087001000000008,77904,0.08516990347853248,9,1109.744113,"[{""calls"":1,""ms"":110.36410299999989},{""calls"":2,""ms"":220.9161999999999}]","[110.36410299999989,110.45809999999994]"
historical-separate,Prior checked16 transfer: symreg,symreg,candidate,/home/ai/bend2/build/publish/bend/selfhost/build/phase30/final-transfer-plan-16/symreg-timing/report.json,9eaa9f4a34c5256eea830c66ac3af6f0a04f778a4006b91848587c6146eb78c0,bdeb71be928e33843086edeb4a694b37dfb0326aa3b53b630966c8b27b1c6e40,"{""args"":[6,42],""expected"":2490246820,""exportName"":""bench"",""warmupCalls"":3,""warmupMs"":1000,""calibrationMs"":100}",transfer,1,3,109.42294066666666,328.268822,226.174937,20.022512,77684,-0.3879965495332094,9,1098.6167220000002,"[{""calls"":1,""ms"":109.69182599999999},{""calls"":2,""ms"":218.53245100000004}]","[109.69182599999999,109.26622550000002]"
historical-separate,Prior checked16 transfer: symreg,symreg,candidate,/home/ai/bend2/build/publish/bend/selfhost/build/phase30/final-transfer-plan-16/symreg-timing/report.json,9eaa9f4a34c5256eea830c66ac3af6f0a04f778a4006b91848587c6146eb78c0,bdeb71be928e33843086edeb4a694b37dfb0326aa3b53b630966c8b27b1c6e40,"{""args"":[6,42],""expected"":2490246820,""exportName"":""bench"",""warmupCalls"":3,""warmupMs"":1000,""calibrationMs"":100}",transfer,2,3,109.76418233333334,329.292547,224.37755400000003,20.037661000000007,77760,-0.6243504794361976,9,1099.05136,"[{""calls"":1,""ms"":110.208212},{""calls"":2,""ms"":219.0402529999999}]","[110.208212,109.52012649999995]"
historical-separate,Prior checked16 transfer: symreg,symreg,candidate,/home/ai/bend2/build/publish/bend/selfhost/build/phase30/final-transfer-plan-16/symreg-timing/report.json,9eaa9f4a34c5256eea830c66ac3af6f0a04f778a4006b91848587c6146eb78c0,bdeb71be928e33843086edeb4a694b37dfb0326aa3b53b630966c8b27b1c6e40,"{""args"":[6,42],""expected"":2490246820,""exportName"":""bench"",""warmupCalls"":3,""warmupMs"":1000,""calibrationMs"":100}",transfer,3,3,110.14283866666665,330.42851599999995,226.29850800000003,19.947095000000004,77900,0.3833659993011107,9,1099.195263,"[{""calls"":1,""ms"":109.84724800000004},{""calls"":2,""ms"":220.53673000000003}]","[109.84724800000004,110.26836500000002]"
historical-separate,Prior checked16 transfer: symreg,symreg,candidate,/home/ai/bend2/build/publish/bend/selfhost/build/phase30/final-transfer-plan-16/symreg-timing/report.json,9eaa9f4a34c5256eea830c66ac3af6f0a04f778a4006b91848587c6146eb78c0,bdeb71be928e33843086edeb4a694b37dfb0326aa3b53b630966c8b27b1c6e40,"{""args"":[6,42],""expected"":2490246820,""exportName"":""bench"",""warmupCalls"":3,""warmupMs"":1000,""calibrationMs"":100}",transfer,4,3,109.77912733333339,329.33738200000016,227.44551,20.278998,77952,0.12410290342450558,9,1099.60149,"[{""calls"":1,""ms"":109.67269600000009},{""calls"":2,""ms"":219.61760600000002}]","[109.67269600000009,109.80880300000001]"
historical-separate,Prior checked16 transfer: test-morning-program,test-morning-program,typescript,/home/ai/bend2/build/publish/bend/selfhost/build/phase30/final-transfer-plan-16/test-morning-program-timing/report.json,5e4d620dceb9dece897a081252df95cce6a6e27795d9ec322a8243610c3c695c,faff88b122b84d0d18698210c66233cae52493e3cc68c92d95e0c639e20990ad,"{""args"":[],""expected"":""a-bb-ccc 8 1877 42 lo hello 3"",""exportName"":""main.out"",""warmupCalls"":3,""warmupMs"":1000,""calibrationMs"":100}",transfer,0,84464,0.0037231579252699387,314.4728110000001,2.187531000000007,2.6199200000000005,66300,1.2560682244588506,220219,1000.0270720000001,"[{""calls"":42232,""ms"":156.23124299999995},{""calls"":42232,""ms"":158.19361400000003}]","[0.0036993569568100006,0.003745823404053799]"
historical-separate,Prior checked16 transfer: test-morning-program,test-morning-program,typescript,/home/ai/bend2/build/publish/bend/selfhost/build/phase30/final-transfer-plan-16/test-morning-program-timing/report.json,5e4d620dceb9dece897a081252df95cce6a6e27795d9ec322a8243610c3c695c,faff88b122b84d0d18698210c66233cae52493e3cc68c92d95e0c639e20990ad,"{""args"":[],""expected"":""a-bb-ccc 8 1877 42 lo hello 3"",""exportName"":""main.out"",""warmupCalls"":3,""warmupMs"":1000,""calibrationMs"":100}",transfer,1,84464,0.003639227173707143,307.38368400000013,2.178206000000003,2.618659000000001,67644,1.7242322094471296,221269,1000.037711,"[{""calls"":42232,""ms"":152.35505899999998},{""calls"":42232,""ms"":154.98201400000016}]","[0.0036075738539496113,0.003669776804319004]"
historical-separate,Prior checked16 transfer: test-morning-program,test-morning-program,typescript,/home/ai/bend2/build/publish/bend/selfhost/build/phase30/final-transfer-plan-16/test-morning-program-timing/report.json,5e4d620dceb9dece897a081252df95cce6a6e27795d9ec322a8243610c3c695c,faff88b122b84d0d18698210c66233cae52493e3cc68c92d95e0c639e20990ad,"{""args"":[],""expected"":""a-bb-ccc 8 1877 42 lo hello 3"",""exportName"":""main.out"",""warmupCalls"":3,""warmupMs"":1000,""calibrationMs"":100}",transfer,2,84464,0.0038229228073498756,322.8993519999999,2.176726000000002,2.6560950000000005,65764,1.1911808211149566,212797,1000.027523,"[{""calls"":42232,""ms"":160.47076700000002},{""calls"":42232,""ms"":162.38226400000008}]","[0.003799743488350067,0.003845005304034857]"
historical-separate,Prior checked16 transfer: test-morning-program,test-morning-program,typescript,/home/ai/bend2/build/publish/bend/selfhost/build/phase30/final-transfer-plan-16/test-morning-program-timing/report.json,5e4d620dceb9dece897a081252df95cce6a6e27795d9ec322a8243610c3c695c,faff88b122b84d0d18698210c66233cae52493e3cc68c92d95e0c639e20990ad,"{""args"":[],""expected"":""a-bb-ccc 8 1877 42 lo hello 3"",""exportName"":""main.out"",""warmupCalls"":3,""warmupMs"":1000,""calibrationMs"":100}",transfer,3,84464,0.0037979970756772106,320.7940249999999,2.1796870000000013,2.648116999999999,66340,0.9573218947763973,211431,1000.0276210000001,"[{""calls"":42232,""ms"":159.61057700000015},{""calls"":42232,""ms"":161.1385640000001}]","[0.003779375284144728,0.003815556071225613]"
historical-separate,Prior checked16 transfer: test-morning-program,test-morning-program,typescript,/home/ai/bend2/build/publish/bend/selfhost/build/phase30/final-transfer-plan-16/test-morning-program-timing/report.json,5e4d620dceb9dece897a081252df95cce6a6e27795d9ec322a8243610c3c695c,faff88b122b84d0d18698210c66233cae52493e3cc68c92d95e0c639e20990ad,"{""args"":[],""expected"":""a-bb-ccc 8 1877 42 lo hello 3"",""exportName"":""main.out"",""warmupCalls"":3,""warmupMs"":1000,""calibrationMs"":100}",transfer,4,84464,0.003688673529551051,311.560121,2.200122999999998,2.619957999999997,66356,1.9459036198018032,222788,1000.0273740000001,"[{""calls"":42232,""ms"":154.25645800000007},{""calls"":42232,""ms"":157.25814000000014}]","[0.0036525965618488367,0.0037236725705626097]"
historical-separate,Prior checked16 transfer: test-morning-program,test-morning-program,phase29,/home/ai/bend2/build/publish/bend/selfhost/build/phase30/final-transfer-plan-16/test-morning-program-timing/report.json,5e4d620dceb9dece897a081252df95cce6a6e27795d9ec322a8243610c3c695c,f9431ea138f00f8913c09c9aaca21f599a9a50c7a9ba3ff194f4748ab9f06ac0,"{""args"":[],""expected"":""a-bb-ccc 8 1877 42 lo hello 3"",""exportName"":""main.out"",""warmupCalls"":3,""warmupMs"":1000,""calibrationMs"":100}",transfer,0,1475,0.2256622596610169,332.85183299999994,9.885947000000002,20.895097000000007,73320,-20.344290544926512,3523,1000.1853899999999,"[{""calls"":737,""ms"":185.13740899999993},{""calls"":738,""ms"":147.67261499999995}]","[0.2512040827679782,0.20009839430894302]"
historical-separate,Prior checked16 transfer: test-morning-program,test-morning-program,phase29,/home/ai/bend2/build/publish/bend/selfhost/build/phase30/final-transfer-plan-16/test-morning-program-timing/report.json,5e4d620dceb9dece897a081252df95cce6a6e27795d9ec322a8243610c3c695c,f9431ea138f00f8913c09c9aaca21f599a9a50c7a9ba3ff194f4748ab9f06ac0,"{""args"":[],""expected"":""a-bb-ccc 8 1877 42 lo hello 3"",""exportName"":""main.out"",""warmupCalls"":3,""warmupMs"":1000,""calibrationMs"":100}",transfer,1,1475,0.22608443661016958,333.47454400000015,9.849124000000003,21.439511999999993,72076,-20.340151798633478,3472,1000.1738129999999,"[{""calls"":737,""ms"":185.479108},{""calls"":738,""ms"":147.9528539999999}]","[0.25166771777476254,0.20047812195121936]"
historical-separate,Prior checked16 transfer: test-morning-program,test-morning-program,phase29,/home/ai/bend2/build/publish/bend/selfhost/build/phase30/final-transfer-plan-16/test-morning-program-timing/report.json,5e4d620dceb9dece897a081252df95cce6a6e27795d9ec322a8243610c3c695c,f9431ea138f00f8913c09c9aaca21f599a9a50c7a9ba3ff194f4748ab9f06ac0,"{""args"":[],""expected"":""a-bb-ccc 8 1877 42 lo hello 3"",""exportName"":""main.out"",""warmupCalls"":3,""warmupMs"":1000,""calibrationMs"":100}",transfer,2,1475,0.22770280745762708,335.86164099999996,9.736018000000001,21.224277,72692,-21.760238773558804,3342,1000.0865449999999,"[{""calls"":737,""ms"":188.29631600000016},{""calls"":738,""ms"":147.52248299999997}]","[0.2554902523744914,0.19989496341463409]"
historical-separate,Prior checked16 transfer: test-morning-program,test-morning-program,phase29,/home/ai/bend2/build/publish/bend/selfhost/build/phase30/final-transfer-plan-16/test-morning-program-timing/report.json,5e4d620dceb9dece897a081252df95cce6a6e27795d9ec322a8243610c3c695c,f9431ea138f00f8913c09c9aaca21f599a9a50c7a9ba3ff194f4748ab9f06ac0,"{""args"":[],""expected"":""a-bb-ccc 8 1877 42 lo hello 3"",""exportName"":""main.out"",""warmupCalls"":3,""warmupMs"":1000,""calibrationMs"":100}",transfer,3,1475,0.2290535084745762,337.8539249999999,9.764981000000006,21.240902000000006,72328,-18.76272209282788,3501,1000.1595360000001,"[{""calls"":737,""ms"":186.2786279999998},{""calls"":738,""ms"":151.5330160000001}]","[0.2527525481682494,0.20532928997289984]"
historical-separate,Prior checked16 transfer: test-morning-program,test-morning-program,phase29,/home/ai/bend2/build/publish/bend/selfhost/build/phase30/final-transfer-plan-16/test-morning-program-timing/report.json,5e4d620dceb9dece897a081252df95cce6a6e27795d9ec322a8243610c3c695c,f9431ea138f00f8913c09c9aaca21f599a9a50c7a9ba3ff194f4748ab9f06ac0,"{""args"":[],""expected"":""a-bb-ccc 8 1877 42 lo hello 3"",""exportName"":""main.out"",""warmupCalls"":3,""warmupMs"":1000,""calibrationMs"":100}",transfer,4,1475,0.22745679389830512,335.49877100000003,9.907904000000002,21.161082000000007,72312,-21.307008875389776,3487,1000.0142520000002,"[{""calls"":737,""ms"":187.61611199999993},{""calls"":738,""ms"":147.8410570000001}]","[0.25456731614653993,0.20032663550135513]"
historical-separate,Prior checked16 transfer: test-morning-program,test-morning-program,candidate,/home/ai/bend2/build/publish/bend/selfhost/build/phase30/final-transfer-plan-16/test-morning-program-timing/report.json,5e4d620dceb9dece897a081252df95cce6a6e27795d9ec322a8243610c3c695c,22b4efffc4e549548619a863872e7a933005a256405ae1dc3ec0a67d17cf6db5,"{""args"":[],""expected"":""a-bb-ccc 8 1877 42 lo hello 3"",""exportName"":""main.out"",""warmupCalls"":3,""warmupMs"":1000,""calibrationMs"":100}",transfer,0,1464,0.23456807855191253,343.40766699999995,9.801597000000001,21.211793,72296,-5.397176598743226,3528,1008.277544,"[{""calls"":732,""ms"":176.44442099999992},{""calls"":732,""ms"":166.92140399999994}]","[0.24104429098360644,0.2280347049180327]"
historical-separate,Prior checked16 transfer: test-morning-program,test-morning-program,candidate,/home/ai/bend2/build/publish/bend/selfhost/build/phase30/final-transfer-plan-16/test-morning-program-timing/report.json,5e4d620dceb9dece897a081252df95cce6a6e27795d9ec322a8243610c3c695c,22b4efffc4e549548619a863872e7a933005a256405ae1dc3ec0a67d17cf6db5,"{""args"":[],""expected"":""a-bb-ccc 8 1877 42 lo hello 3"",""exportName"":""main.out"",""warmupCalls"":3,""warmupMs"":1000,""calibrationMs"":100}",transfer,1,1464,0.22201927049180326,325.036212,9.762241000000003,21.361969999999992,72120,-15.261234402248757,3528,1011.4079680000001,"[{""calls"":732,""ms"":175.92095300000005},{""calls"":732,""ms"":149.07324400000016}]","[0.24032917076502738,0.20365197267759585]"
historical-separate,Prior checked16 transfer: test-morning-program,test-morning-program,candidate,/home/ai/bend2/build/publish/bend/selfhost/build/phase30/final-transfer-plan-16/test-morning-program-timing/report.json,5e4d620dceb9dece897a081252df95cce6a6e27795d9ec322a8243610c3c695c,22b4efffc4e549548619a863872e7a933005a256405ae1dc3ec0a67d17cf6db5,"{""args"":[],""expected"":""a-bb-ccc 8 1877 42 lo hello 3"",""exportName"":""main.out"",""warmupCalls"":3,""warmupMs"":1000,""calibrationMs"":100}",transfer,2,1464,0.23097376434426242,338.1455910000002,9.719469000000004,21.339483,72140,-20.19655104148943,3066,1000.0407,"[{""calls"":732,""ms"":188.04041800000005},{""calls"":732,""ms"":150.06273899999997}]","[0.25688581693989077,0.20500374180327863]"
historical-separate,Prior checked16 transfer: test-morning-program,test-morning-program,candidate,/home/ai/bend2/build/publish/bend/selfhost/build/phase30/final-transfer-plan-16/test-morning-program-timing/report.json,5e4d620dceb9dece897a081252df95cce6a6e27795d9ec322a8243610c3c695c,22b4efffc4e549548619a863872e7a933005a256405ae1dc3ec0a67d17cf6db5,"{""args"":[],""expected"":""a-bb-ccc 8 1877 42 lo hello 3"",""exportName"":""main.out"",""warmupCalls"":3,""warmupMs"":1000,""calibrationMs"":100}",transfer,3,1464,0.22074626434426226,323.17253099999994,9.889549000000002,21.233767,72392,-14.85665023398518,3528,1012.611718,"[{""calls"":732,""ms"":174.52923499999997},{""calls"":732,""ms"":148.60003699999993}]","[0.23842791666666663,0.2030055150273223]"
historical-separate,Prior checked16 transfer: test-morning-program,test-morning-program,candidate,/home/ai/bend2/build/publish/bend/selfhost/build/phase30/final-transfer-plan-16/test-morning-program-timing/report.json,5e4d620dceb9dece897a081252df95cce6a6e27795d9ec322a8243610c3c695c,22b4efffc4e549548619a863872e7a933005a256405ae1dc3ec0a67d17cf6db5,"{""args"":[],""expected"":""a-bb-ccc 8 1877 42 lo hello 3"",""exportName"":""main.out"",""warmupCalls"":3,""warmupMs"":1000,""calibrationMs"":100}",transfer,4,1464,0.22007469808743174,322.1893580000001,10.012571000000008,21.249106999999995,72284,-14.454481256310192,3528,1010.921629,"[{""calls"":732,""ms"":173.621312},{""calls"":732,""ms"":148.52525200000014}]","[0.23718758469945353,0.20290334972677615]"
historical-separate,Prior checked16 transfer: test-evening-program,test-evening-program,typescript,/home/ai/bend2/build/publish/bend/selfhost/build/phase30/final-transfer-plan-16/test-evening-program-timing/report.json,9646bc66d27c8c51aedf587e7d57a3e076ed6ca037d2e42167555507ff0388b8,0c1d34b107501041c6e5a3bb5b896e91b8ab56b8826c3f616ea6b4e3a3e1d6d0,"{""args"":[],""expected"":81111,""exportName"":""main.out"",""warmupCalls"":3,""warmupMs"":1000,""calibrationMs"":100}",transfer,0,97349,0.0032115205908637996,312.638318,2.516347000000003,2.9644070000000013,67316,-1.1900242028304642,255591,1000.153605,"[{""calls"":48674,""ms"":157.225772},{""calls"":48675,""ms"":155.357939}]","[0.003230179808522004,0.0031917398870056493]"
historical-separate,Prior checked16 transfer: test-evening-program,test-evening-program,typescript,/home/ai/bend2/build/publish/bend/selfhost/build/phase30/final-transfer-plan-16/test-evening-program-timing/report.json,9646bc66d27c8c51aedf587e7d57a3e076ed6ca037d2e42167555507ff0388b8,0c1d34b107501041c6e5a3bb5b896e91b8ab56b8826c3f616ea6b4e3a3e1d6d0,"{""args"":[],""expected"":81111,""exportName"":""main.out"",""warmupCalls"":3,""warmupMs"":1000,""calibrationMs"":100}",transfer,1,97349,0.0031533276458926133,306.973293,2.519398999999993,2.9767539999999926,69568,-2.00882889119125,257722,1000.027494,"[{""calls"":48674,""ms"":155.01672800000006},{""calls"":48675,""ms"":151.90582800000016}]","[0.003184795332210216,0.003120818243451467]"
historical-separate,Prior checked16 transfer: test-evening-program,test-evening-program,typescript,/home/ai/bend2/build/publish/bend/selfhost/build/phase30/final-transfer-plan-16/test-evening-program-timing/report.json,9646bc66d27c8c51aedf587e7d57a3e076ed6ca037d2e42167555507ff0388b8,0c1d34b107501041c6e5a3bb5b896e91b8ab56b8826c3f616ea6b4e3a3e1d6d0,"{""args"":[],""expected"":81111,""exportName"":""main.out"",""warmupCalls"":3,""warmupMs"":1000,""calibrationMs"":100}",transfer,2,97349,0.003134997668183547,305.18888800000013,2.483091999999999,2.9689580000000007,67988,-1.8589045739258458,255664,1000.027295,"[{""calls"":48674,""ms"":154.00097199999982},{""calls"":48675,""ms"":151.1413460000001}]","[0.0031639267781567123,0.0031051123985618924]"
historical-separate,Prior checked16 transfer: test-evening-program,test-evening-program,typescript,/home/ai/bend2/build/publish/bend/selfhost/build/phase30/final-transfer-plan-16/test-evening-program-timing/report.json,9646bc66d27c8c51aedf587e7d57a3e076ed6ca037d2e42167555507ff0388b8,0c1d34b107501041c6e5a3bb5b896e91b8ab56b8826c3f616ea6b4e3a3e1d6d0,"{""args"":[],""expected"":81111,""exportName"":""main.out"",""warmupCalls"":3,""warmupMs"":1000,""calibrationMs"":100}",transfer,3,97349,0.0031522498125301753,306.86836700000003,2.4927370000000053,2.9972119999999975,67492,-0.010680577869170982,263891,1000.026489,"[{""calls"":48674,""ms"":153.41433800000004},{""calls"":48675,""ms"":153.40110400000003}]","[0.0031518744709701286,0.003151537832562918]"
historical-separate,Prior checked16 transfer: test-evening-program,test-evening-program,typescript,/home/ai/bend2/build/publish/bend/selfhost/build/phase30/final-transfer-plan-16/test-evening-program-timing/report.json,9646bc66d27c8c51aedf587e7d57a3e076ed6ca037d2e42167555507ff0388b8,0c1d34b107501041c6e5a3bb5b896e91b8ab56b8826c3f616ea6b4e3a3e1d6d0,"{""args"":[],""expected"":81111,""exportName"":""main.out"",""warmupCalls"":3,""warmupMs"":1000,""calibrationMs"":100}",transfer,4,97349,0.0031413016261081245,305.8025719999998,2.5162149999999954,3.171517999999999,67984,-0.8984842205509547,264066,1000.026867,"[{""calls"":48674,""ms"":153.5677139999998},{""calls"":48675,""ms"":152.191059}]","[0.0031550255577926572,0.0031266781510015406]"
historical-separate,Prior checked16 transfer: test-evening-program,test-evening-program,phase29,/home/ai/bend2/build/publish/bend/selfhost/build/phase30/final-transfer-plan-16/test-evening-program-timing/report.json,9646bc66d27c8c51aedf587e7d57a3e076ed6ca037d2e42167555507ff0388b8,96bf6ad0006eed050ba8213858e4fe72282483622be3dcdc5a6948f9790a4291,"{""args"":[],""expected"":81111,""exportName"":""main.out"",""warmupCalls"":3,""warmupMs"":1000,""calibrationMs"":100}",transfer,0,546,0.28658571245421255,156.47579900000005,12.335881,22.662416999999998,75040,178.23784400324158,4815,1000.1227600000001,"[{""calls"":273,""ms"":41.35894899999994},{""calls"":273,""ms"":115.07624800000008}]","[0.15149798168498146,0.4215247179487182]"
historical-separate,Prior checked16 transfer: test-evening-program,test-evening-program,phase29,/home/ai/bend2/build/publish/bend/selfhost/build/phase30/final-transfer-plan-16/test-evening-program-timing/report.json,9646bc66d27c8c51aedf587e7d57a3e076ed6ca037d2e42167555507ff0388b8,96bf6ad0006eed050ba8213858e4fe72282483622be3dcdc5a6948f9790a4291,"{""args"":[],""expected"":81111,""exportName"":""main.out"",""warmupCalls"":3,""warmupMs"":1000,""calibrationMs"":100}",transfer,1,546,0.2690259926739929,146.88819200000012,12.304197000000002,23.150364999999994,74924,151.2463865927965,4802,1000.2210349999999,"[{""calls"":273,""ms"":41.807493999999906},{""calls"":273,""ms"":105.03981799999997}]","[0.15314100366300332,0.384761238095238]"
historical-separate,Prior checked16 transfer: test-evening-program,test-evening-program,phase29,/home/ai/bend2/build/publish/bend/selfhost/build/phase30/final-transfer-plan-16/test-evening-program-timing/report.json,9646bc66d27c8c51aedf587e7d57a3e076ed6ca037d2e42167555507ff0388b8,96bf6ad0006eed050ba8213858e4fe72282483622be3dcdc5a6948f9790a4291,"{""args"":[],""expected"":81111,""exportName"":""main.out"",""warmupCalls"":3,""warmupMs"":1000,""calibrationMs"":100}",transfer,2,546,0.3137559304029302,171.3107379999999,12.359897000000004,22.996957000000002,75404,217.32952428572534,4839,1000.1058389999998,"[{""calls"":273,""ms"":41.039129999999886},{""calls"":273,""ms"":130.22927600000003}]","[0.1503264835164831,0.4770303150183151]"
historical-separate,Prior checked16 transfer: test-evening-program,test-evening-program,phase29,/home/ai/bend2/build/publish/bend/selfhost/build/phase30/final-transfer-plan-16/test-evening-program-timing/report.json,9646bc66d27c8c51aedf587e7d57a3e076ed6ca037d2e42167555507ff0388b8,96bf6ad0006eed050ba8213858e4fe72282483622be3dcdc5a6948f9790a4291,"{""args"":[],""expected"":81111,""exportName"":""main.out"",""warmupCalls"":3,""warmupMs"":1000,""calibrationMs"":100}",transfer,3,546,0.26762478754578783,146.12313400000016,12.214021000000002,23.105419000000012,75340,149.57180258287428,4777,1000.0612799999999,"[{""calls"":273,""ms"":41.78901900000005},{""calls"":273,""ms"":104.29360799999995}]","[0.15307332967032986,0.38202786813186795]"
historical-separate,Prior checked16 transfer: test-evening-program,test-evening-program,phase29,/home/ai/bend2/build/publish/bend/selfhost/build/phase30/final-transfer-plan-16/test-evening-program-timing/report.json,9646bc66d27c8c51aedf587e7d57a3e076ed6ca037d2e42167555507ff0388b8,96bf6ad0006eed050ba8213858e4fe72282483622be3dcdc5a6948f9790a4291,"{""args"":[],""expected"":81111,""exportName"":""main.out"",""warmupCalls"":3,""warmupMs"":1000,""calibrationMs"":100}",transfer,4,546,0.359491075091575,196.28212699999995,13.128625999999997,22.979481,73724,280.91046195937747,4976,1000.040709,"[{""calls"":273,""ms"":40.806142000000136},{""calls"":273,""ms"":155.43486400000006}]","[0.14947304761904812,0.5693584761904764]"
historical-separate,Prior checked16 transfer: test-evening-program,test-evening-program,candidate,/home/ai/bend2/build/publish/bend/selfhost/build/phase30/final-transfer-plan-16/test-evening-program-timing/report.json,9646bc66d27c8c51aedf587e7d57a3e076ed6ca037d2e42167555507ff0388b8,d1a28beec0fc808552729503814f15cd7a090f4ab27ef69f03ad5b99b4c7e7a8,"{""args"":[],""expected"":81111,""exportName"":""main.out"",""warmupCalls"":3,""warmupMs"":1000,""calibrationMs"":100}",transfer,0,644,0.2710410403726708,174.55043,12.354341000000005,23.309163999999996,74860,148.10738397961853,4720,1000.1123130000001,"[{""calls"":322,""ms"":50.130718000000115},{""calls"":322,""ms"":124.37801300000001}]","[0.15568545962732955,0.3862671211180125]"
historical-separate,Prior checked16 transfer: test-evening-program,test-evening-program,candidate,/home/ai/bend2/build/publish/bend/selfhost/build/phase30/final-transfer-plan-16/test-evening-program-timing/report.json,9646bc66d27c8c51aedf587e7d57a3e076ed6ca037d2e42167555507ff0388b8,d1a28beec0fc808552729503814f15cd7a090f4ab27ef69f03ad5b99b4c7e7a8,"{""args"":[],""expected"":81111,""exportName"":""main.out"",""warmupCalls"":3,""warmupMs"":1000,""calibrationMs"":100}",transfer,1,644,0.2472290155279504,159.21548600000006,13.172968999999995,23.11678899999999,75404,111.89919137193782,4696,1000.0919040000001,"[{""calls"":322,""ms"":51.03384600000004},{""calls"":322,""ms"":108.14030700000012}]","[0.15849020496894423,0.33583946273291965]"
historical-separate,Prior checked16 transfer: test-evening-program,test-evening-program,candidate,/home/ai/bend2/build/publish/bend/selfhost/build/phase30/final-transfer-plan-16/test-evening-program-timing/report.json,9646bc66d27c8c51aedf587e7d57a3e076ed6ca037d2e42167555507ff0388b8,d1a28beec0fc808552729503814f15cd7a090f4ab27ef69f03ad5b99b4c7e7a8,"{""args"":[],""expected"":81111,""exportName"":""main.out"",""warmupCalls"":3,""warmupMs"":1000,""calibrationMs"":100}",transfer,2,644,0.27400064906832294,176.45641799999999,12.31413599999999,23.166157000000005,74960,150.59739132579475,4734,1000.0839020000001,"[{""calls"":322,""ms"":50.31835699999988},{""calls"":322,""ms"":126.09649000000013}]","[0.1562681894409934,0.3916040062111805]"
historical-separate,Prior checked16 transfer: test-evening-program,test-evening-program,candidate,/home/ai/bend2/build/publish/bend/selfhost/build/phase30/final-transfer-plan-16/test-evening-program-timing/report.json,9646bc66d27c8c51aedf587e7d57a3e076ed6ca037d2e42167555507ff0388b8,d1a28beec0fc808552729503814f15cd7a090f4ab27ef69f03ad5b99b4c7e7a8,"{""args"":[],""expected"":81111,""exportName"":""main.out"",""warmupCalls"":3,""warmupMs"":1000,""calibrationMs"":100}",transfer,3,644,0.305515195652174,196.75178600000004,12.280805,23.010897,74052,207.24825682076613,4909,1000.0347589999999,"[{""calls"":322,""ms"":48.302262000000155},{""calls"":322,""ms"":148.4078579999998}]","[0.15000702484472098,0.4608939689440988]"
historical-separate,Prior checked16 transfer: test-evening-program,test-evening-program,candidate,/home/ai/bend2/build/publish/bend/selfhost/build/phase30/final-transfer-plan-16/test-evening-program-timing/report.json,9646bc66d27c8c51aedf587e7d57a3e076ed6ca037d2e42167555507ff0388b8,d1a28beec0fc808552729503814f15cd7a090f4ab27ef69f03ad5b99b4c7e7a8,"{""args"":[],""expected"":81111,""exportName"":""main.out"",""warmupCalls"":3,""warmupMs"":1000,""calibrationMs"":100}",transfer,4,644,0.2636333913043478,169.779904,12.369910000000004,22.891757999999996,75232,138.22268748900495,4709,1000.0047539999999,"[{""calls"":322,""ms"":50.1857829999999},{""calls"":322,""ms"":119.55392099999995}]","[0.15585646894409907,0.3712854689440992]"
historical-separate,Prior checked16 transfer: test-rle-roundtrip,test-rle-roundtrip,typescript,/home/ai/bend2/build/publish/bend/selfhost/build/phase30/final-transfer-plan-16/test-rle-roundtrip-timing/report.json,48b97156009d0a5b2e851257bd7e16c35f9eef7753460fac4851bf3c0bb30319,f21a8eb4239ff0db7fbfda6121f24b04b48c5478fe6de5798660ca5b417c80a8,"{""args"":[],""expected"":11,""exportName"":""main.out"",""warmupCalls"":3,""warmupMs"":1000,""calibrationMs"":100}",transfer,0,508967,0.0005991079814604874,304.9261919999999,0.5071119999999922,0.8961639999999989,65044,3.7265668304568456,1409832,1000.0244280000001,"[{""calls"":254483,""ms"":149.6518719999999},{""calls"":254484,""ms"":155.22935900000016}]","[0.0005880623538703957,0.0006099768904921337]"
historical-separate,Prior checked16 transfer: test-rle-roundtrip,test-rle-roundtrip,typescript,/home/ai/bend2/build/publish/bend/selfhost/build/phase30/final-transfer-plan-16/test-rle-roundtrip-timing/report.json,48b97156009d0a5b2e851257bd7e16c35f9eef7753460fac4851bf3c0bb30319,f21a8eb4239ff0db7fbfda6121f24b04b48c5478fe6de5798660ca5b417c80a8,"{""args"":[],""expected"":11,""exportName"":""main.out"",""warmupCalls"":3,""warmupMs"":1000,""calibrationMs"":100}",transfer,1,508967,0.0005921100542864271,301.36447799999996,0.5062689999999961,0.9022450000000006,65024,1.21018666173216,1399304,1000.0826420000001,"[{""calls"":254483,""ms"":149.75461799999994},{""calls"":254484,""ms"":151.56752400000005}]","[0.0005884660979318852,0.0005955876361578725]"
historical-separate,Prior checked16 transfer: test-rle-roundtrip,test-rle-roundtrip,typescript,/home/ai/bend2/build/publish/bend/selfhost/build/phase30/final-transfer-plan-16/test-rle-roundtrip-timing/report.json,48b97156009d0a5b2e851257bd7e16c35f9eef7753460fac4851bf3c0bb30319,f21a8eb4239ff0db7fbfda6121f24b04b48c5478fe6de5798660ca5b417c80a8,"{""args"":[],""expected"":11,""exportName"":""main.out"",""warmupCalls"":3,""warmupMs"":1000,""calibrationMs"":100}",transfer,2,508967,0.0005937334817385015,302.19074899999987,0.5085709999999963,0.9043849999999978,63116,1.6636573076177052,1392136,1000.025715,"[{""calls"":254483,""ms"":149.82685700000002},{""calls"":254484,""ms"":152.3200609999999}]","[0.000588749963651796,0.0005985447454456858]"
historical-separate,Prior checked16 transfer: test-rle-roundtrip,test-rle-roundtrip,typescript,/home/ai/bend2/build/publish/bend/selfhost/build/phase30/final-transfer-plan-16/test-rle-roundtrip-timing/report.json,48b97156009d0a5b2e851257bd7e16c35f9eef7753460fac4851bf3c0bb30319,f21a8eb4239ff0db7fbfda6121f24b04b48c5478fe6de5798660ca5b417c80a8,"{""args"":[],""expected"":11,""exportName"":""main.out"",""warmupCalls"":3,""warmupMs"":1000,""calibrationMs"":100}",transfer,3,508967,0.0005932840616385739,301.9620090000001,0.5039450000000016,0.9041059999999987,62972,1.152864061179093,1401954,1000.0245389999999,"[{""calls"":254483,""ms"":150.09179900000004},{""calls"":254484,""ms"":151.82275000000004}]","[0.0005897910626643039,0.0005965905518618068]"
historical-separate,Prior checked16 transfer: test-rle-roundtrip,test-rle-roundtrip,typescript,/home/ai/bend2/build/publish/bend/selfhost/build/phase30/final-transfer-plan-16/test-rle-roundtrip-timing/report.json,48b97156009d0a5b2e851257bd7e16c35f9eef7753460fac4851bf3c0bb30319,f21a8eb4239ff0db7fbfda6121f24b04b48c5478fe6de5798660ca5b417c80a8,"{""args"":[],""expected"":11,""exportName"":""main.out"",""warmupCalls"":3,""warmupMs"":1000,""calibrationMs"":100}",transfer,4,508967,0.0005908772494090971,300.7370209999999,0.5083249999999992,0.9059549999999987,62976,2.123135387321784,1404938,1000.077545,"[{""calls"":254483,""ms"":148.766208},{""calls"":254484,""ms"":151.92531299999996}]","[0.0005845821056809296,0.0005969935752345921]"
historical-separate,Prior checked16 transfer: test-rle-roundtrip,test-rle-roundtrip,phase29,/home/ai/bend2/build/publish/bend/selfhost/build/phase30/final-transfer-plan-16/test-rle-roundtrip-timing/report.json,48b97156009d0a5b2e851257bd7e16c35f9eef7753460fac4851bf3c0bb30319,ad8657b5b37a6a1fc1cf2054b37cd19a9626e0c26737887a2000bae08d05e483,"{""args"":[],""expected"":11,""exportName"":""main.out"",""warmupCalls"":3,""warmupMs"":1000,""calibrationMs"":100}",transfer,0,6810,0.04491192276064609,305.8501939999999,3.160209000000009,19.699769000000003,72036,-1.1099531047419897,17084,1000.143194,"[{""calls"":3405,""ms"":153.75946900000008},{""calls"":3405,""ms"":152.0528109999998}]","[0.0451569659324523,0.04465574478707777]"
historical-separate,Prior checked16 transfer: test-rle-roundtrip,test-rle-roundtrip,phase29,/home/ai/bend2/build/publish/bend/selfhost/build/phase30/final-transfer-plan-16/test-rle-roundtrip-timing/report.json,48b97156009d0a5b2e851257bd7e16c35f9eef7753460fac4851bf3c0bb30319,ad8657b5b37a6a1fc1cf2054b37cd19a9626e0c26737887a2000bae08d05e483,"{""args"":[],""expected"":11,""exportName"":""main.out"",""warmupCalls"":3,""warmupMs"":1000,""calibrationMs"":100}",transfer,1,6810,0.0447672859030837,304.86521700000003,3.196715999999995,19.364632,69748,-1.267365351648464,17150,1000.0754999999999,"[{""calls"":3405,""ms"":153.38481500000012},{""calls"":3405,""ms"":151.44086900000002}]","[0.04504693538913366,0.04447602613803231]"
historical-separate,Prior checked16 transfer: test-rle-roundtrip,test-rle-roundtrip,phase29,/home/ai/bend2/build/publish/bend/selfhost/build/phase30/final-transfer-plan-16/test-rle-roundtrip-timing/report.json,48b97156009d0a5b2e851257bd7e16c35f9eef7753460fac4851bf3c0bb30319,ad8657b5b37a6a1fc1cf2054b37cd19a9626e0c26737887a2000bae08d05e483,"{""args"":[],""expected"":11,""exportName"":""main.out"",""warmupCalls"":3,""warmupMs"":1000,""calibrationMs"":100}",transfer,2,6810,0.044630914831130686,303.93652999999995,3.1693700000000007,19.432961,70556,-1.0157167022258107,17218,1000.0370710000001,"[{""calls"":3405,""ms"":152.7242779999999},{""calls"":3405,""ms"":151.17303200000015}]","[0.04485294508076356,0.044397366226138074]"
historical-separate,Prior checked16 transfer: test-rle-roundtrip,test-rle-roundtrip,phase29,/home/ai/bend2/build/publish/bend/selfhost/build/phase30/final-transfer-plan-16/test-rle-roundtrip-timing/report.json,48b97156009d0a5b2e851257bd7e16c35f9eef7753460fac4851bf3c0bb30319,ad8657b5b37a6a1fc1cf2054b37cd19a9626e0c26737887a2000bae08d05e483,"{""args"":[],""expected"":11,""exportName"":""main.out"",""warmupCalls"":3,""warmupMs"":1000,""calibrationMs"":100}",transfer,3,6810,0.0451719684287812,307.62110499999994,3.159830999999997,19.326786,69444,0.4545680333823965,16783,1000.0586969999999,"[{""calls"":3405,""ms"":153.44215799999984},{""calls"":3405,""ms"":154.13965699999994}]","[0.045063776211453695,0.04526862173274594]"
historical-separate,Prior checked16 transfer: test-rle-roundtrip,test-rle-roundtrip,phase29,/home/ai/bend2/build/publish/bend/selfhost/build/phase30/final-transfer-plan-16/test-rle-roundtrip-timing/report.json,48b97156009d0a5b2e851257bd7e16c35f9eef7753460fac4851bf3c0bb30319,ad8657b5b37a6a1fc1cf2054b37cd19a9626e0c26737887a2000bae08d05e483,"{""args"":[],""expected"":11,""exportName"":""main.out"",""warmupCalls"":3,""warmupMs"":1000,""calibrationMs"":100}",transfer,4,6810,0.044635758590308355,303.9695159999999,3.200068999999999,19.543043999999995,69448,0.03326893949511245,16911,1000.048115,"[{""calls"":3405,""ms"":151.940521},{""calls"":3405,""ms"":151.99107000000004}]","[0.04462276681350954,0.04463761233480177]"
historical-separate,Prior checked16 transfer: test-rle-roundtrip,test-rle-roundtrip,candidate,/home/ai/bend2/build/publish/bend/selfhost/build/phase30/final-transfer-plan-16/test-rle-roundtrip-timing/report.json,48b97156009d0a5b2e851257bd7e16c35f9eef7753460fac4851bf3c0bb30319,2ac708214d34a4a77058a4b54901a50be550e6e94df481335f10867e836accda,"{""args"":[],""expected"":11,""exportName"":""main.out"",""warmupCalls"":3,""warmupMs"":1000,""calibrationMs"":100}",transfer,0,6113,0.04974569458530999,304.09543099999996,3.2233379999999983,19.672285000000002,71664,1.014012640277162,15712,1000.059869,"[{""calls"":3056,""ms"":151.23531300000013},{""calls"":3057,""ms"":152.81884800000012}]","[0.04948799509162308,0.049989809617271876]"
historical-separate,Prior checked16 transfer: test-rle-roundtrip,test-rle-roundtrip,candidate,/home/ai/bend2/build/publish/bend/selfhost/build/phase30/final-transfer-plan-16/test-rle-roundtrip-timing/report.json,48b97156009d0a5b2e851257bd7e16c35f9eef7753460fac4851bf3c0bb30319,2ac708214d34a4a77058a4b54901a50be550e6e94df481335f10867e836accda,"{""args"":[],""expected"":11,""exportName"":""main.out"",""warmupCalls"":3,""warmupMs"":1000,""calibrationMs"":100}",transfer,1,6113,0.04869293113037787,297.6598879999999,3.1764500000000027,19.621735,70888,0.9281060165607036,16058,1000.027278,"[{""calls"":3056,""ms"":148.09876899999995},{""calls"":3057,""ms"":149.5221939999999}]","[0.04846163907068061,0.04891141445861953]"
historical-separate,Prior checked16 transfer: test-rle-roundtrip,test-rle-roundtrip,candidate,/home/ai/bend2/build/publish/bend/selfhost/build/phase30/final-transfer-plan-16/test-rle-roundtrip-timing/report.json,48b97156009d0a5b2e851257bd7e16c35f9eef7753460fac4851bf3c0bb30319,2ac708214d34a4a77058a4b54901a50be550e6e94df481335f10867e836accda,"{""args"":[],""expected"":11,""exportName"":""main.out"",""warmupCalls"":3,""warmupMs"":1000,""calibrationMs"":100}",transfer,2,6113,0.04821967740880093,294.7668880000001,3.153922999999992,19.404159,71612,0.3392516273292179,16129,1000.045097,"[{""calls"":3056,""ms"":147.08944900000006},{""calls"":3057,""ms"":147.636747}]","[0.0481313642015707,0.04829465063788028]"
historical-separate,Prior checked16 transfer: test-rle-roundtrip,test-rle-roundtrip,candidate,/home/ai/bend2/build/publish/bend/selfhost/build/phase30/final-transfer-plan-16/test-rle-roundtrip-timing/report.json,48b97156009d0a5b2e851257bd7e16c35f9eef7753460fac4851bf3c0bb30319,2ac708214d34a4a77058a4b54901a50be550e6e94df481335f10867e836accda,"{""args"":[],""expected"":11,""exportName"":""main.out"",""warmupCalls"":3,""warmupMs"":1000,""calibrationMs"":100}",transfer,3,6113,0.04992665090790119,305.20161699999994,3.178658999999996,19.71347099999999,69640,1.4031818398081874,15907,1000.0747500000001,"[{""calls"":3056,""ms"":151.48512100000016},{""calls"":3057,""ms"":153.66099800000006}]","[0.04956973854712047,0.05026529211645406]"
historical-separate,Prior checked16 transfer: test-rle-roundtrip,test-rle-roundtrip,candidate,/home/ai/bend2/build/publish/bend/selfhost/build/phase30/final-transfer-plan-16/test-rle-roundtrip-timing/report.json,48b97156009d0a5b2e851257bd7e16c35f9eef7753460fac4851bf3c0bb30319,2ac708214d34a4a77058a4b54901a50be550e6e94df481335f10867e836accda,"{""args"":[],""expected"":11,""exportName"":""main.out"",""warmupCalls"":3,""warmupMs"":1000,""calibrationMs"":100}",transfer,4,6113,0.04937625290364795,301.8370339999999,3.181039999999996,19.589422000000013,69700,-0.16790359113988407,15556,1000.028817,"[{""calls"":3056,""ms"":151.00119000000018},{""calls"":3057,""ms"":150.79698200000007}]","[0.04941138416230372,0.04932842067386329]"
historical-separate,Prior checked16 transfer: test-map-set-ops,test-map-set-ops,typescript,/home/ai/bend2/build/publish/bend/selfhost/build/phase30/final-transfer-plan-16/test-map-set-ops-timing/report.json,c1b1b1fa58c05ed4b92518d00175f54353e9e6cf2430e2bf7c8d91d69ba0683b,91812e3092688bdc609a2f9f21c1280120b8392eab7cd7148586702bf551e9bf,"{""args"":[],""expected"":11111,""exportName"":""main.out"",""warmupCalls"":3,""warmupMs"":1000,""calibrationMs"":100}",transfer,0,13602,0.022584906925452126,307.19990399999983,5.229678999999997,3.1697300000000013,66908,-1.8492498411552538,32585,1000.0385210000001,"[{""calls"":6801,""ms"":154.91865599999983},{""calls"":6801,""ms"":152.05382299999997}]","[0.02277880546978383,0.022357568445816788]"
historical-separate,Prior checked16 transfer: test-map-set-ops,test-map-set-ops,typescript,/home/ai/bend2/build/publish/bend/selfhost/build/phase30/final-transfer-plan-16/test-map-set-ops-timing/report.json,c1b1b1fa58c05ed4b92518d00175f54353e9e6cf2430e2bf7c8d91d69ba0683b,91812e3092688bdc609a2f9f21c1280120b8392eab7cd7148586702bf551e9bf,"{""args"":[],""expected"":11111,""exportName"":""main.out"",""warmupCalls"":3,""warmupMs"":1000,""calibrationMs"":100}",transfer,1,13602,0.023313200485222757,317.10615299999995,5.23731200000001,3.1370410000000035,67408,-1.7302126380747684,31485,1000.027022,"[{""calls"":6801,""ms"":159.78746999999998},{""calls"":6801,""ms"":157.02280700000006}]","[0.023494702249669163,0.02308819394206735]"
historical-separate,Prior checked16 transfer: test-map-set-ops,test-map-set-ops,typescript,/home/ai/bend2/build/publish/bend/selfhost/build/phase30/final-transfer-plan-16/test-map-set-ops-timing/report.json,c1b1b1fa58c05ed4b92518d00175f54353e9e6cf2430e2bf7c8d91d69ba0683b,91812e3092688bdc609a2f9f21c1280120b8392eab7cd7148586702bf551e9bf,"{""args"":[],""expected"":11111,""exportName"":""main.out"",""warmupCalls"":3,""warmupMs"":1000,""calibrationMs"":100}",transfer,2,13602,0.023423165343331862,318.601895,5.343016000000006,3.125937999999998,67316,-0.9000402804549945,31003,1000.024924,"[{""calls"":6801,""ms"":159.88151100000005},{""calls"":6801,""ms"":158.44251299999996}]","[0.02350852977503309,0.023296943537715036]"
historical-separate,Prior checked16 transfer: test-map-set-ops,test-map-set-ops,typescript,/home/ai/bend2/build/publish/bend/selfhost/build/phase30/final-transfer-plan-16/test-map-set-ops-timing/report.json,c1b1b1fa58c05ed4b92518d00175f54353e9e6cf2430e2bf7c8d91d69ba0683b,91812e3092688bdc609a2f9f21c1280120b8392eab7cd7148586702bf551e9bf,"{""args"":[],""expected"":11111,""exportName"":""main.out"",""warmupCalls"":3,""warmupMs"":1000,""calibrationMs"":100}",transfer,3,13602,0.02253123430377886,306.46984900000007,5.294933,3.1339559999999977,68568,0.37939101975652534,31473,1000.0404910000001,"[{""calls"":6801,""ms"":152.81806099999994},{""calls"":6801,""ms"":153.39783899999998}]","[0.022469939861785023,0.022555188795765325]"
historical-separate,Prior checked16 transfer: test-map-set-ops,test-map-set-ops,typescript,/home/ai/bend2/build/publish/bend/selfhost/build/phase30/final-transfer-plan-16/test-map-set-ops-timing/report.json,c1b1b1fa58c05ed4b92518d00175f54353e9e6cf2430e2bf7c8d91d69ba0683b,91812e3092688bdc609a2f9f21c1280120b8392eab7cd7148586702bf551e9bf,"{""args"":[],""expected"":11111,""exportName"":""main.out"",""warmupCalls"":3,""warmupMs"":1000,""calibrationMs"":100}",transfer,4,13602,0.023200174312601084,315.56877099999997,5.284129,3.1138659999999945,70816,0.817761724093824,31400,1000.040684,"[{""calls"":6801,""ms"":157.01872100000014},{""calls"":6801,""ms"":158.3027599999998}]","[0.023087593148066483,0.023276394647845877]"
historical-separate,Prior checked16 transfer: test-map-set-ops,test-map-set-ops,phase29,/home/ai/bend2/build/publish/bend/selfhost/build/phase30/final-transfer-plan-16/test-map-set-ops-timing/report.json,c1b1b1fa58c05ed4b92518d00175f54353e9e6cf2430e2bf7c8d91d69ba0683b,a05e0f45be9d5aa3057c296ea767782798df49f582b4b17d80800589184388e5,"{""args"":[],""expected"":11111,""exportName"":""main.out"",""warmupCalls"":3,""warmupMs"":1000,""calibrationMs"":100}",transfer,0,118,2.3285589491525434,274.7699560000001,31.267130999999992,22.055636000000007,73712,38.51930442083906,424,1000.715314,"[{""calls"":59,""ms"":115.17216799999983},{""calls"":59,""ms"":159.53568599999994}]","[1.9520706440677937,2.703994677966101]"
historical-separate,Prior checked16 transfer: test-map-set-ops,test-map-set-ops,phase29,/home/ai/bend2/build/publish/bend/selfhost/build/phase30/final-transfer-plan-16/test-map-set-ops-timing/report.json,c1b1b1fa58c05ed4b92518d00175f54353e9e6cf2430e2bf7c8d91d69ba0683b,a05e0f45be9d5aa3057c296ea767782798df49f582b4b17d80800589184388e5,"{""args"":[],""expected"":11111,""exportName"":""main.out"",""warmupCalls"":3,""warmupMs"":1000,""calibrationMs"":100}",transfer,1,118,2.3431051694915253,276.48641,31.163185999999996,22.305666999999993,73352,44.3188982943967,426,1000.762275,"[{""calls"":59,""ms"":113.14528999999993},{""calls"":59,""ms"":163.2900360000001}]","[1.9177167796610157,2.767627728813561]"
historical-separate,Prior checked16 transfer: test-map-set-ops,test-map-set-ops,phase29,/home/ai/bend2/build/publish/bend/selfhost/build/phase30/final-transfer-plan-16/test-map-set-ops-timing/report.json,c1b1b1fa58c05ed4b92518d00175f54353e9e6cf2430e2bf7c8d91d69ba0683b,a05e0f45be9d5aa3057c296ea767782798df49f582b4b17d80800589184388e5,"{""args"":[],""expected"":11111,""exportName"":""main.out"",""warmupCalls"":3,""warmupMs"":1000,""calibrationMs"":100}",transfer,2,118,3.484179220338984,411.1331480000001,31.077156000000002,22.084148999999996,78876,70.36227456907005,426,1001.098348,"[{""calls"":59,""ms"":152.04269},{""calls"":59,""ms"":259.02338499999996}]","[2.5769947457627116,4.390226864406779]"
historical-separate,Prior checked16 transfer: test-map-set-ops,test-map-set-ops,phase29,/home/ai/bend2/build/publish/bend/selfhost/build/phase30/final-transfer-plan-16/test-map-set-ops-timing/report.json,c1b1b1fa58c05ed4b92518d00175f54353e9e6cf2430e2bf7c8d91d69ba0683b,a05e0f45be9d5aa3057c296ea767782798df49f582b4b17d80800589184388e5,"{""args"":[],""expected"":11111,""exportName"":""main.out"",""warmupCalls"":3,""warmupMs"":1000,""calibrationMs"":100}",transfer,3,118,2.2841082372881356,269.524772,30.96099199999999,22.129443000000002,73788,39.34166282978826,428,1000.060757,"[{""calls"":59,""ms"":112.58935900000006},{""calls"":59,""ms"":156.88388499999996}]","[1.908294220338984,2.659048898305084]"
historical-separate,Prior checked16 transfer: test-map-set-ops,test-map-set-ops,phase29,/home/ai/bend2/build/publish/bend/selfhost/build/phase30/final-transfer-plan-16/test-map-set-ops-timing/report.json,c1b1b1fa58c05ed4b92518d00175f54353e9e6cf2430e2bf7c8d91d69ba0683b,a05e0f45be9d5aa3057c296ea767782798df49f582b4b17d80800589184388e5,"{""args"":[],""expected"":11111,""exportName"":""main.out"",""warmupCalls"":3,""warmupMs"":1000,""calibrationMs"":100}",transfer,4,118,2.3092709152542374,272.493968,30.967888000000002,22.116459999999996,73340,39.59007319576908,425,1001.3865509999999,"[{""calls"":59,""ms"":113.71244699999988},{""calls"":59,""ms"":158.73128799999995}]","[1.9273296101694894,2.6903608135593213]"
historical-separate,Prior checked16 transfer: test-map-set-ops,test-map-set-ops,candidate,/home/ai/bend2/build/publish/bend/selfhost/build/phase30/final-transfer-plan-16/test-map-set-ops-timing/report.json,c1b1b1fa58c05ed4b92518d00175f54353e9e6cf2430e2bf7c8d91d69ba0683b,0c48976e7e9d27787bf0cdbcaa8d9ae5f01cc4c4494ccc91ddf6e1da980a88dd,"{""args"":[],""expected"":11111,""exportName"":""main.out"",""warmupCalls"":3,""warmupMs"":1000,""calibrationMs"":100}",transfer,0,124,2.115985112903225,262.3821539999999,33.355227,27.781856000000005,73328,36.20106818882183,434,1001.132091,"[{""calls"":62,""ms"":111.061825},{""calls"":62,""ms"":151.26739199999997}]","[1.7913197580645162,2.43979664516129]"
historical-separate,Prior checked16 transfer: test-map-set-ops,test-map-set-ops,candidate,/home/ai/bend2/build/publish/bend/selfhost/build/phase30/final-transfer-plan-16/test-map-set-ops-timing/report.json,c1b1b1fa58c05ed4b92518d00175f54353e9e6cf2430e2bf7c8d91d69ba0683b,0c48976e7e9d27787bf0cdbcaa8d9ae5f01cc4c4494ccc91ddf6e1da980a88dd,"{""args"":[],""expected"":11111,""exportName"":""main.out"",""warmupCalls"":3,""warmupMs"":1000,""calibrationMs"":100}",transfer,1,124,2.1125755564516124,261.9593689999999,31.047503000000006,22.266907999999994,76100,37.317888908611096,435,1000.5125,"[{""calls"":62,""ms"":110.36155099999996},{""calls"":62,""ms"":151.54615200000012}]","[1.7800250161290316,2.4442927741935505]"
historical-separate,Prior checked16 transfer: test-map-set-ops,test-map-set-ops,candidate,/home/ai/bend2/build/publish/bend/selfhost/build/phase30/final-transfer-plan-16/test-map-set-ops-timing/report.json,c1b1b1fa58c05ed4b92518d00175f54353e9e6cf2430e2bf7c8d91d69ba0683b,0c48976e7e9d27787bf0cdbcaa8d9ae5f01cc4c4494ccc91ddf6e1da980a88dd,"{""args"":[],""expected"":11111,""exportName"":""main.out"",""warmupCalls"":3,""warmupMs"":1000,""calibrationMs"":100}",transfer,2,124,2.0927908951612904,259.506071,31.138696999999993,22.443608000000005,73300,35.299176411381204,438,1001.2112930000001,"[{""calls"":62,""ms"":110.26524399999994},{""calls"":62,""ms"":149.18796699999984}]","[1.7784716774193539,2.406257532258062]"
historical-separate,Prior checked16 transfer: test-map-set-ops,test-map-set-ops,candidate,/home/ai/bend2/build/publish/bend/selfhost/build/phase30/final-transfer-plan-16/test-map-set-ops-timing/report.json,c1b1b1fa58c05ed4b92518d00175f54353e9e6cf2430e2bf7c8d91d69ba0683b,0c48976e7e9d27787bf0cdbcaa8d9ae5f01cc4c4494ccc91ddf6e1da980a88dd,"{""args"":[],""expected"":11111,""exportName"":""main.out"",""warmupCalls"":3,""warmupMs"":1000,""calibrationMs"":100}",transfer,3,124,2.1106989516129033,261.72667,31.156789999999987,22.275828999999995,72936,35.31406178669905,435,1000.8092429999999,"[{""calls"":62,""ms"":111.20176500000002},{""calls"":62,""ms"":150.4716249999999}]","[1.79357685483871,2.4269616935483858]"
historical-separate,Prior checked16 transfer: test-map-set-ops,test-map-set-ops,candidate,/home/ai/bend2/build/publish/bend/selfhost/build/phase30/final-transfer-plan-16/test-map-set-ops-timing/report.json,c1b1b1fa58c05ed4b92518d00175f54353e9e6cf2430e2bf7c8d91d69ba0683b,0c48976e7e9d27787bf0cdbcaa8d9ae5f01cc4c4494ccc91ddf6e1da980a88dd,"{""args"":[],""expected"":11111,""exportName"":""main.out"",""warmupCalls"":3,""warmupMs"":1000,""calibrationMs"":100}",transfer,4,124,2.096768669354839,259.999315,31.20509899999999,22.450228999999993,73212,35.619277841340406,438,1000.0561510000001,"[{""calls"":62,""ms"":110.32484199999999},{""calls"":62,""ms"":149.62175399999978}]","[1.7794329354838707,2.4132540967741902]"
historical-separate,Prior checked16 transfer: raytrace,raytrace,typescript,/home/ai/bend2/build/publish/bend/selfhost/build/phase30/final-transfer-plan-16/raytrace-timing/report.json,15bf45558cbc4a93c069600ac50085608d05c8dc9e69ed6058807158141aa066,87bd526f04705416db047a31eb4ccc186f1c90f5c911f57736a3216a7629ddd2,"{""args"":[80,0],""expected"":402971,""exportName"":""bench"",""warmupCalls"":3,""warmupMs"":1000,""calibrationMs"":100}",transfer,0,9,34.09695100000002,306.87255900000014,128.354886,2.4811359999999993,65196,-0.7534068513410985,29,1007.7881499999999,"[{""calls"":4,""ms"":136.942503},{""calls"":5,""ms"":169.888461}]","[34.23562575,33.9776922]"
historical-separate,Prior checked16 transfer: raytrace,raytrace,typescript,/home/ai/bend2/build/publish/bend/selfhost/build/phase30/final-transfer-plan-16/raytrace-timing/report.json,15bf45558cbc4a93c069600ac50085608d05c8dc9e69ed6058807158141aa066,87bd526f04705416db047a31eb4ccc186f1c90f5c911f57736a3216a7629ddd2,"{""args"":[80,0],""expected"":402971,""exportName"":""bench"",""warmupCalls"":3,""warmupMs"":1000,""calibrationMs"":100}",transfer,1,9,34.273827999999995,308.46445199999994,124.85944200000002,2.479373999999993,67720,-1.62282705257224,28,1004.8253860000001,"[{""calls"":4,""ms"":138.3235259999999},{""calls"":5,""ms"":170.09846800000014}]","[34.580881499999975,34.019693600000025]"
historical-separate,Prior checked16 transfer: raytrace,raytrace,typescript,/home/ai/bend2/build/publish/bend/selfhost/build/phase30/final-transfer-plan-16/raytrace-timing/report.json,15bf45558cbc4a93c069600ac50085608d05c8dc9e69ed6058807158141aa066,87bd526f04705416db047a31eb4ccc186f1c90f5c911f57736a3216a7629ddd2,"{""args"":[80,0],""expected"":402971,""exportName"":""bench"",""warmupCalls"":3,""warmupMs"":1000,""calibrationMs"":100}",transfer,2,9,34.03249044444445,306.292414,124.427497,2.4017769999999956,67608,-0.8606338574171812,29,1006.9980929999999,"[{""calls"":4,""ms"":136.76694099999986},{""calls"":5,""ms"":169.4873480000001}]","[34.191735249999965,33.89746960000002]"
historical-separate,Prior checked16 transfer: raytrace,raytrace,typescript,/home/ai/bend2/build/publish/bend/selfhost/build/phase30/final-transfer-plan-16/raytrace-timing/report.json,15bf45558cbc4a93c069600ac50085608d05c8dc9e69ed6058807158141aa066,87bd526f04705416db047a31eb4ccc186f1c90f5c911f57736a3216a7629ddd2,"{""args"":[80,0],""expected"":402971,""exportName"":""bench"",""warmupCalls"":3,""warmupMs"":1000,""calibrationMs"":100}",transfer,3,9,34.22580333333334,308.03223,125.171514,2.409879999999994,69920,-0.46497506910263553,29,1009.3512969999999,"[{""calls"":4,""ms"":137.239143},{""calls"":5,""ms"":170.75126899999987}]","[34.30978575,34.15025379999997]"
historical-separate,Prior checked16 transfer: raytrace,raytrace,typescript,/home/ai/bend2/build/publish/bend/selfhost/build/phase30/final-transfer-plan-16/raytrace-timing/report.json,15bf45558cbc4a93c069600ac50085608d05c8dc9e69ed6058807158141aa066,87bd526f04705416db047a31eb4ccc186f1c90f5c911f57736a3216a7629ddd2,"{""args"":[80,0],""expected"":402971,""exportName"":""bench"",""warmupCalls"":3,""warmupMs"":1000,""calibrationMs"":100}",transfer,4,9,34.23339555555554,308.10055999999986,126.788622,2.528573999999999,68728,-0.20900576751248234,29,1011.087238,"[{""calls"":4,""ms"":137.07382499999994},{""calls"":5,""ms"":170.98416599999996}]","[34.268456249999986,34.19683319999999]"
historical-separate,Prior checked16 transfer: raytrace,raytrace,phase29,/home/ai/bend2/build/publish/bend/selfhost/build/phase30/final-transfer-plan-16/raytrace-timing/report.json,15bf45558cbc4a93c069600ac50085608d05c8dc9e69ed6058807158141aa066,52a93a16fe13e01b7e6cbce350d0f22d7fe0c7581ed649482a5002bfa7d3454c,"{""args"":[80,0],""expected"":402971,""exportName"":""bench"",""warmupCalls"":3,""warmupMs"":1000,""calibrationMs"":100}",transfer,0,1,10660.504097999998,10660.504097999998,11516.437434000001,20.412216,134628,,3,32173.639167,"[{""calls"":1,""ms"":10660.469721000001}]",[10660.469721000001]
historical-separate,Prior checked16 transfer: raytrace,raytrace,phase29,/home/ai/bend2/build/publish/bend/selfhost/build/phase30/final-transfer-plan-16/raytrace-timing/report.json,15bf45558cbc4a93c069600ac50085608d05c8dc9e69ed6058807158141aa066,52a93a16fe13e01b7e6cbce350d0f22d7fe0c7581ed649482a5002bfa7d3454c,"{""args"":[80,0],""expected"":402971,""exportName"":""bench"",""warmupCalls"":3,""warmupMs"":1000,""calibrationMs"":100}",transfer,1,1,10609.546585999997,10609.546585999997,11460.674636,20.200461999999995,134092,,3,31983.130469999996,"[{""calls"":1,""ms"":10609.512937}]",[10609.512937]
historical-separate,Prior checked16 transfer: raytrace,raytrace,phase29,/home/ai/bend2/build/publish/bend/selfhost/build/phase30/final-transfer-plan-16/raytrace-timing/report.json,15bf45558cbc4a93c069600ac50085608d05c8dc9e69ed6058807158141aa066,52a93a16fe13e01b7e6cbce350d0f22d7fe0c7581ed649482a5002bfa7d3454c,"{""args"":[80,0],""expected"":402971,""exportName"":""bench"",""warmupCalls"":3,""warmupMs"":1000,""calibrationMs"":100}",transfer,2,1,11033.455134999997,11033.455134999997,11591.398822,20.287254000000004,136356,,3,33284.367877,"[{""calls"":1,""ms"":11033.397701000002}]",[11033.397701000002]
historical-separate,Prior checked16 transfer: raytrace,raytrace,phase29,/home/ai/bend2/build/publish/bend/selfhost/build/phase30/final-transfer-plan-16/raytrace-timing/report.json,15bf45558cbc4a93c069600ac50085608d05c8dc9e69ed6058807158141aa066,52a93a16fe13e01b7e6cbce350d0f22d7fe0c7581ed649482a5002bfa7d3454c,"{""args"":[80,0],""expected"":402971,""exportName"":""bench"",""warmupCalls"":3,""warmupMs"":1000,""calibrationMs"":100}",transfer,3,1,10478.489168,10478.489168,11373.888832999999,20.281428000000005,134852,,3,31735.755168999996,"[{""calls"":1,""ms"":10478.457031999998}]",[10478.457031999998]
historical-separate,Prior checked16 transfer: raytrace,raytrace,phase29,/home/ai/bend2/build/publish/bend/selfhost/build/phase30/final-transfer-plan-16/raytrace-timing/report.json,15bf45558cbc4a93c069600ac50085608d05c8dc9e69ed6058807158141aa066,52a93a16fe13e01b7e6cbce350d0f22d7fe0c7581ed649482a5002bfa7d3454c,"{""args"":[80,0],""expected"":402971,""exportName"":""bench"",""warmupCalls"":3,""warmupMs"":1000,""calibrationMs"":100}",transfer,4,1,10477.826405,10477.826405,11420.425510000001,20.670614999999998,134836,,3,31752.454335,"[{""calls"":1,""ms"":10477.792975000004}]",[10477.792975000004]
historical-separate,Prior checked16 transfer: raytrace,raytrace,candidate,/home/ai/bend2/build/publish/bend/selfhost/build/phase30/final-transfer-plan-16/raytrace-timing/report.json,15bf45558cbc4a93c069600ac50085608d05c8dc9e69ed6058807158141aa066,20ce5769136718880c32761d8d79cb63847512918903e4a0e0b33f221166d307,"{""args"":[80,0],""expected"":402971,""exportName"":""bench"",""warmupCalls"":3,""warmupMs"":1000,""calibrationMs"":100}",transfer,0,1,10931.432371000003,10931.432371000003,11749.510213,20.46528200000001,135032,,3,33179.655442999996,"[{""calls"":1,""ms"":10931.398486999999}]",[10931.398486999999]
historical-separate,Prior checked16 transfer: raytrace,raytrace,candidate,/home/ai/bend2/build/publish/bend/selfhost/build/phase30/final-transfer-plan-16/raytrace-timing/report.json,15bf45558cbc4a93c069600ac50085608d05c8dc9e69ed6058807158141aa066,20ce5769136718880c32761d8d79cb63847512918903e4a0e0b33f221166d307,"{""args"":[80,0],""expected"":402971,""exportName"":""bench"",""warmupCalls"":3,""warmupMs"":1000,""calibrationMs"":100}",transfer,1,1,10741.81613,10741.81613,11611.883706999999,20.473417999999995,135296,,3,32551.441102,"[{""calls"":1,""ms"":10741.782217}]",[10741.782217]
historical-separate,Prior checked16 transfer: raytrace,raytrace,candidate,/home/ai/bend2/build/publish/bend/selfhost/build/phase30/final-transfer-plan-16/raytrace-timing/report.json,15bf45558cbc4a93c069600ac50085608d05c8dc9e69ed6058807158141aa066,20ce5769136718880c32761d8d79cb63847512918903e4a0e0b33f221166d307,"{""args"":[80,0],""expected"":402971,""exportName"":""bench"",""warmupCalls"":3,""warmupMs"":1000,""calibrationMs"":100}",transfer,2,1,10789.490797999999,10789.490797999999,11708.092105,20.571837000000002,134316,,3,32759.681994,"[{""calls"":1,""ms"":10789.455841999996}]",[10789.455841999996]
historical-separate,Prior checked16 transfer: raytrace,raytrace,candidate,/home/ai/bend2/build/publish/bend/selfhost/build/phase30/final-transfer-plan-16/raytrace-timing/report.json,15bf45558cbc4a93c069600ac50085608d05c8dc9e69ed6058807158141aa066,20ce5769136718880c32761d8d79cb63847512918903e4a0e0b33f221166d307,"{""args"":[80,0],""expected"":402971,""exportName"":""bench"",""warmupCalls"":3,""warmupMs"":1000,""calibrationMs"":100}",transfer,3,1,10805.684143999999,10805.684143999999,11700.390304,20.787395000000004,137896,,3,32789.550986999995,"[{""calls"":1,""ms"":10805.648983}]",[10805.648983]
historical-separate,Prior checked16 transfer: raytrace,raytrace,candidate,/home/ai/bend2/build/publish/bend/selfhost/build/phase30/final-transfer-plan-16/raytrace-timing/report.json,15bf45558cbc4a93c069600ac50085608d05c8dc9e69ed6058807158141aa066,20ce5769136718880c32761d8d79cb63847512918903e4a0e0b33f221166d307,"{""args"":[80,0],""expected"":402971,""exportName"":""bench"",""warmupCalls"":3,""warmupMs"":1000,""calibrationMs"":100}",transfer,4,1,10746.629752999994,10746.629752999994,11589.422483,21.517052000000007,135612,,3,32662.341168,"[{""calls"":1,""ms"":10746.595986}]",[10746.595986]
historical-separate,P30-030 isolated RLE confirmation,registration-rle,phase29,/home/ai/bend2/build/publish/bend/selfhost/build/phase30/registration-confirm-rle16/report.json,7f076ef8627605a318e6bb76cc0b6f3f5ccdf3d9464ac6a433288ebe49207ba1,ad8657b5b37a6a1fc1cf2054b37cd19a9626e0c26737887a2000bae08d05e483,"{""args"":[],""expected"":11,""exportName"":""main.out"",""warmupCalls"":100,""warmupMs"":3000,""calibrationMs"":50}",confirm,0,6784,0.04427851547759432,300.3854489999999,3.1345839999999896,19.483492999999996,69556,0.43643458859012885,62730,3000.042045,"[{""calls"":3392,""ms"":149.8462810000001},{""calls"":3392,""ms"":150.50026200000002}]","[0.04417638001179248,0.04436918101415095]"
historical-separate,P30-030 isolated RLE confirmation,registration-rle,phase29,/home/ai/bend2/build/publish/bend/selfhost/build/phase30/registration-confirm-rle16/report.json,7f076ef8627605a318e6bb76cc0b6f3f5ccdf3d9464ac6a433288ebe49207ba1,ad8657b5b37a6a1fc1cf2054b37cd19a9626e0c26737887a2000bae08d05e483,"{""args"":[],""expected"":11,""exportName"":""main.out"",""warmupCalls"":100,""warmupMs"":3000,""calibrationMs"":50}",confirm,1,6784,0.043977195312499995,298.34129299999995,3.149321999999998,19.69612,70200,-0.9184776650865145,62861,3000.060595,"[{""calls"":3392,""ms"":149.83935400000018},{""calls"":3392,""ms"":148.46311300000025}]","[0.044174337853773636,0.04376860642688687]"
historical-separate,P30-030 isolated RLE confirmation,registration-rle,phase29,/home/ai/bend2/build/publish/bend/selfhost/build/phase30/registration-confirm-rle16/report.json,7f076ef8627605a318e6bb76cc0b6f3f5ccdf3d9464ac6a433288ebe49207ba1,ad8657b5b37a6a1fc1cf2054b37cd19a9626e0c26737887a2000bae08d05e483,"{""args"":[],""expected"":11,""exportName"":""main.out"",""warmupCalls"":100,""warmupMs"":3000,""calibrationMs"":50}",confirm,2,6784,0.044525474646226436,302.06082000000015,3.181079000000011,19.456218,69188,-0.8848620306059707,61907,3000.049831,"[{""calls"":3392,""ms"":151.6825170000002},{""calls"":3392,""ms"":150.34033599999975}]","[0.04471772317216987,0.04432203301886785]"
historical-separate,P30-030 isolated RLE confirmation,registration-rle,phase29,/home/ai/bend2/build/publish/bend/selfhost/build/phase30/registration-confirm-rle16/report.json,7f076ef8627605a318e6bb76cc0b6f3f5ccdf3d9464ac6a433288ebe49207ba1,ad8657b5b37a6a1fc1cf2054b37cd19a9626e0c26737887a2000bae08d05e483,"{""args"":[],""expected"":11,""exportName"":""main.out"",""warmupCalls"":100,""warmupMs"":3000,""calibrationMs"":50}",confirm,3,6784,0.04442524086084906,301.38083400000005,3.164340999999993,19.858228000000004,69248,0.08959541132118609,62398,3000.0595040000003,"[{""calls"":3392,""ms"":150.6036949999998},{""calls"":3392,""ms"":150.73862899999995}]","[0.044399674233490505,0.044439454304245264]"
historical-separate,P30-030 isolated RLE confirmation,registration-rle,phase29,/home/ai/bend2/build/publish/bend/selfhost/build/phase30/registration-confirm-rle16/report.json,7f076ef8627605a318e6bb76cc0b6f3f5ccdf3d9464ac6a433288ebe49207ba1,ad8657b5b37a6a1fc1cf2054b37cd19a9626e0c26737887a2000bae08d05e483,"{""args"":[],""expected"":11,""exportName"":""main.out"",""warmupCalls"":100,""warmupMs"":3000,""calibrationMs"":50}",confirm,4,6784,0.04422447700471693,300.0188519999997,3.3905710000000084,20.88907900000001,70268,0.8001129434819232,62353,3000.056522,"[{""calls"":3392,""ms"":149.39153399999987},{""calls"":3392,""ms"":150.58683500000006}]","[0.04404231544811317,0.04439470371462266]"
historical-separate,P30-030 isolated RLE confirmation,registration-rle,unchanged16,/home/ai/bend2/build/publish/bend/selfhost/build/phase30/registration-confirm-rle16/report.json,7f076ef8627605a318e6bb76cc0b6f3f5ccdf3d9464ac6a433288ebe49207ba1,2ac708214d34a4a77058a4b54901a50be550e6e94df481335f10867e836accda,"{""args"":[],""expected"":11,""exportName"":""main.out"",""warmupCalls"":100,""warmupMs"":3000,""calibrationMs"":50}",confirm,0,6199,0.04850821229230523,300.7024080000001,3.155185000000003,19.787654000000003,68888,-0.36474388573531913,56901,3000.027613,"[{""calls"":3099,""ms"":150.58189300000004},{""calls"":3100,""ms"":150.08106799999996}]","[0.048590478541465,0.04841324774193547]"
historical-separate,P30-030 isolated RLE confirmation,registration-rle,unchanged16,/home/ai/bend2/build/publish/bend/selfhost/build/phase30/registration-confirm-rle16/report.json,7f076ef8627605a318e6bb76cc0b6f3f5ccdf3d9464ac6a433288ebe49207ba1,2ac708214d34a4a77058a4b54901a50be550e6e94df481335f10867e836accda,"{""args"":[],""expected"":11,""exportName"":""main.out"",""warmupCalls"":100,""warmupMs"":3000,""calibrationMs"":50}",confirm,1,6199,0.04827164429746729,299.23592299999973,3.2074690000000032,19.641117,69260,-0.626427841400401,56891,3000.062469,"[{""calls"":3099,""ms"":150.04319600000008},{""calls"":3100,""ms"":149.1513970000001}]","[0.048416649241690896,0.04811335387096777]"
historical-separate,P30-030 isolated RLE confirmation,registration-rle,unchanged16,/home/ai/bend2/build/publish/bend/selfhost/build/phase30/registration-confirm-rle16/report.json,7f076ef8627605a318e6bb76cc0b6f3f5ccdf3d9464ac6a433288ebe49207ba1,2ac708214d34a4a77058a4b54901a50be550e6e94df481335f10867e836accda,"{""args"":[],""expected"":11,""exportName"":""main.out"",""warmupCalls"":100,""warmupMs"":3000,""calibrationMs"":50}",confirm,2,6199,0.048718867720600086,302.00826099999995,3.1973019999999934,19.850426999999996,69132,-1.808681854570826,57147,3000.071261,"[{""calls"":3099,""ms"":152.33818500000007},{""calls"":3100,""ms"":149.63113999999996}]","[0.04915720716360118,0.04826810967741934]"
historical-separate,P30-030 isolated RLE confirmation,registration-rle,unchanged16,/home/ai/bend2/build/publish/bend/selfhost/build/phase30/registration-confirm-rle16/report.json,7f076ef8627605a318e6bb76cc0b6f3f5ccdf3d9464ac6a433288ebe49207ba1,2ac708214d34a4a77058a4b54901a50be550e6e94df481335f10867e836accda,"{""args"":[],""expected"":11,""exportName"":""main.out"",""warmupCalls"":100,""warmupMs"":3000,""calibrationMs"":50}",confirm,3,6199,0.04853590901758348,300.8741,3.1583510000000103,19.528759,69032,-0.2426480055989444,55940,3000.034674,"[{""calls"":3099,""ms"":150.576008},{""calls"":3100,""ms"":150.25910900000008}]","[0.04858857954178768,0.04847068032258067]"
historical-separate,P30-030 isolated RLE confirmation,registration-rle,unchanged16,/home/ai/bend2/build/publish/bend/selfhost/build/phase30/registration-confirm-rle16/report.json,7f076ef8627605a318e6bb76cc0b6f3f5ccdf3d9464ac6a433288ebe49207ba1,2ac708214d34a4a77058a4b54901a50be550e6e94df481335f10867e836accda,"{""args"":[],""expected"":11,""exportName"":""main.out"",""warmupCalls"":100,""warmupMs"":3000,""calibrationMs"":50}",confirm,4,6199,0.048415282303597415,300.1263350000004,3.200293000000002,19.719146000000002,69028,0.4643464159345134,56767,3000.038826,"[{""calls"":3099,""ms"":149.67145600000003},{""calls"":3100,""ms"":150.41497100000015}]","[0.04829669441755406,0.04852095838709682]"
historical-separate,P30-030 isolated RLE confirmation,registration-rle,direct,/home/ai/bend2/build/publish/bend/selfhost/build/phase30/registration-confirm-rle16/report.json,7f076ef8627605a318e6bb76cc0b6f3f5ccdf3d9464ac6a433288ebe49207ba1,b9f8c1e410c093f21745ba687fafd1b5c2b336794f0793763c643c40a6c5b570,"{""args"":[],""expected"":11,""exportName"":""main.out"",""warmupCalls"":100,""warmupMs"":3000,""calibrationMs"":50}",confirm,0,6101,0.04661181248975575,284.37866799999983,3.124842000000001,19.867500000000007,69380,-0.43617789592611533,59323,3000.0514940000003,"[{""calls"":3050,""ms"":142.45341700000017},{""calls"":3051,""ms"":141.87856899999997}]","[0.046706038360655795,0.04650231694526384]"
historical-separate,P30-030 isolated RLE confirmation,registration-rle,direct,/home/ai/bend2/build/publish/bend/selfhost/build/phase30/registration-confirm-rle16/report.json,7f076ef8627605a318e6bb76cc0b6f3f5ccdf3d9464ac6a433288ebe49207ba1,b9f8c1e410c093f21745ba687fafd1b5c2b336794f0793763c643c40a6c5b570,"{""args"":[],""expected"":11,""exportName"":""main.out"",""warmupCalls"":100,""warmupMs"":3000,""calibrationMs"":50}",confirm,1,6101,0.046590873299459136,284.2509180000002,3.0815819999999974,19.710213000000003,69244,0.04409029445506807,59607,3000.178363,"[{""calls"":3050,""ms"":142.05186200000026},{""calls"":3051,""ms"":142.1610880000003}]","[0.04657438098360664,0.04659491576532294]"
historical-separate,P30-030 isolated RLE confirmation,registration-rle,direct,/home/ai/bend2/build/publish/bend/selfhost/build/phase30/registration-confirm-rle16/report.json,7f076ef8627605a318e6bb76cc0b6f3f5ccdf3d9464ac6a433288ebe49207ba1,b9f8c1e410c093f21745ba687fafd1b5c2b336794f0793763c643c40a6c5b570,"{""args"":[],""expected"":11,""exportName"":""main.out"",""warmupCalls"":100,""warmupMs"":3000,""calibrationMs"":50}",confirm,2,6101,0.04690307277495493,286.15564700000004,3.0989759999999933,19.638816999999996,69172,-2.21400243830272,59521,3000.031641,"[{""calls"":3050,""ms"":144.63605299999972},{""calls"":3051,""ms"":141.48017900000013}]","[0.047421656721311385,0.04637174008521801]"
historical-separate,P30-030 isolated RLE confirmation,registration-rle,direct,/home/ai/bend2/build/publish/bend/selfhost/build/phase30/registration-confirm-rle16/report.json,7f076ef8627605a318e6bb76cc0b6f3f5ccdf3d9464ac6a433288ebe49207ba1,b9f8c1e410c093f21745ba687fafd1b5c2b336794f0793763c643c40a6c5b570,"{""args"":[],""expected"":11,""exportName"":""main.out"",""warmupCalls"":100,""warmupMs"":3000,""calibrationMs"":50}",confirm,3,6101,0.0467443655138502,285.1873740000001,3.1569330000000093,19.694986999999998,69440,-0.3604688931526212,59479,3000.035962,"[{""calls"":3050,""ms"":142.80803000000014},{""calls"":3051,""ms"":142.33990499999982}]","[0.04682230491803283,0.04665352507374625]"
historical-separate,P30-030 isolated RLE confirmation,registration-rle,direct,/home/ai/bend2/build/publish/bend/selfhost/build/phase30/registration-confirm-rle16/report.json,7f076ef8627605a318e6bb76cc0b6f3f5ccdf3d9464ac6a433288ebe49207ba1,b9f8c1e410c093f21745ba687fafd1b5c2b336794f0793763c643c40a6c5b570,"{""args"":[],""expected"":11,""exportName"":""main.out"",""warmupCalls"":100,""warmupMs"":3000,""calibrationMs"":50}",confirm,4,6101,0.04630890067202101,282.53060300000016,3.071413000000007,19.741464999999998,69792,-0.01701048519137105,59960,3000.035055,"[{""calls"":3050,""ms"":141.22915599999988},{""calls"":3051,""ms"":141.25142899999992}]","[0.04630464131147537,0.04629676466732216]"
historical-separate,P30-030 isolated RLE confirmation,registration-rle,flag,/home/ai/bend2/build/publish/bend/selfhost/build/phase30/registration-confirm-rle16/report.json,7f076ef8627605a318e6bb76cc0b6f3f5ccdf3d9464ac6a433288ebe49207ba1,2941abe82d0cd8b06dbe7bbbd0067c92ade9df5fcd3f7fa8b84fbbca07945d69,"{""args"":[],""expected"":11,""exportName"":""main.out"",""warmupCalls"":100,""warmupMs"":3000,""calibrationMs"":50}",confirm,0,6495,0.046091725635103914,299.3657579999999,3.193993000000006,19.665977000000005,69208,-0.43132065800844943,60245,3000.042774,"[{""calls"":3247,""ms"":149.96387099999993},{""calls"":3248,""ms"":149.3630320000002}]","[0.04618536218047426,0.045986155172413855]"
historical-separate,P30-030 isolated RLE confirmation,registration-rle,flag,/home/ai/bend2/build/publish/bend/selfhost/build/phase30/registration-confirm-rle16/report.json,7f076ef8627605a318e6bb76cc0b6f3f5ccdf3d9464ac6a433288ebe49207ba1,2941abe82d0cd8b06dbe7bbbd0067c92ade9df5fcd3f7fa8b84fbbca07945d69,"{""args"":[],""expected"":11,""exportName"":""main.out"",""warmupCalls"":100,""warmupMs"":3000,""calibrationMs"":50}",confirm,1,6495,0.04575312856043108,297.16656999999987,3.2016129999999947,19.631998999999993,69432,-0.5512720826742257,59607,3000.169462,"[{""calls"":3247,""ms"":148.95143300000018},{""calls"":3248,""ms"":148.1759259999999}]","[0.04587355497382205,0.04562066687192115]"
historical-separate,P30-030 isolated RLE confirmation,registration-rle,flag,/home/ai/bend2/build/publish/bend/selfhost/build/phase30/registration-confirm-rle16/report.json,7f076ef8627605a318e6bb76cc0b6f3f5ccdf3d9464ac6a433288ebe49207ba1,2941abe82d0cd8b06dbe7bbbd0067c92ade9df5fcd3f7fa8b84fbbca07945d69,"{""args"":[],""expected"":11,""exportName"":""main.out"",""warmupCalls"":100,""warmupMs"":3000,""calibrationMs"":50}",confirm,2,6495,0.04580811593533488,297.52371300000004,3.163088000000002,19.730691,69176,-0.4494896746130128,60122,3000.029067,"[{""calls"":3247,""ms"":149.0550659999999},{""calls"":3248,""ms"":148.43077799999992}]","[0.04590547151216504,0.04569913115763544]"
historical-separate,P30-030 isolated RLE confirmation,registration-rle,flag,/home/ai/bend2/build/publish/bend/selfhost/build/phase30/registration-confirm-rle16/report.json,7f076ef8627605a318e6bb76cc0b6f3f5ccdf3d9464ac6a433288ebe49207ba1,2941abe82d0cd8b06dbe7bbbd0067c92ade9df5fcd3f7fa8b84fbbca07945d69,"{""args"":[],""expected"":11,""exportName"":""main.out"",""warmupCalls"":100,""warmupMs"":3000,""calibrationMs"":50}",confirm,3,6495,0.04628917090069285,300.64816500000006,3.568494000000001,22.517606999999998,69040,-0.719350357635351,59401,3000.065208,"[{""calls"":3247,""ms"":150.82474600000023},{""calls"":3248,""ms"":149.7859040000003}]","[0.04645049153064374,0.04611634975369468]"
historical-separate,P30-030 isolated RLE confirmation,registration-rle,flag,/home/ai/bend2/build/publish/bend/selfhost/build/phase30/registration-confirm-rle16/report.json,7f076ef8627605a318e6bb76cc0b6f3f5ccdf3d9464ac6a433288ebe49207ba1,2941abe82d0cd8b06dbe7bbbd0067c92ade9df5fcd3f7fa8b84fbbca07945d69,"{""args"":[],""expected"":11,""exportName"":""main.out"",""warmupCalls"":100,""warmupMs"":3000,""calibrationMs"":50}",confirm,4,6495,0.04574567251732097,297.1181429999997,3.1809089999999998,19.549177,69140,-0.9750957887604939,60275,3000.146607,"[{""calls"":3247,""ms"":149.24405399999978},{""calls"":3248,""ms"":147.83429699999988}]","[0.045963675392670086,0.045515485529556615]"
historical-separate,P30-030 isolated RLE confirmation,registration-rle,typescript,/home/ai/bend2/build/publish/bend/selfhost/build/phase30/registration-confirm-rle16/report.json,7f076ef8627605a318e6bb76cc0b6f3f5ccdf3d9464ac6a433288ebe49207ba1,f21a8eb4239ff0db7fbfda6121f24b04b48c5478fe6de5798660ca5b417c80a8,"{""args"":[],""expected"":11,""exportName"":""main.out"",""warmupCalls"":100,""warmupMs"":3000,""calibrationMs"":50}",confirm,0,551445,0.0005705322416560133,314.61715200000026,0.5461500000000044,0.9203729999999979,67688,0.7432734176229472,4448723,3000.026403,"[{""calls"":275722,""ms"":156.7004039999997},{""calls"":275723,""ms"":157.86568899999975}]","[0.0005683275328047805,0.0005725517602811508]"
historical-separate,P30-030 isolated RLE confirmation,registration-rle,typescript,/home/ai/bend2/build/publish/bend/selfhost/build/phase30/registration-confirm-rle16/report.json,7f076ef8627605a318e6bb76cc0b6f3f5ccdf3d9464ac6a433288ebe49207ba1,f21a8eb4239ff0db7fbfda6121f24b04b48c5478fe6de5798660ca5b417c80a8,"{""args"":[],""expected"":11,""exportName"":""main.out"",""warmupCalls"":100,""warmupMs"":3000,""calibrationMs"":50}",confirm,1,551445,0.0005604232480120411,309.042598,0.5657569999999978,0.9106069999999988,67832,1.2827047267345293,4450305,3000.026144,"[{""calls"":275722,""ms"":153.51242200000024},{""calls"":275723,""ms"":155.48209700000007}]","[0.0005567652272941595,0.0005639068811814759]"
historical-separate,P30-030 isolated RLE confirmation,registration-rle,typescript,/home/ai/bend2/build/publish/bend/selfhost/build/phase30/registration-confirm-rle16/report.json,7f076ef8627605a318e6bb76cc0b6f3f5ccdf3d9464ac6a433288ebe49207ba1,f21a8eb4239ff0db7fbfda6121f24b04b48c5478fe6de5798660ca5b417c80a8,"{""args"":[],""expected"":11,""exportName"":""main.out"",""warmupCalls"":100,""warmupMs"":3000,""calibrationMs"":50}",confirm,2,551445,0.0005628109022658651,310.35925799999995,0.5472400000000022,0.8977799999999974,67768,0.036390566872523955,4442420,3000.026836,"[{""calls"":275722,""ms"":155.12585599999966},{""calls"":275723,""ms"":155.1828700000001}]","[0.000562616896729313,0.0005628216362073534]"
historical-separate,P30-030 isolated RLE confirmation,registration-rle,typescript,/home/ai/bend2/build/publish/bend/selfhost/build/phase30/registration-confirm-rle16/report.json,7f076ef8627605a318e6bb76cc0b6f3f5ccdf3d9464ac6a433288ebe49207ba1,f21a8eb4239ff0db7fbfda6121f24b04b48c5478fe6de5798660ca5b417c80a8,"{""args"":[],""expected"":11,""exportName"":""main.out"",""warmupCalls"":100,""warmupMs"":3000,""calibrationMs"":50}",confirm,3,551445,0.0005575845442428531,307.47720900000013,0.5105659999999972,0.8989869999999982,67752,1.2489156796313239,4464631,3000.0259419999998,"[{""calls"":275722,""ms"":152.75971600000003},{""calls"":275723,""ms"":154.6681169999997}]","[0.0005540352819143921,0.0005609547154209106]"
historical-separate,P30-030 isolated RLE confirmation,registration-rle,typescript,/home/ai/bend2/build/publish/bend/selfhost/build/phase30/registration-confirm-rle16/report.json,7f076ef8627605a318e6bb76cc0b6f3f5ccdf3d9464ac6a433288ebe49207ba1,f21a8eb4239ff0db7fbfda6121f24b04b48c5478fe6de5798660ca5b417c80a8,"{""args"":[],""expected"":11,""exportName"":""main.out"",""warmupCalls"":100,""warmupMs"":3000,""calibrationMs"":50}",confirm,4,551445,0.0005810133594465445,320.3969119999997,0.5178259999999995,0.8945890000000034,67628,4.446415527357672,4476451,3000.026022,"[{""calls"":275722,""ms"":156.688897},{""calls"":275723,""ms"":163.6565300000002}]","[0.0005682857987393099,0.0005935541467342231]"
historical-separate,P30-030 registered helper negative control,registration-helper128,unchanged16,/home/ai/bend2/build/publish/bend/selfhost/build/phase30/registration-confirm-helper16/report.json,a25bdf346f88992052645b9277e43dfc47e04c389a10f2bbc0168b65bf440bb9,1ee14607b87871419efa1067250e8ff8b7fcea3a0e1f0000067fe7ec24f1d866,"{""args"":[128,524800],""expected"":128,""exportName"":""bench"",""warmupCalls"":100,""warmupMs"":3000,""calibrationMs"":50}",confirm,0,43925,0.006942706431417189,304.95838000000003,1.3979369999999989,19.83711199999999,66572,1.6876861000194587,425066,3000.030072,"[{""calls"":21962,""ms"":151.1754659999997},{""calls"":21963,""ms"":153.73383299999978}]","[0.00688350177579454,0.006999673678459216]"
historical-separate,P30-030 registered helper negative control,registration-helper128,unchanged16,/home/ai/bend2/build/publish/bend/selfhost/build/phase30/registration-confirm-helper16/report.json,a25bdf346f88992052645b9277e43dfc47e04c389a10f2bbc0168b65bf440bb9,1ee14607b87871419efa1067250e8ff8b7fcea3a0e1f0000067fe7ec24f1d866,"{""args"":[128,524800],""expected"":128,""exportName"":""bench"",""warmupCalls"":100,""warmupMs"":3000,""calibrationMs"":50}",confirm,1,43925,0.006981319180421175,306.6544450000001,1.4084479999999928,19.936732999999997,66512,1.938528211531132,427073,3000.027421,"[{""calls"":21962,""ms"":151.82209000000012},{""calls"":21963,""ms"":154.77225099999987}]","[0.006912944631636469,0.007046954013568268]"
historical-separate,P30-030 registered helper negative control,registration-helper128,unchanged16,/home/ai/bend2/build/publish/bend/selfhost/build/phase30/registration-confirm-helper16/report.json,a25bdf346f88992052645b9277e43dfc47e04c389a10f2bbc0168b65bf440bb9,1ee14607b87871419efa1067250e8ff8b7fcea3a0e1f0000067fe7ec24f1d866,"{""args"":[128,524800],""expected"":128,""exportName"":""bench"",""warmupCalls"":100,""warmupMs"":3000,""calibrationMs"":50}",confirm,2,43925,0.00696507319294251,305.94083999999975,1.4159819999999996,19.868370000000006,66680,1.9216883955003983,424424,3000.029379,"[{""calls"":21962,""ms"":151.48604799999976},{""calls"":21963,""ms"":154.40416800000003}]","[0.006897643566159719,0.00703019478213359]"
historical-separate,P30-030 registered helper negative control,registration-helper128,unchanged16,/home/ai/bend2/build/publish/bend/selfhost/build/phase30/registration-confirm-helper16/report.json,a25bdf346f88992052645b9277e43dfc47e04c389a10f2bbc0168b65bf440bb9,1ee14607b87871419efa1067250e8ff8b7fcea3a0e1f0000067fe7ec24f1d866,"{""args"":[128,524800],""expected"":128,""exportName"":""bench"",""warmupCalls"":100,""warmupMs"":3000,""calibrationMs"":50}",confirm,3,43925,0.0069562456232214005,305.553089,1.434898000000004,19.724690000000002,68756,2.2823232435952967,426659,3000.025433,"[{""calls"":21962,""ms"":151.02752400000008},{""calls"":21963,""ms"":154.4814940000001}]","[0.006876765504052458,0.007033715521558991]"
historical-separate,P30-030 registered helper negative control,registration-helper128,unchanged16,/home/ai/bend2/build/publish/bend/selfhost/build/phase30/registration-confirm-helper16/report.json,a25bdf346f88992052645b9277e43dfc47e04c389a10f2bbc0168b65bf440bb9,1ee14607b87871419efa1067250e8ff8b7fcea3a0e1f0000067fe7ec24f1d866,"{""args"":[128,524800],""expected"":128,""exportName"":""bench"",""warmupCalls"":100,""warmupMs"":3000,""calibrationMs"":50}",confirm,4,43925,0.007214057985202048,316.87749699999995,1.4187700000000092,19.977521999999993,68720,0.015592812317910543,426906,3000.0524659999996,"[{""calls"":21962,""ms"":158.38214500000004},{""calls"":21963,""ms"":158.41405399999985}]","[0.007211644886622349,0.007212769384874555]"
historical-separate,P30-030 registered helper negative control,registration-helper128,flag,/home/ai/bend2/build/publish/bend/selfhost/build/phase30/registration-confirm-helper16/report.json,a25bdf346f88992052645b9277e43dfc47e04c389a10f2bbc0168b65bf440bb9,f6f6284972176fe8e03539b07fcb4e39a3ff92dac851833f1574ca3f273737b4,"{""args"":[128,524800],""expected"":128,""exportName"":""bench"",""warmupCalls"":100,""warmupMs"":3000,""calibrationMs"":50}",confirm,0,44865,0.00696485757271816,312.47833500000024,1.4125599999999991,19.691827000000004,66568,0.9638344337044691,432409,3000.0266619999998,"[{""calls"":22432,""ms"":155.46412199999986},{""calls"":22433,""ms"":156.96953600000006}]","[0.006930461929386585,0.006997260107876792]"
historical-separate,P30-030 registered helper negative control,registration-helper128,flag,/home/ai/bend2/build/publish/bend/selfhost/build/phase30/registration-confirm-helper16/report.json,a25bdf346f88992052645b9277e43dfc47e04c389a10f2bbc0168b65bf440bb9,f6f6284972176fe8e03539b07fcb4e39a3ff92dac851833f1574ca3f273737b4,"{""args"":[128,524800],""expected"":128,""exportName"":""bench"",""warmupCalls"":100,""warmupMs"":3000,""calibrationMs"":50}",confirm,1,44865,0.006961972004903595,312.3488739999998,1.415097000000003,19.790110000000006,66552,2.1845417569251957,434439,3000.027217,"[{""calls"":22432,""ms"":154.46163000000024},{""calls"":22433,""ms"":157.84294500000033}]","[0.006885771665477899,0.007036194222796787]"
historical-separate,P30-030 registered helper negative control,registration-helper128,flag,/home/ai/bend2/build/publish/bend/selfhost/build/phase30/registration-confirm-helper16/report.json,a25bdf346f88992052645b9277e43dfc47e04c389a10f2bbc0168b65bf440bb9,f6f6284972176fe8e03539b07fcb4e39a3ff92dac851833f1574ca3f273737b4,"{""args"":[128,524800],""expected"":128,""exportName"":""bench"",""warmupCalls"":100,""warmupMs"":3000,""calibrationMs"":50}",confirm,2,44865,0.006942807578290429,311.4890620000001,1.4081290000000024,19.754272999999998,66460,2.5228434089396456,418788,3000.030187,"[{""calls"":22432,""ms"":153.77505699999983},{""calls"":22433,""ms"":157.66158900000028}]","[0.006855164809201134,0.007028109882762015]"
historical-separate,P30-030 registered helper negative control,registration-helper128,flag,/home/ai/bend2/build/publish/bend/selfhost/build/phase30/registration-confirm-helper16/report.json,a25bdf346f88992052645b9277e43dfc47e04c389a10f2bbc0168b65bf440bb9,f6f6284972176fe8e03539b07fcb4e39a3ff92dac851833f1574ca3f273737b4,"{""args"":[128,524800],""expected"":128,""exportName"":""bench"",""warmupCalls"":100,""warmupMs"":3000,""calibrationMs"":50}",confirm,3,44865,0.007000001738548978,314.05507799999987,1.3888479999999959,20.003351000000002,68636,0.08368915926961762,433115,3000.029955,"[{""calls"":22432,""ms"":156.93333299999995},{""calls"":22433,""ms"":157.07167100000015}]","[0.0069959581401569165,0.007001812998707268]"
historical-separate,P30-030 registered helper negative control,registration-helper128,flag,/home/ai/bend2/build/publish/bend/selfhost/build/phase30/registration-confirm-helper16/report.json,a25bdf346f88992052645b9277e43dfc47e04c389a10f2bbc0168b65bf440bb9,f6f6284972176fe8e03539b07fcb4e39a3ff92dac851833f1574ca3f273737b4,"{""args"":[128,524800],""expected"":128,""exportName"":""bench"",""warmupCalls"":100,""warmupMs"":3000,""calibrationMs"":50}",confirm,4,44865,0.00700475178869943,314.2681889999999,1.4938510000000065,19.780623999999996,68604,1.7260069470518502,428178,3000.027743,"[{""calls"":22432,""ms"":155.76312499999995},{""calls"":22433,""ms"":158.45867099999987}]","[0.006943791235734662,0.0070636415548522204]"
historical-separate,P30-030 complete-state row negative control,registration-row32,unchanged16,/home/ai/bend2/build/publish/bend/selfhost/build/phase30/registration-confirm-row16/report.json,a9376432f47874c4b4cd196cb76db2ed24523cb3f1326f77a578a2226fa2891a,52826ba56cf48f11766ea643dafbdd43ee1d5690bb2b088d0740ceba5f9d6041,"{""args"":[32,17],""expected"":""[[0,2,1,1,0,0,0,1,1,0,0,2,3,1,3,1,0,1,0,0,2,1,0,0,0,2,0,2,1,0,2,1,0,0,0,0,0,0,0,0,0,0,0,0,0,0,0,0,0,0,0,0,0,0,0,0,0,0,0,0,0,0,0,0,0,0,0,0,0,0,0,0,0,0,0,0,0,0,0,0,0,0,0,0,0,0,0,0,0,0,0,0,0,0,0,0,0,0,0,0,0,0,0,0,0,0,0,0,0,0,0,0,0,0,0,0,0,0,0,0,0,0,0,0,0,0,0,0],[0,1,2,0,1,0,1,2,0,0,0,0,2,0,0,3,0,1,2,0,1,2,0,0,1,3,3,0,0,3,0,3,0,0,0,0,0,0,0,0,0,0,0,0,0,0,0,0,0,0,0,0,0,0,0,0,0,0,0,0,0,0,0,0,0,0,0,0,0,0,0,0,0,0,0,0,0,0,0,0,0,0,0,0,0,0,0,0,0,0,0,0,0,0,0,0,0,0,0,0,0,0,0,0,0,0,0,0,0,0,0,0,0,0,0,0,0,0,0,0,0,0,0,0,0,0,0,0],[0,1,1,2,3,4,5,6,7,8,9,10,11,12,13,14,15,16,17,18,19,20,21,22,23,24,25,26,27,28,29,30,31,0,0,0,0,0,0,0,0,0,0,0,0,0,0,0,0,0,0,0,0,0,0,0,0,0,0,0,0,0,0,0,0,0,0,0,0,0,0,0,0,0,0,0,0,0,0,0,0,0,0,0,0,0,0,0,0,0,0,0,0,0,0,0,0,0,0,0,0,0,0,0,0,0,0,0,0,0,0,0,0,0,0,0,0,0,0,0,0,0,0,0,0,0,0,0],[0,1,2,3,4,5,6,7,8,9,10,11,12,13,14,15,16,17,18,19,20,21,22,23,24,25,26,27,28,29,30,31,32,0,0,0,0,0,0,0,0,0,0,0,0,0,0,0,0,0,0,0,0,0,0,0,0,0,0,0,0,0,0,0,0,0,0,0,0,0,0,0,0,0,0,0,0,0,0,0,0,0,0,0,0,0,0,0,0,0,0,0,0,0,0,0,0,0,0,0,0,0,0,0,0,0,0,0,0,0,0,0,0,0,0,0,0,0,0,0,0,0,0,0,0,0,0,0]]"",""warmupCalls"":100,""warmupMs"":3000,""calibrationMs"":50,""exportName"":""bench""}",confirm,0,673,0.4496068900445761,302.58543699999973,7.434410999999997,19.954117000000004,69812,0.4413687617179862,6252,3000.056761,"[{""calls"":336,""ms"":150.71469400000024},{""calls"":337,""ms"":151.83043700000007}]","[0.44855563690476263,0.45053542136498537]"
historical-separate,P30-030 complete-state row negative control,registration-row32,unchanged16,/home/ai/bend2/build/publish/bend/selfhost/build/phase30/registration-confirm-row16/report.json,a9376432f47874c4b4cd196cb76db2ed24523cb3f1326f77a578a2226fa2891a,52826ba56cf48f11766ea643dafbdd43ee1d5690bb2b088d0740ceba5f9d6041,"{""args"":[32,17],""expected"":""[[0,2,1,1,0,0,0,1,1,0,0,2,3,1,3,1,0,1,0,0,2,1,0,0,0,2,0,2,1,0,2,1,0,0,0,0,0,0,0,0,0,0,0,0,0,0,0,0,0,0,0,0,0,0,0,0,0,0,0,0,0,0,0,0,0,0,0,0,0,0,0,0,0,0,0,0,0,0,0,0,0,0,0,0,0,0,0,0,0,0,0,0,0,0,0,0,0,0,0,0,0,0,0,0,0,0,0,0,0,0,0,0,0,0,0,0,0,0,0,0,0,0,0,0,0,0,0,0],[0,1,2,0,1,0,1,2,0,0,0,0,2,0,0,3,0,1,2,0,1,2,0,0,1,3,3,0,0,3,0,3,0,0,0,0,0,0,0,0,0,0,0,0,0,0,0,0,0,0,0,0,0,0,0,0,0,0,0,0,0,0,0,0,0,0,0,0,0,0,0,0,0,0,0,0,0,0,0,0,0,0,0,0,0,0,0,0,0,0,0,0,0,0,0,0,0,0,0,0,0,0,0,0,0,0,0,0,0,0,0,0,0,0,0,0,0,0,0,0,0,0,0,0,0,0,0,0],[0,1,1,2,3,4,5,6,7,8,9,10,11,12,13,14,15,16,17,18,19,20,21,22,23,24,25,26,27,28,29,30,31,0,0,0,0,0,0,0,0,0,0,0,0,0,0,0,0,0,0,0,0,0,0,0,0,0,0,0,0,0,0,0,0,0,0,0,0,0,0,0,0,0,0,0,0,0,0,0,0,0,0,0,0,0,0,0,0,0,0,0,0,0,0,0,0,0,0,0,0,0,0,0,0,0,0,0,0,0,0,0,0,0,0,0,0,0,0,0,0,0,0,0,0,0,0,0],[0,1,2,3,4,5,6,7,8,9,10,11,12,13,14,15,16,17,18,19,20,21,22,23,24,25,26,27,28,29,30,31,32,0,0,0,0,0,0,0,0,0,0,0,0,0,0,0,0,0,0,0,0,0,0,0,0,0,0,0,0,0,0,0,0,0,0,0,0,0,0,0,0,0,0,0,0,0,0,0,0,0,0,0,0,0,0,0,0,0,0,0,0,0,0,0,0,0,0,0,0,0,0,0,0,0,0,0,0,0,0,0,0,0,0,0,0,0,0,0,0,0,0,0,0,0,0,0]]"",""warmupCalls"":100,""warmupMs"":3000,""calibrationMs"":50,""exportName"":""bench""}",confirm,1,673,0.4431044115898959,298.20926899999995,7.422121000000004,19.890174000000002,69616,0.1524998026890101,6272,3000.214462,"[{""calls"":336,""ms"":148.74979600000006},{""calls"":337,""ms"":149.4200219999998}]","[0.4427077261904764,0.4433828545994059]"
historical-separate,P30-030 complete-state row negative control,registration-row32,unchanged16,/home/ai/bend2/build/publish/bend/selfhost/build/phase30/registration-confirm-row16/report.json,a9376432f47874c4b4cd196cb76db2ed24523cb3f1326f77a578a2226fa2891a,52826ba56cf48f11766ea643dafbdd43ee1d5690bb2b088d0740ceba5f9d6041,"{""args"":[32,17],""expected"":""[[0,2,1,1,0,0,0,1,1,0,0,2,3,1,3,1,0,1,0,0,2,1,0,0,0,2,0,2,1,0,2,1,0,0,0,0,0,0,0,0,0,0,0,0,0,0,0,0,0,0,0,0,0,0,0,0,0,0,0,0,0,0,0,0,0,0,0,0,0,0,0,0,0,0,0,0,0,0,0,0,0,0,0,0,0,0,0,0,0,0,0,0,0,0,0,0,0,0,0,0,0,0,0,0,0,0,0,0,0,0,0,0,0,0,0,0,0,0,0,0,0,0,0,0,0,0,0,0],[0,1,2,0,1,0,1,2,0,0,0,0,2,0,0,3,0,1,2,0,1,2,0,0,1,3,3,0,0,3,0,3,0,0,0,0,0,0,0,0,0,0,0,0,0,0,0,0,0,0,0,0,0,0,0,0,0,0,0,0,0,0,0,0,0,0,0,0,0,0,0,0,0,0,0,0,0,0,0,0,0,0,0,0,0,0,0,0,0,0,0,0,0,0,0,0,0,0,0,0,0,0,0,0,0,0,0,0,0,0,0,0,0,0,0,0,0,0,0,0,0,0,0,0,0,0,0,0],[0,1,1,2,3,4,5,6,7,8,9,10,11,12,13,14,15,16,17,18,19,20,21,22,23,24,25,26,27,28,29,30,31,0,0,0,0,0,0,0,0,0,0,0,0,0,0,0,0,0,0,0,0,0,0,0,0,0,0,0,0,0,0,0,0,0,0,0,0,0,0,0,0,0,0,0,0,0,0,0,0,0,0,0,0,0,0,0,0,0,0,0,0,0,0,0,0,0,0,0,0,0,0,0,0,0,0,0,0,0,0,0,0,0,0,0,0,0,0,0,0,0,0,0,0,0,0,0],[0,1,2,3,4,5,6,7,8,9,10,11,12,13,14,15,16,17,18,19,20,21,22,23,24,25,26,27,28,29,30,31,32,0,0,0,0,0,0,0,0,0,0,0,0,0,0,0,0,0,0,0,0,0,0,0,0,0,0,0,0,0,0,0,0,0,0,0,0,0,0,0,0,0,0,0,0,0,0,0,0,0,0,0,0,0,0,0,0,0,0,0,0,0,0,0,0,0,0,0,0,0,0,0,0,0,0,0,0,0,0,0,0,0,0,0,0,0,0,0,0,0,0,0,0,0,0,0]]"",""warmupCalls"":100,""warmupMs"":3000,""calibrationMs"":50,""exportName"":""bench""}",confirm,2,673,0.45951288410104024,309.2521710000001,7.300474000000008,20.11266700000001,70020,4.320347335177721,6163,3000.205767,"[{""calls"":336,""ms"":151.1052709999999},{""calls"":337,""ms"":158.10269100000005}]","[0.44971806845238066,0.4691474510385758]"
historical-separate,P30-030 complete-state row negative control,registration-row32,unchanged16,/home/ai/bend2/build/publish/bend/selfhost/build/phase30/registration-confirm-row16/report.json,a9376432f47874c4b4cd196cb76db2ed24523cb3f1326f77a578a2226fa2891a,52826ba56cf48f11766ea643dafbdd43ee1d5690bb2b088d0740ceba5f9d6041,"{""args"":[32,17],""expected"":""[[0,2,1,1,0,0,0,1,1,0,0,2,3,1,3,1,0,1,0,0,2,1,0,0,0,2,0,2,1,0,2,1,0,0,0,0,0,0,0,0,0,0,0,0,0,0,0,0,0,0,0,0,0,0,0,0,0,0,0,0,0,0,0,0,0,0,0,0,0,0,0,0,0,0,0,0,0,0,0,0,0,0,0,0,0,0,0,0,0,0,0,0,0,0,0,0,0,0,0,0,0,0,0,0,0,0,0,0,0,0,0,0,0,0,0,0,0,0,0,0,0,0,0,0,0,0,0,0],[0,1,2,0,1,0,1,2,0,0,0,0,2,0,0,3,0,1,2,0,1,2,0,0,1,3,3,0,0,3,0,3,0,0,0,0,0,0,0,0,0,0,0,0,0,0,0,0,0,0,0,0,0,0,0,0,0,0,0,0,0,0,0,0,0,0,0,0,0,0,0,0,0,0,0,0,0,0,0,0,0,0,0,0,0,0,0,0,0,0,0,0,0,0,0,0,0,0,0,0,0,0,0,0,0,0,0,0,0,0,0,0,0,0,0,0,0,0,0,0,0,0,0,0,0,0,0,0],[0,1,1,2,3,4,5,6,7,8,9,10,11,12,13,14,15,16,17,18,19,20,21,22,23,24,25,26,27,28,29,30,31,0,0,0,0,0,0,0,0,0,0,0,0,0,0,0,0,0,0,0,0,0,0,0,0,0,0,0,0,0,0,0,0,0,0,0,0,0,0,0,0,0,0,0,0,0,0,0,0,0,0,0,0,0,0,0,0,0,0,0,0,0,0,0,0,0,0,0,0,0,0,0,0,0,0,0,0,0,0,0,0,0,0,0,0,0,0,0,0,0,0,0,0,0,0,0],[0,1,2,3,4,5,6,7,8,9,10,11,12,13,14,15,16,17,18,19,20,21,22,23,24,25,26,27,28,29,30,31,32,0,0,0,0,0,0,0,0,0,0,0,0,0,0,0,0,0,0,0,0,0,0,0,0,0,0,0,0,0,0,0,0,0,0,0,0,0,0,0,0,0,0,0,0,0,0,0,0,0,0,0,0,0,0,0,0,0,0,0,0,0,0,0,0,0,0,0,0,0,0,0,0,0,0,0,0,0,0,0,0,0,0,0,0,0,0,0,0,0,0,0,0,0,0,0]]"",""warmupCalls"":100,""warmupMs"":3000,""calibrationMs"":50,""exportName"":""bench""}",confirm,3,673,0.4460979465081719,300.2239179999997,7.2175980000000095,20.08151699999999,69540,0.021504589285292752,6294,3000.018004,"[{""calls"":336,""ms"":149.8529209999997},{""calls"":337,""ms"":150.33123299999988}]","[0.4459908363095229,0.4460867448071213]"
historical-separate,P30-030 complete-state row negative control,registration-row32,unchanged16,/home/ai/bend2/build/publish/bend/selfhost/build/phase30/registration-confirm-row16/report.json,a9376432f47874c4b4cd196cb76db2ed24523cb3f1326f77a578a2226fa2891a,52826ba56cf48f11766ea643dafbdd43ee1d5690bb2b088d0740ceba5f9d6041,"{""args"":[32,17],""expected"":""[[0,2,1,1,0,0,0,1,1,0,0,2,3,1,3,1,0,1,0,0,2,1,0,0,0,2,0,2,1,0,2,1,0,0,0,0,0,0,0,0,0,0,0,0,0,0,0,0,0,0,0,0,0,0,0,0,0,0,0,0,0,0,0,0,0,0,0,0,0,0,0,0,0,0,0,0,0,0,0,0,0,0,0,0,0,0,0,0,0,0,0,0,0,0,0,0,0,0,0,0,0,0,0,0,0,0,0,0,0,0,0,0,0,0,0,0,0,0,0,0,0,0,0,0,0,0,0,0],[0,1,2,0,1,0,1,2,0,0,0,0,2,0,0,3,0,1,2,0,1,2,0,0,1,3,3,0,0,3,0,3,0,0,0,0,0,0,0,0,0,0,0,0,0,0,0,0,0,0,0,0,0,0,0,0,0,0,0,0,0,0,0,0,0,0,0,0,0,0,0,0,0,0,0,0,0,0,0,0,0,0,0,0,0,0,0,0,0,0,0,0,0,0,0,0,0,0,0,0,0,0,0,0,0,0,0,0,0,0,0,0,0,0,0,0,0,0,0,0,0,0,0,0,0,0,0,0],[0,1,1,2,3,4,5,6,7,8,9,10,11,12,13,14,15,16,17,18,19,20,21,22,23,24,25,26,27,28,29,30,31,0,0,0,0,0,0,0,0,0,0,0,0,0,0,0,0,0,0,0,0,0,0,0,0,0,0,0,0,0,0,0,0,0,0,0,0,0,0,0,0,0,0,0,0,0,0,0,0,0,0,0,0,0,0,0,0,0,0,0,0,0,0,0,0,0,0,0,0,0,0,0,0,0,0,0,0,0,0,0,0,0,0,0,0,0,0,0,0,0,0,0,0,0,0,0],[0,1,2,3,4,5,6,7,8,9,10,11,12,13,14,15,16,17,18,19,20,21,22,23,24,25,26,27,28,29,30,31,32,0,0,0,0,0,0,0,0,0,0,0,0,0,0,0,0,0,0,0,0,0,0,0,0,0,0,0,0,0,0,0,0,0,0,0,0,0,0,0,0,0,0,0,0,0,0,0,0,0,0,0,0,0,0,0,0,0,0,0,0,0,0,0,0,0,0,0,0,0,0,0,0,0,0,0,0,0,0,0,0,0,0,0,0,0,0,0,0,0,0,0,0,0,0,0]]"",""warmupCalls"":100,""warmupMs"":3000,""calibrationMs"":50,""exportName"":""bench""}",confirm,4,673,0.44489220653789024,299.41245500000014,7.279257999999999,20.878739000000003,69452,0.8867130322298467,6291,3000.250751,"[{""calls"":336,""ms"":148.79679799999985},{""calls"":337,""ms"":150.56297300000006}]","[0.4428476130952377,0.44677440059347195]"
historical-separate,P30-030 complete-state row negative control,registration-row32,flag,/home/ai/bend2/build/publish/bend/selfhost/build/phase30/registration-confirm-row16/report.json,a9376432f47874c4b4cd196cb76db2ed24523cb3f1326f77a578a2226fa2891a,fc31165c8fbc5ac6c595ca12e9c57e18960ff2e3cef2f9d20c71220ee3b52475,"{""args"":[32,17],""expected"":""[[0,2,1,1,0,0,0,1,1,0,0,2,3,1,3,1,0,1,0,0,2,1,0,0,0,2,0,2,1,0,2,1,0,0,0,0,0,0,0,0,0,0,0,0,0,0,0,0,0,0,0,0,0,0,0,0,0,0,0,0,0,0,0,0,0,0,0,0,0,0,0,0,0,0,0,0,0,0,0,0,0,0,0,0,0,0,0,0,0,0,0,0,0,0,0,0,0,0,0,0,0,0,0,0,0,0,0,0,0,0,0,0,0,0,0,0,0,0,0,0,0,0,0,0,0,0,0,0],[0,1,2,0,1,0,1,2,0,0,0,0,2,0,0,3,0,1,2,0,1,2,0,0,1,3,3,0,0,3,0,3,0,0,0,0,0,0,0,0,0,0,0,0,0,0,0,0,0,0,0,0,0,0,0,0,0,0,0,0,0,0,0,0,0,0,0,0,0,0,0,0,0,0,0,0,0,0,0,0,0,0,0,0,0,0,0,0,0,0,0,0,0,0,0,0,0,0,0,0,0,0,0,0,0,0,0,0,0,0,0,0,0,0,0,0,0,0,0,0,0,0,0,0,0,0,0,0],[0,1,1,2,3,4,5,6,7,8,9,10,11,12,13,14,15,16,17,18,19,20,21,22,23,24,25,26,27,28,29,30,31,0,0,0,0,0,0,0,0,0,0,0,0,0,0,0,0,0,0,0,0,0,0,0,0,0,0,0,0,0,0,0,0,0,0,0,0,0,0,0,0,0,0,0,0,0,0,0,0,0,0,0,0,0,0,0,0,0,0,0,0,0,0,0,0,0,0,0,0,0,0,0,0,0,0,0,0,0,0,0,0,0,0,0,0,0,0,0,0,0,0,0,0,0,0,0],[0,1,2,3,4,5,6,7,8,9,10,11,12,13,14,15,16,17,18,19,20,21,22,23,24,25,26,27,28,29,30,31,32,0,0,0,0,0,0,0,0,0,0,0,0,0,0,0,0,0,0,0,0,0,0,0,0,0,0,0,0,0,0,0,0,0,0,0,0,0,0,0,0,0,0,0,0,0,0,0,0,0,0,0,0,0,0,0,0,0,0,0,0,0,0,0,0,0,0,0,0,0,0,0,0,0,0,0,0,0,0,0,0,0,0,0,0,0,0,0,0,0,0,0,0,0,0,0]]"",""warmupCalls"":100,""warmupMs"":3000,""calibrationMs"":50,""exportName"":""bench""}",confirm,0,715,0.42368533706293693,302.9350159999999,7.130415999999997,20.098985,70636,-1.2767174376258184,6548,3000.023972,"[{""calls"":357,""ms"":152.20875400000023},{""calls"":358,""ms"":150.68638999999985}]","[0.42635505322128914,0.4209117039106141]"
historical-separate,P30-030 complete-state row negative control,registration-row32,flag,/home/ai/bend2/build/publish/bend/selfhost/build/phase30/registration-confirm-row16/report.json,a9376432f47874c4b4cd196cb76db2ed24523cb3f1326f77a578a2226fa2891a,fc31165c8fbc5ac6c595ca12e9c57e18960ff2e3cef2f9d20c71220ee3b52475,"{""args"":[32,17],""expected"":""[[0,2,1,1,0,0,0,1,1,0,0,2,3,1,3,1,0,1,0,0,2,1,0,0,0,2,0,2,1,0,2,1,0,0,0,0,0,0,0,0,0,0,0,0,0,0,0,0,0,0,0,0,0,0,0,0,0,0,0,0,0,0,0,0,0,0,0,0,0,0,0,0,0,0,0,0,0,0,0,0,0,0,0,0,0,0,0,0,0,0,0,0,0,0,0,0,0,0,0,0,0,0,0,0,0,0,0,0,0,0,0,0,0,0,0,0,0,0,0,0,0,0,0,0,0,0,0,0],[0,1,2,0,1,0,1,2,0,0,0,0,2,0,0,3,0,1,2,0,1,2,0,0,1,3,3,0,0,3,0,3,0,0,0,0,0,0,0,0,0,0,0,0,0,0,0,0,0,0,0,0,0,0,0,0,0,0,0,0,0,0,0,0,0,0,0,0,0,0,0,0,0,0,0,0,0,0,0,0,0,0,0,0,0,0,0,0,0,0,0,0,0,0,0,0,0,0,0,0,0,0,0,0,0,0,0,0,0,0,0,0,0,0,0,0,0,0,0,0,0,0,0,0,0,0,0,0],[0,1,1,2,3,4,5,6,7,8,9,10,11,12,13,14,15,16,17,18,19,20,21,22,23,24,25,26,27,28,29,30,31,0,0,0,0,0,0,0,0,0,0,0,0,0,0,0,0,0,0,0,0,0,0,0,0,0,0,0,0,0,0,0,0,0,0,0,0,0,0,0,0,0,0,0,0,0,0,0,0,0,0,0,0,0,0,0,0,0,0,0,0,0,0,0,0,0,0,0,0,0,0,0,0,0,0,0,0,0,0,0,0,0,0,0,0,0,0,0,0,0,0,0,0,0,0,0],[0,1,2,3,4,5,6,7,8,9,10,11,12,13,14,15,16,17,18,19,20,21,22,23,24,25,26,27,28,29,30,31,32,0,0,0,0,0,0,0,0,0,0,0,0,0,0,0,0,0,0,0,0,0,0,0,0,0,0,0,0,0,0,0,0,0,0,0,0,0,0,0,0,0,0,0,0,0,0,0,0,0,0,0,0,0,0,0,0,0,0,0,0,0,0,0,0,0,0,0,0,0,0,0,0,0,0,0,0,0,0,0,0,0,0,0,0,0,0,0,0,0,0,0,0,0,0,0]]"",""warmupCalls"":100,""warmupMs"":3000,""calibrationMs"":50,""exportName"":""bench""}",confirm,1,715,0.4221719020979022,301.85291000000007,7.396290000000008,19.938450000000003,69720,0.407144597052822,6570,3000.153352,"[{""calls"":357,""ms"":150.38805300000013},{""calls"":358,""ms"":151.42332000000033}]","[0.4212550504201684,0.4229701675977663]"
historical-separate,P30-030 complete-state row negative control,registration-row32,flag,/home/ai/bend2/build/publish/bend/selfhost/build/phase30/registration-confirm-row16/report.json,a9376432f47874c4b4cd196cb76db2ed24523cb3f1326f77a578a2226fa2891a,fc31165c8fbc5ac6c595ca12e9c57e18960ff2e3cef2f9d20c71220ee3b52475,"{""args"":[32,17],""expected"":""[[0,2,1,1,0,0,0,1,1,0,0,2,3,1,3,1,0,1,0,0,2,1,0,0,0,2,0,2,1,0,2,1,0,0,0,0,0,0,0,0,0,0,0,0,0,0,0,0,0,0,0,0,0,0,0,0,0,0,0,0,0,0,0,0,0,0,0,0,0,0,0,0,0,0,0,0,0,0,0,0,0,0,0,0,0,0,0,0,0,0,0,0,0,0,0,0,0,0,0,0,0,0,0,0,0,0,0,0,0,0,0,0,0,0,0,0,0,0,0,0,0,0,0,0,0,0,0,0],[0,1,2,0,1,0,1,2,0,0,0,0,2,0,0,3,0,1,2,0,1,2,0,0,1,3,3,0,0,3,0,3,0,0,0,0,0,0,0,0,0,0,0,0,0,0,0,0,0,0,0,0,0,0,0,0,0,0,0,0,0,0,0,0,0,0,0,0,0,0,0,0,0,0,0,0,0,0,0,0,0,0,0,0,0,0,0,0,0,0,0,0,0,0,0,0,0,0,0,0,0,0,0,0,0,0,0,0,0,0,0,0,0,0,0,0,0,0,0,0,0,0,0,0,0,0,0,0],[0,1,1,2,3,4,5,6,7,8,9,10,11,12,13,14,15,16,17,18,19,20,21,22,23,24,25,26,27,28,29,30,31,0,0,0,0,0,0,0,0,0,0,0,0,0,0,0,0,0,0,0,0,0,0,0,0,0,0,0,0,0,0,0,0,0,0,0,0,0,0,0,0,0,0,0,0,0,0,0,0,0,0,0,0,0,0,0,0,0,0,0,0,0,0,0,0,0,0,0,0,0,0,0,0,0,0,0,0,0,0,0,0,0,0,0,0,0,0,0,0,0,0,0,0,0,0,0],[0,1,2,3,4,5,6,7,8,9,10,11,12,13,14,15,16,17,18,19,20,21,22,23,24,25,26,27,28,29,30,31,32,0,0,0,0,0,0,0,0,0,0,0,0,0,0,0,0,0,0,0,0,0,0,0,0,0,0,0,0,0,0,0,0,0,0,0,0,0,0,0,0,0,0,0,0,0,0,0,0,0,0,0,0,0,0,0,0,0,0,0,0,0,0,0,0,0,0,0,0,0,0,0,0,0,0,0,0,0,0,0,0,0,0,0,0,0,0,0,0,0,0,0,0,0,0,0]]"",""warmupCalls"":100,""warmupMs"":3000,""calibrationMs"":50,""exportName"":""bench""}",confirm,2,715,0.4169716839160835,298.1347539999997,7.201508999999987,20.230803,69832,0.0011453199904698508,6664,3000.3870650000003,"[{""calls"":357,""ms"":148.83742699999993},{""calls"":358,""ms"":149.2560480000002}]","[0.41691156022408943,0.4169163351955313]"
historical-separate,P30-030 complete-state row negative control,registration-row32,flag,/home/ai/bend2/build/publish/bend/selfhost/build/phase30/registration-confirm-row16/report.json,a9376432f47874c4b4cd196cb76db2ed24523cb3f1326f77a578a2226fa2891a,fc31165c8fbc5ac6c595ca12e9c57e18960ff2e3cef2f9d20c71220ee3b52475,"{""args"":[32,17],""expected"":""[[0,2,1,1,0,0,0,1,1,0,0,2,3,1,3,1,0,1,0,0,2,1,0,0,0,2,0,2,1,0,2,1,0,0,0,0,0,0,0,0,0,0,0,0,0,0,0,0,0,0,0,0,0,0,0,0,0,0,0,0,0,0,0,0,0,0,0,0,0,0,0,0,0,0,0,0,0,0,0,0,0,0,0,0,0,0,0,0,0,0,0,0,0,0,0,0,0,0,0,0,0,0,0,0,0,0,0,0,0,0,0,0,0,0,0,0,0,0,0,0,0,0,0,0,0,0,0,0],[0,1,2,0,1,0,1,2,0,0,0,0,2,0,0,3,0,1,2,0,1,2,0,0,1,3,3,0,0,3,0,3,0,0,0,0,0,0,0,0,0,0,0,0,0,0,0,0,0,0,0,0,0,0,0,0,0,0,0,0,0,0,0,0,0,0,0,0,0,0,0,0,0,0,0,0,0,0,0,0,0,0,0,0,0,0,0,0,0,0,0,0,0,0,0,0,0,0,0,0,0,0,0,0,0,0,0,0,0,0,0,0,0,0,0,0,0,0,0,0,0,0,0,0,0,0,0,0],[0,1,1,2,3,4,5,6,7,8,9,10,11,12,13,14,15,16,17,18,19,20,21,22,23,24,25,26,27,28,29,30,31,0,0,0,0,0,0,0,0,0,0,0,0,0,0,0,0,0,0,0,0,0,0,0,0,0,0,0,0,0,0,0,0,0,0,0,0,0,0,0,0,0,0,0,0,0,0,0,0,0,0,0,0,0,0,0,0,0,0,0,0,0,0,0,0,0,0,0,0,0,0,0,0,0,0,0,0,0,0,0,0,0,0,0,0,0,0,0,0,0,0,0,0,0,0,0],[0,1,2,3,4,5,6,7,8,9,10,11,12,13,14,15,16,17,18,19,20,21,22,23,24,25,26,27,28,29,30,31,32,0,0,0,0,0,0,0,0,0,0,0,0,0,0,0,0,0,0,0,0,0,0,0,0,0,0,0,0,0,0,0,0,0,0,0,0,0,0,0,0,0,0,0,0,0,0,0,0,0,0,0,0,0,0,0,0,0,0,0,0,0,0,0,0,0,0,0,0,0,0,0,0,0,0,0,0,0,0,0,0,0,0,0,0,0,0,0,0,0,0,0,0,0,0,0]]"",""warmupCalls"":100,""warmupMs"":3000,""calibrationMs"":50,""exportName"":""bench""}",confirm,3,715,0.42210630209790184,301.8060059999998,7.185030999999995,20.166577000000004,78412,2.577966637468254,6679,3000.082927,"[{""calls"":357,""ms"":148.75074799999993},{""calls"":358,""ms"":153.01290299999982}]","[0.4166687619047617,0.4274103435754185]"
historical-separate,P30-030 complete-state row negative control,registration-row32,flag,/home/ai/bend2/build/publish/bend/selfhost/build/phase30/registration-confirm-row16/report.json,a9376432f47874c4b4cd196cb76db2ed24523cb3f1326f77a578a2226fa2891a,fc31165c8fbc5ac6c595ca12e9c57e18960ff2e3cef2f9d20c71220ee3b52475,"{""args"":[32,17],""expected"":""[[0,2,1,1,0,0,0,1,1,0,0,2,3,1,3,1,0,1,0,0,2,1,0,0,0,2,0,2,1,0,2,1,0,0,0,0,0,0,0,0,0,0,0,0,0,0,0,0,0,0,0,0,0,0,0,0,0,0,0,0,0,0,0,0,0,0,0,0,0,0,0,0,0,0,0,0,0,0,0,0,0,0,0,0,0,0,0,0,0,0,0,0,0,0,0,0,0,0,0,0,0,0,0,0,0,0,0,0,0,0,0,0,0,0,0,0,0,0,0,0,0,0,0,0,0,0,0,0],[0,1,2,0,1,0,1,2,0,0,0,0,2,0,0,3,0,1,2,0,1,2,0,0,1,3,3,0,0,3,0,3,0,0,0,0,0,0,0,0,0,0,0,0,0,0,0,0,0,0,0,0,0,0,0,0,0,0,0,0,0,0,0,0,0,0,0,0,0,0,0,0,0,0,0,0,0,0,0,0,0,0,0,0,0,0,0,0,0,0,0,0,0,0,0,0,0,0,0,0,0,0,0,0,0,0,0,0,0,0,0,0,0,0,0,0,0,0,0,0,0,0,0,0,0,0,0,0],[0,1,1,2,3,4,5,6,7,8,9,10,11,12,13,14,15,16,17,18,19,20,21,22,23,24,25,26,27,28,29,30,31,0,0,0,0,0,0,0,0,0,0,0,0,0,0,0,0,0,0,0,0,0,0,0,0,0,0,0,0,0,0,0,0,0,0,0,0,0,0,0,0,0,0,0,0,0,0,0,0,0,0,0,0,0,0,0,0,0,0,0,0,0,0,0,0,0,0,0,0,0,0,0,0,0,0,0,0,0,0,0,0,0,0,0,0,0,0,0,0,0,0,0,0,0,0,0],[0,1,2,3,4,5,6,7,8,9,10,11,12,13,14,15,16,17,18,19,20,21,22,23,24,25,26,27,28,29,30,31,32,0,0,0,0,0,0,0,0,0,0,0,0,0,0,0,0,0,0,0,0,0,0,0,0,0,0,0,0,0,0,0,0,0,0,0,0,0,0,0,0,0,0,0,0,0,0,0,0,0,0,0,0,0,0,0,0,0,0,0,0,0,0,0,0,0,0,0,0,0,0,0,0,0,0,0,0,0,0,0,0,0,0,0,0,0,0,0,0,0,0,0,0,0,0,0]]"",""warmupCalls"":100,""warmupMs"":3000,""calibrationMs"":50,""exportName"":""bench""}",confirm,4,715,0.4184552461538464,299.19550100000015,7.120867000000004,20.212936999999997,69768,-0.11338590809690796,6685,3000.214981,"[{""calls"":357,""ms"":149.45327700000007},{""calls"":358,""ms"":149.70198000000028}]","[0.418636630252101,0.41816195530726336]"
historical-separate,P30-030 separate15-second Mandelbrot negative control,registration-original-mandelbrot,unchanged16,/home/ai/bend2/build/publish/bend/selfhost/build/phase30/registration-long-mandelbrot16/report.json,d335843c48bb72f92e64621f1346b94440edf3ee298607db5aa206cecd7fd13c,3005054c9c00215306c17c80a9df76ed50819928ce3607cc27ab97f454ea57cb,"{""args"":[2,0],""expected"":887240761,""exportName"":""bench"",""warmupCalls"":3,""warmupMs"":15000,""calibrationMs"":100}",long_warmup,0,4779,0.21593912638627358,1031.9730850000014,10.507598000000002,21.150969000000003,78984,-0.17356138403499255,69943,15000.189039,"[{""calls"":2389,""ms"":516.306079},{""calls"":2390,""ms"":515.6257139999998}]","[0.2161180740895772,0.21574297656903757]"
historical-separate,P30-030 separate15-second Mandelbrot negative control,registration-original-mandelbrot,unchanged16,/home/ai/bend2/build/publish/bend/selfhost/build/phase30/registration-long-mandelbrot16/report.json,d335843c48bb72f92e64621f1346b94440edf3ee298607db5aa206cecd7fd13c,3005054c9c00215306c17c80a9df76ed50819928ce3607cc27ab97f454ea57cb,"{""args"":[2,0],""expected"":887240761,""exportName"":""bench"",""warmupCalls"":3,""warmupMs"":15000,""calibrationMs"":100}",long_warmup,1,4779,0.21230985750156933,1014.6288089999998,10.940788999999995,24.49602499999999,80320,0.8496909138381081,69244,15000.134331,"[{""calls"":2389,""ms"":505.037139},{""calls"":2390,""ms"":509.54159100000106}]","[0.21140106278777732,0.21319731841004227]"
historical-separate,P30-030 separate15-second Mandelbrot negative control,registration-original-mandelbrot,unchanged16,/home/ai/bend2/build/publish/bend/selfhost/build/phase30/registration-long-mandelbrot16/report.json,d335843c48bb72f92e64621f1346b94440edf3ee298607db5aa206cecd7fd13c,3005054c9c00215306c17c80a9df76ed50819928ce3607cc27ab97f454ea57cb,"{""args"":[2,0],""expected"":887240761,""exportName"":""bench"",""warmupCalls"":3,""warmupMs"":15000,""calibrationMs"":100}",long_warmup,2,4779,0.2084150776313039,996.0156560000014,17.828295999999995,22.015735000000006,80692,-0.3879201547022926,70023,15000.202213,"[{""calls"":2389,""ms"":498.8518789999998},{""calls"":2390,""ms"":497.1247340000009}]","[0.20881200460443694,0.20800198075313844]"
historical-separate,P30-030 separate15-second Mandelbrot negative control,registration-original-mandelbrot,flag,/home/ai/bend2/build/publish/bend/selfhost/build/phase30/registration-long-mandelbrot16/report.json,d335843c48bb72f92e64621f1346b94440edf3ee298607db5aa206cecd7fd13c,d805dab8d75dcf89c56c1e5252f8a76beddf916691c57290ca3200486e4db3dc,"{""args"":[2,0],""expected"":887240761,""exportName"":""bench"",""warmupCalls"":3,""warmupMs"":15000,""calibrationMs"":100}",long_warmup,0,4742,0.2080174148038802,986.4185809999999,10.55671000000001,20.974196999999997,78756,0.18188922336366264,70511,15000.081431999999,"[{""calls"":2371,""ms"":492.74112200000127},{""calls"":2371,""ms"":493.6373650000005}]","[0.20781995866722955,0.20819796077604408]"
historical-separate,P30-030 separate15-second Mandelbrot negative control,registration-original-mandelbrot,flag,/home/ai/bend2/build/publish/bend/selfhost/build/phase30/registration-long-mandelbrot16/report.json,d335843c48bb72f92e64621f1346b94440edf3ee298607db5aa206cecd7fd13c,d805dab8d75dcf89c56c1e5252f8a76beddf916691c57290ca3200486e4db3dc,"{""args"":[2,0],""expected"":887240761,""exportName"":""bench"",""warmupCalls"":3,""warmupMs"":15000,""calibrationMs"":100}",long_warmup,1,4742,0.21102937051876872,1000.7012750000013,10.689155999999997,23.510863999999998,80112,0.6946878862802652,69479,15000.209886,"[{""calls"":2371,""ms"":498.599021},{""calls"":2371,""ms"":502.06272799999897}]","[0.21029060354280893,0.21175146689160648]"
historical-separate,P30-030 separate15-second Mandelbrot negative control,registration-original-mandelbrot,flag,/home/ai/bend2/build/publish/bend/selfhost/build/phase30/registration-long-mandelbrot16/report.json,d335843c48bb72f92e64621f1346b94440edf3ee298607db5aa206cecd7fd13c,d805dab8d75dcf89c56c1e5252f8a76beddf916691c57290ca3200486e4db3dc,"{""args"":[2,0],""expected"":887240761,""exportName"":""bench"",""warmupCalls"":3,""warmupMs"":15000,""calibrationMs"":100}",long_warmup,2,4742,0.2119227872205822,1004.9378570000008,10.658486999999994,21.058239,79036,-1.8304180481799603,69964,15000.162987000002,"[{""calls"":2371,""ms"":507.0860729999986},{""calls"":2371,""ms"":497.8042779999996}]","[0.21387012779417908,0.20995541037536888]"
historical-separate,Checked17 separate15-second-warm tree-bitonic diagnostic,final17-tree-bitonic-long-warmup,typescript,/home/ai/bend2/build/publish/bend/selfhost/build/phase30/final-tree-bitonic-long-confirm-17/report.json,ca7a6314a135d7c91b993fb56c280163794d940fbce14e96a2a8765e6db6baaa,c24fff66dd20c4579b7912b42450f1574e4c0b7a84e5d8b2d3d1d1345ef2b159,"{""args"":[8,0],""expected"":971629740,""exportName"":""bench"",""warmupCalls"":3,""warmupMs"":15000,""calibrationMs"":100}",long_warmup,0,3859,0.2587045242290746,998.3407589999988,5.428635,1.0027000000000044,194452,-0.2665931424533974,55983,15000.249619,"[{""calls"":1929,""ms"":499.68585600000006},{""calls"":1930,""ms"":498.61207600000125}]","[0.25903880559875586,0.2583482259067364]"
historical-separate,Checked17 separate15-second-warm tree-bitonic diagnostic,final17-tree-bitonic-long-warmup,typescript,/home/ai/bend2/build/publish/bend/selfhost/build/phase30/final-tree-bitonic-long-confirm-17/report.json,ca7a6314a135d7c91b993fb56c280163794d940fbce14e96a2a8765e6db6baaa,c24fff66dd20c4579b7912b42450f1574e4c0b7a84e5d8b2d3d1d1345ef2b159,"{""args"":[8,0],""expected"":971629740,""exportName"":""bench"",""warmupCalls"":3,""warmupMs"":15000,""calibrationMs"":100}",long_warmup,1,3859,0.26025764083959546,1004.3342359999988,5.181502000000002,1.0080979999999968,194496,-1.6016248673652256,56499,15000.184317000001,"[{""calls"":1929,""ms"":506.06919799999923},{""calls"":1930,""ms"":498.22201399999904}]","[0.26234795127008775,0.2581461212435228]"
historical-separate,Checked17 separate15-second-warm tree-bitonic diagnostic,final17-tree-bitonic-long-warmup,typescript,/home/ai/bend2/build/publish/bend/selfhost/build/phase30/final-tree-bitonic-long-confirm-17/report.json,ca7a6314a135d7c91b993fb56c280163794d940fbce14e96a2a8765e6db6baaa,c24fff66dd20c4579b7912b42450f1574e4c0b7a84e5d8b2d3d1d1345ef2b159,"{""args"":[8,0],""expected"":971629740,""exportName"":""bench"",""warmupCalls"":3,""warmupMs"":15000,""calibrationMs"":100}",long_warmup,2,3859,0.25857684400103637,997.8480409999993,5.219385000000003,1.0116179999999986,194564,-0.5063566438240463,56160,15000.213163,"[{""calls"":1929,""ms"":500.0391299999992},{""calls"":1930,""ms"":497.76505800000086}]","[0.25922194401244125,0.2579093564766844]"
historical-separate,Checked17 separate15-second-warm tree-bitonic diagnostic,final17-tree-bitonic-long-warmup,phase29,/home/ai/bend2/build/publish/bend/selfhost/build/phase30/final-tree-bitonic-long-confirm-17/report.json,ca7a6314a135d7c91b993fb56c280163794d940fbce14e96a2a8765e6db6baaa,c9e05243ea537eaa63fd394ba7e90ae67269045cddebd1a272374ab13552c867,"{""args"":[8,0],""expected"":971629740,""exportName"":""bench"",""warmupCalls"":3,""warmupMs"":15000,""calibrationMs"":100}",long_warmup,0,44,22.838760386363614,1004.9054569999989,69.06898999999999,19.794539000000007,211540,0.12150649823161608,644,15016.235089000002,"[{""calls"":22,""ms"":502.12129300000015},{""calls"":22,""ms"":502.7314029999998}]","[22.823695136363643,22.8514274090909]"
historical-separate,Checked17 separate15-second-warm tree-bitonic diagnostic,final17-tree-bitonic-long-warmup,phase29,/home/ai/bend2/build/publish/bend/selfhost/build/phase30/final-tree-bitonic-long-confirm-17/report.json,ca7a6314a135d7c91b993fb56c280163794d940fbce14e96a2a8765e6db6baaa,c9e05243ea537eaa63fd394ba7e90ae67269045cddebd1a272374ab13552c867,"{""args"":[8,0],""expected"":971629740,""exportName"":""bench"",""warmupCalls"":3,""warmupMs"":15000,""calibrationMs"":100}",long_warmup,1,44,22.992992500000003,1011.6916700000002,69.977072,19.820968,210636,-0.36747404861482424,640,15020.882033999998,"[{""calls"":22,""ms"":506.7492540000003},{""calls"":22,""ms"":504.8870820000011}]","[23.034057000000015,22.94941281818187]"
historical-separate,Checked17 separate15-second-warm tree-bitonic diagnostic,final17-tree-bitonic-long-warmup,phase29,/home/ai/bend2/build/publish/bend/selfhost/build/phase30/final-tree-bitonic-long-confirm-17/report.json,ca7a6314a135d7c91b993fb56c280163794d940fbce14e96a2a8765e6db6baaa,c9e05243ea537eaa63fd394ba7e90ae67269045cddebd1a272374ab13552c867,"{""args"":[8,0],""expected"":971629740,""exportName"":""bench"",""warmupCalls"":3,""warmupMs"":15000,""calibrationMs"":100}",long_warmup,2,44,22.886437727272757,1007.0032600000013,68.877721,19.842626999999993,211244,-0.31300942244019136,642,15009.332566,"[{""calls"":22,""ms"":504.26469199999883},{""calls"":22,""ms"":502.68629599999986}]","[22.92112236363631,22.849377090909083]"
historical-separate,Checked17 separate15-second-warm tree-bitonic diagnostic,final17-tree-bitonic-long-warmup,candidate,/home/ai/bend2/build/publish/bend/selfhost/build/phase30/final-tree-bitonic-long-confirm-17/report.json,ca7a6314a135d7c91b993fb56c280163794d940fbce14e96a2a8765e6db6baaa,42c9a14f9f4dcd46c38bf22ea66961296f94a2220eded932c43d19f9c2e91d80,"{""args"":[8,0],""expected"":971629740,""exportName"":""bench"",""warmupCalls"":3,""warmupMs"":15000,""calibrationMs"":100}",long_warmup,0,46,22.844761282608687,1050.8590189999995,72.327003,20.342989000000003,210824,1.0526320180068494,646,15004.65222,"[{""calls"":23,""ms"":522.6481720000011},{""calls"":23,""ms"":528.1497340000005}]","[22.723833565217436,22.9630319130435]"
historical-separate,Checked17 separate15-second-warm tree-bitonic diagnostic,final17-tree-bitonic-long-warmup,candidate,/home/ai/bend2/build/publish/bend/selfhost/build/phase30/final-tree-bitonic-long-confirm-17/report.json,ca7a6314a135d7c91b993fb56c280163794d940fbce14e96a2a8765e6db6baaa,42c9a14f9f4dcd46c38bf22ea66961296f94a2220eded932c43d19f9c2e91d80,"{""args"":[8,0],""expected"":971629740,""exportName"":""bench"",""warmupCalls"":3,""warmupMs"":15000,""calibrationMs"":100}",long_warmup,1,46,22.662343934782612,1042.4678210000002,72.088316,19.767281999999994,211940,-1.4001522873369754,660,15021.566076,"[{""calls"":23,""ms"":524.8788339999992},{""calls"":23,""ms"":517.5297310000005}]","[22.820818869565183,22.501292652173937]"
historical-separate,Checked17 separate15-second-warm tree-bitonic diagnostic,final17-tree-bitonic-long-warmup,candidate,/home/ai/bend2/build/publish/bend/selfhost/build/phase30/final-tree-bitonic-long-confirm-17/report.json,ca7a6314a135d7c91b993fb56c280163794d940fbce14e96a2a8765e6db6baaa,42c9a14f9f4dcd46c38bf22ea66961296f94a2220eded932c43d19f9c2e91d80,"{""args"":[8,0],""expected"":971629740,""exportName"":""bench"",""warmupCalls"":3,""warmupMs"":15000,""calibrationMs"":100}",long_warmup,2,46,22.78361086956521,1048.0460999999996,72.00827600000001,19.909673999999995,211176,1.3181671451363286,650,15020.120787,"[{""calls"":23,""ms"":520.5618290000002},{""calls"":23,""ms"":527.4237039999989}]","[22.63312300000001,22.9314653913043]"
