scope,window,case,side,report,report_sha256,module_sha256,point,protocol,medianMs,minMs,maxMs,firstCallMedianMs,firstCallMinMs,firstCallMaxMs,halfDriftMinPercent,halfDriftMaxPercent,maxAbsoluteHalfDriftPercent,singleCallSamples,samplesMs,firstCallSamplesMs,halfDriftPercent,over_typescript,phase29_over_side,warnings
original-program,mandelbrot-timing,mandelbrot,typescript,/home/ai/bend2/build/publish/bend/selfhost/build/phase30/final-transfer-plan-17/mandelbrot-timing/report.json,4bccd5a8b93e1015f0f98673a2b4aaf5d3b6a1e9cda169c0f6f0160b5f8f530e,037f070e948ab7701364b7413c624bca4327db0bc6171ac4523b906d2ae9e222,"{""args"":[2,0],""expected"":887240761,""exportName"":""bench"",""warmupCalls"":3,""warmupMs"":1000,""calibrationMs"":100}",transfer,0.04594983646358223,0.04552861139105207,0.04647775141242936,5.702053999999997,5.678631000000003,5.773106000000006,-2.4179773757008083,0.7659344110635624,2.4179773757008083,0,"[0.04647775141242936,0.045562171323866224,0.04552861139105207,0.04601554099862576,0.04594983646358223]","[5.703944999999997,5.773106000000006,5.702053999999997,5.700575999999998,5.678631000000003]","[0.15594204207756146,-1.1747368777064282,-0.4093252366200617,-2.4179773757008083,0.7659344110635624]",1.0,465.2693280046253,
original-program,mandelbrot-timing,mandelbrot,phase29,/home/ai/bend2/build/publish/bend/selfhost/build/phase30/final-transfer-plan-17/mandelbrot-timing/report.json,4bccd5a8b93e1015f0f98673a2b4aaf5d3b6a1e9cda169c0f6f0160b5f8f530e,11977282d5c364224eb3ac540fe3885345531d5819a68e5facfc72b03a836033,"{""args"":[2,0],""expected"":887240761,""exportName"":""bench"",""warmupCalls"":3,""warmupMs"":1000,""calibrationMs"":100}",transfer,21.379049533333333,21.265636866666668,21.603949266666678,76.171337,75.856201,77.454119,-4.744928429521633,-1.1092796440426933,4.744928429521633,0,"[21.35581933333333,21.265636866666668,21.4445424,21.379049533333333,21.603949266666678]","[75.85899199999999,77.454119,76.171337,76.673546,75.856201]","[-1.5303230142482693,-1.6270780493657044,-2.3234244697177275,-1.1092796440426933,-4.744928429521633]",465.2693280046253,1.0,
original-program,mandelbrot-timing,mandelbrot,candidate,/home/ai/bend2/build/publish/bend/selfhost/build/phase30/final-transfer-plan-17/mandelbrot-timing/report.json,4bccd5a8b93e1015f0f98673a2b4aaf5d3b6a1e9cda169c0f6f0160b5f8f530e,d805dab8d75dcf89c56c1e5252f8a76beddf916691c57290ca3200486e4db3dc,"{""args"":[2,0],""expected"":887240761,""exportName"":""bench"",""warmupCalls"":3,""warmupMs"":1000,""calibrationMs"":100}",transfer,0.21279807163120562,0.210199959574468,0.21414788439716315,10.707396000000003,10.500152999999997,11.225058000000004,-0.9975433392600985,0.07296664295539657,0.9975433392600985,0,"[0.21414788439716315,0.210199959574468,0.2140019666666668,0.21279807163120562,0.21046592198581557]","[11.225058000000004,10.745632,10.604774000000006,10.500152999999997,10.707396000000003]","[-0.08117872096164991,-0.01997905886892415,0.07296664295539657,-0.9975433392600985,-0.16516977259763976]",4.631095298888817,100.46636874785578,
original-program,editdist-timing,editdist,typescript,/home/ai/bend2/build/publish/bend/selfhost/build/phase30/final-transfer-plan-17/editdist-timing/report.json,8312e83e3762a6d7204b2be5c5f452240447504dba03b60fc25e54bf38f65218,33721b7770aa4e367896cf1b842cc8ec309dced3a2608e25c5709217474eabc6,"{""args"":[2,0],""expected"":2065873279,""exportName"":""bench"",""warmupCalls"":3,""warmupMs"":1000,""calibrationMs"":100}",transfer,4.924144403225807,4.902924435483871,4.965278854838711,25.39508099999999,25.193205,25.758423,-0.7015930768701217,0.6937687899201572,0.7015930768701217,0,"[4.902924435483871,4.965278854838711,4.924144403225807,4.922061096774197,4.9523923709677415]","[25.758423,25.39508099999999,25.193205,25.48312700000001,25.263996000000006]","[-0.1768414195729595,-0.7015930768701217,0.08789495925050073,-0.42879632315268035,0.6937687899201572]",1.0,415.0656921557942,phase29: some timed samples contain only one call; within-sample drift unavailable; candidate: some timed samples contain only one call; within-sample drift unavailable
original-program,editdist-timing,editdist,phase29,/home/ai/bend2/build/publish/bend/selfhost/build/phase30/final-transfer-plan-17/editdist-timing/report.json,8312e83e3762a6d7204b2be5c5f452240447504dba03b60fc25e54bf38f65218,b8ef74706cdc0fc6c9205046b34b4a686ca501cee847ea43a2fcd830a0383ac3,"{""args"":[2,0],""expected"":2065873279,""exportName"":""bench"",""warmupCalls"":3,""warmupMs"":1000,""calibrationMs"":100}",transfer,2043.8434049999996,2021.9847419999987,2062.35081,2248.530781,2239.287761,2249.653847,,,,5,"[2052.2757170000004,2040.2249839999986,2021.9847419999987,2043.8434049999996,2062.35081]","[2239.287761,2249.653847,2240.706905,2248.530781,2249.300815]",[],415.0656921557942,1.0,phase29: some timed samples contain only one call; within-sample drift unavailable; candidate: some timed samples contain only one call; within-sample drift unavailable
original-program,editdist-timing,editdist,candidate,/home/ai/bend2/build/publish/bend/selfhost/build/phase30/final-transfer-plan-17/editdist-timing/report.json,8312e83e3762a6d7204b2be5c5f452240447504dba03b60fc25e54bf38f65218,c27e209be4c05b7bdc284c48b021e2eb1eb5f02ff010aa07e3e92fcd1e96bf57,"{""args"":[2,0],""expected"":2065873279,""exportName"":""bench"",""warmupCalls"":3,""warmupMs"":1000,""calibrationMs"":100}",transfer,1927.9775559999998,1887.4778140000008,1937.5267119999999,2133.1107819999997,2100.600767,2141.417922,,,,5,"[1887.4778140000008,1934.2102569999997,1937.5267119999999,1927.9775559999998,1895.788498]","[2100.600767,2138.523244,2133.1107819999997,2141.417922,2104.4759120000003]",[],391.53554366459724,1.0600970943045562,phase29: some timed samples contain only one call; within-sample drift unavailable; candidate: some timed samples contain only one call; within-sample drift unavailable
original-program,tree-bitonic-timing,tree-bitonic,typescript,/home/ai/bend2/build/publish/bend/selfhost/build/phase30/final-transfer-plan-17/tree-bitonic-timing/report.json,7d6663b3481cfc595cb80b10fc172d4af2c3aca3b18f47f0ff3cb803fbab83aa,c24fff66dd20c4579b7912b42450f1574e4c0b7a84e5d8b2d3d1d1345ef2b159,"{""args"":[8,0],""expected"":971629740,""exportName"":""bench"",""warmupCalls"":3,""warmupMs"":1000,""calibrationMs"":100}",transfer,0.27375300367985295,0.27215297976080954,0.2749256264949401,5.2378280000000075,5.194010999999996,6.257875999999996,0.39777281003727794,2.7233746670670467,2.7233746670670467,0,"[0.2749256264949401,0.27215297976080954,0.27465201103955844,0.27375300367985295,0.27231992180312786]","[5.751241999999991,6.257875999999996,5.220340999999991,5.194010999999996,5.2378280000000075]","[2.01683081635895,1.2752256868947986,0.39777281003727794,2.7233746670670467,2.1548538266648043]",1.0,95.48589695318758,phase29: absolute half drift exceeds10%; candidate: absolute half drift exceeds10%
original-program,tree-bitonic-timing,tree-bitonic,phase29,/home/ai/bend2/build/publish/bend/selfhost/build/phase30/final-transfer-plan-17/tree-bitonic-timing/report.json,7d6663b3481cfc595cb80b10fc172d4af2c3aca3b18f47f0ff3cb803fbab83aa,c9e05243ea537eaa63fd394ba7e90ae67269045cddebd1a272374ab13552c867,"{""args"":[8,0],""expected"":971629740,""exportName"":""bench"",""warmupCalls"":3,""warmupMs"":1000,""calibrationMs"":100}",transfer,26.139551100000016,25.904838399999996,26.734608099999992,69.17137999999998,69.0873,69.458364,-20.58402724664312,-15.719139639199254,20.58402724664312,0,"[25.904838399999996,26.08025950000001,26.139551100000016,26.734608099999992,26.184004700000013]","[69.458364,69.38506799999999,69.102058,69.17137999999998,69.0873]","[-20.305342943709093,-20.112871744445037,-20.58402724664312,-15.719139639199254,-20.07740026818614]",95.48589695318758,1.0,phase29: absolute half drift exceeds10%; candidate: absolute half drift exceeds10%
original-program,tree-bitonic-timing,tree-bitonic,candidate,/home/ai/bend2/build/publish/bend/selfhost/build/phase30/final-transfer-plan-17/tree-bitonic-timing/report.json,7d6663b3481cfc595cb80b10fc172d4af2c3aca3b18f47f0ff3cb803fbab83aa,42c9a14f9f4dcd46c38bf22ea66961296f94a2220eded932c43d19f9c2e91d80,"{""args"":[8,0],""expected"":971629740,""exportName"":""bench"",""warmupCalls"":3,""warmupMs"":1000,""calibrationMs"":100}",transfer,25.25509176923076,25.073329692307706,25.750487461538462,71.79178,71.654907,72.79641500000001,-16.759756383649083,-13.273706595499979,16.759756383649083,0,"[25.114630538461544,25.750487461538462,25.073329692307706,25.25509176923076,25.502265846153843]","[71.73416,72.79641500000001,71.79178,71.654907,71.79883300000002]","[-15.904248138243771,-13.273706595499979,-16.08271995568473,-15.636159365658242,-16.759756383649083]",92.25503073846063,1.0350210301689273,phase29: absolute half drift exceeds10%; candidate: absolute half drift exceeds10%
original-program,lexer-timing,lexer,typescript,/home/ai/bend2/build/publish/bend/selfhost/build/phase30/final-transfer-plan-17/lexer-timing/report.json,0ff17ea3f3958e7376d97dc70ac095a2a837835e91b1501909cefecb52abde46,2d9378dfdcacc5904f4b2ac65fd90ba1dcc4a51d9c68b00f6042c42aaeadbbba,"{""args"":[8,0],""expected"":1822208108,""exportName"":""bench"",""warmupCalls"":3,""warmupMs"":1000,""calibrationMs"":100}",transfer,1.9122228789808922,1.9077723821656052,1.916681350318471,20.376272,20.064639,20.487503000000004,-0.8747312424811637,-0.06574328679296304,0.8747312424811637,0,"[1.9143870445859865,1.916681350318471,1.9122228789808922,1.9084393503184718,1.9077723821656052]","[20.429778000000006,20.157247000000005,20.487503000000004,20.376272,20.064639]","[-0.5940271814647069,-0.06574328679296304,-0.07766196415970317,-0.4190963409010484,-0.8747312424811637]",1.0,92.09458449417484,
original-program,lexer-timing,lexer,phase29,/home/ai/bend2/build/publish/bend/selfhost/build/phase30/final-transfer-plan-17/lexer-timing/report.json,0ff17ea3f3958e7376d97dc70ac095a2a837835e91b1501909cefecb52abde46,1f5e140803c8a6f19eadc7dd8880b7a9372f9a70fc80a81dd98b886104d85d7d,"{""args"":[8,0],""expected"":1822208108,""exportName"":""bench"",""warmupCalls"":3,""warmupMs"":1000,""calibrationMs"":100}",transfer,176.10537150000005,174.084748,185.85207549999996,320.834363,318.742478,322.107962,-1.1040451378418248,6.649558694815116,6.649558694815116,0,"[185.85207549999996,176.844879,176.10537150000005,175.44511699999998,174.084748]","[318.742478,320.834363,320.714059,321.650982,322.107962]","[6.649558694815116,-1.1040451378418248,-0.8106277968492281,-0.3967464861713621,-0.18969136263614628]",92.09458449417484,1.0,
original-program,lexer-timing,lexer,candidate,/home/ai/bend2/build/publish/bend/selfhost/build/phase30/final-transfer-plan-17/lexer-timing/report.json,0ff17ea3f3958e7376d97dc70ac095a2a837835e91b1501909cefecb52abde46,f6256f54f41a6220c43943dbae257133994a319c9f73d1f4b939364a3c5a5612,"{""args"":[8,0],""expected"":1822208108,""exportName"":""bench"",""warmupCalls"":3,""warmupMs"":1000,""calibrationMs"":100}",transfer,172.99286799999993,171.46263699999997,173.8282345,296.489776,295.094379,309.95110500000004,7.053643142526522,7.67994740886635,7.67994740886635,0,"[172.99286799999993,173.8282345,172.83828500000004,173.400302,171.46263699999997]","[301.183112,296.489776,295.094379,296.489569,309.95110500000004]","[7.201541624664998,7.053643142526522,7.602333262687955,7.67994740886635,7.604482868507345]",90.4668958318266,1.0179920914427532,
original-program,symreg-timing,symreg,typescript,/home/ai/bend2/build/publish/bend/selfhost/build/phase30/final-transfer-plan-17/symreg-timing/report.json,7785c444e949eda90507f70fb151a6a9d20733d0d2ec5b7d5517e6b0650568f9,545d6112dbbb0cc66074407a0daf7076b148f9d311e7e9bbffff3376f8e00651,"{""args"":[6,42],""expected"":2490246820,""exportName"":""bench"",""warmupCalls"":3,""warmupMs"":1000,""calibrationMs"":100}",transfer,1.1010391727941178,1.100469297794118,1.1049660477941174,9.284819999999996,9.215129000000005,9.511131000000006,-0.21324052197544408,0.008169137485869449,0.21324052197544408,0,"[1.1018806764705882,1.1049660477941174,1.1010391727941178,1.100947911764706,1.100469297794118]","[9.29002899999999,9.511131000000006,9.217016999999998,9.215129000000005,9.284819999999996]","[-0.16382909274791357,0.008169137485869449,-0.17333441874781697,-0.05426886260176955,-0.21324052197544408]",1.0,96.38430156609012,
original-program,symreg-timing,symreg,phase29,/home/ai/bend2/build/publish/bend/selfhost/build/phase30/final-transfer-plan-17/symreg-timing/report.json,7785c444e949eda90507f70fb151a6a9d20733d0d2ec5b7d5517e6b0650568f9,d252d573449d06ab88d88243c0a18b237e3643de94b4cbd75141086b9f57661e,"{""args"":[6,42],""expected"":2490246820,""exportName"":""bench"",""warmupCalls"":3,""warmupMs"":1000,""calibrationMs"":100}",transfer,106.12289166666665,105.75923433333332,106.91739066666666,221.918051,219.62305000000003,222.800425,-1.1719288855174814,-0.08716305099718547,1.1719288855174814,0,"[106.21567433333333,105.75923433333332,106.12289166666665,106.1217543333333,106.91739066666666]","[222.800425,220.69965499999998,219.62305000000003,221.918051,221.94827599999996]","[-0.7688103577479954,-0.7151374476718542,-1.1719288855174814,-0.08716305099718547,-0.2348108062912635]",96.38430156609012,1.0,
original-program,symreg-timing,symreg,candidate,/home/ai/bend2/build/publish/bend/selfhost/build/phase30/final-transfer-plan-17/symreg-timing/report.json,7785c444e949eda90507f70fb151a6a9d20733d0d2ec5b7d5517e6b0650568f9,71c530f4ac4747dac9578507ad40e5d617f89184341200daf6622e36dec849b4,"{""args"":[6,42],""expected"":2490246820,""exportName"":""bench"",""warmupCalls"":3,""warmupMs"":1000,""calibrationMs"":100}",transfer,103.62973733333335,102.98844666666666,105.97156266666661,217.438925,216.942835,222.99069499999996,-0.48621254515075485,1.1774279503798502,1.1774279503798502,0,"[104.00649066666665,102.98844666666666,105.97156266666661,103.62973733333335,103.08223133333331]","[217.80037599999997,216.942835,217.319237,222.99069499999996,217.438925]","[0.2920546975825111,-0.42239165742143925,1.1774279503798502,-0.37672237994083035,-0.48621254515075485]",94.11993677786337,1.0240582905784452,
original-program,test-morning-program-timing,test-morning-program,typescript,/home/ai/bend2/build/publish/bend/selfhost/build/phase30/final-transfer-plan-17/test-morning-program-timing/report.json,dd1b4dd79f353b8f3ba5a9b713dd0884c35906e8d02945ccf9ee725c17492b09,faff88b122b84d0d18698210c66233cae52493e3cc68c92d95e0c639e20990ad,"{""args"":[],""expected"":""a-bb-ccc 8 1877 42 lo hello 3"",""exportName"":""main.out"",""warmupCalls"":3,""warmupMs"":1000,""calibrationMs"":100}",transfer,0.0037079419758412426,0.0036712167436430995,0.0038763113739024506,2.1806240000000088,2.179558,2.2186810000000037,0.8397456732260888,1.9141162449380467,1.9141162449380467,0,"[0.0037079419758412426,0.003689730180683144,0.003863708305841748,0.0036712167436430995,0.0038763113739024506]","[2.1806240000000088,2.179558,2.193789999999993,2.2186810000000037,2.1804750000000013]","[1.9141162449380467,1.211325853687284,1.1174295329740902,1.1250113636176895,0.8397456732260888]",1.0,56.95578201053353,phase29: absolute half drift exceeds10%; candidate: absolute half drift exceeds10%
original-program,test-morning-program-timing,test-morning-program,phase29,/home/ai/bend2/build/publish/bend/selfhost/build/phase30/final-transfer-plan-17/test-morning-program-timing/report.json,dd1b4dd79f353b8f3ba5a9b713dd0884c35906e8d02945ccf9ee725c17492b09,f9431ea138f00f8913c09c9aaca21f599a9a50c7a9ba3ff194f4748ab9f06ac0,"{""args"":[],""expected"":""a-bb-ccc 8 1877 42 lo hello 3"",""exportName"":""main.out"",""warmupCalls"":3,""warmupMs"":1000,""calibrationMs"":100}",transfer,0.2111887348837208,0.20891937475083058,0.21211296079734218,9.71668600000001,9.687241999999998,9.909463000000002,-14.247151280692327,-12.896578551008165,14.247151280692327,0,"[0.21211296079734218,0.2111887348837208,0.20891937475083058,0.21138621926910298,0.21038449966777412]","[9.706538000000009,9.687241999999998,9.71668600000001,9.793348000000009,9.909463000000002]","[-13.938544563079047,-13.805873091603216,-12.896578551008165,-13.908240736474898,-14.247151280692327]",56.95578201053353,1.0,phase29: absolute half drift exceeds10%; candidate: absolute half drift exceeds10%
original-program,test-morning-program-timing,test-morning-program,candidate,/home/ai/bend2/build/publish/bend/selfhost/build/phase30/final-transfer-plan-17/test-morning-program-timing/report.json,dd1b4dd79f353b8f3ba5a9b713dd0884c35906e8d02945ccf9ee725c17492b09,b7522e2b914d30835c723e8932eac442d52a8181c276c44475a4aeafeef9c958,"{""args"":[],""expected"":""a-bb-ccc 8 1877 42 lo hello 3"",""exportName"":""main.out"",""warmupCalls"":3,""warmupMs"":1000,""calibrationMs"":100}",transfer,0.2033793782722513,0.19537510013088996,0.2059020078534031,9.693888000000001,9.595264999999998,9.925646999999998,-13.90683814476159,-7.338770800814476,13.90683814476159,0,"[0.19537510013088996,0.20373746465968592,0.2033793782722513,0.1974135091623037,0.2059020078534031]","[9.595264999999998,9.615677999999988,9.925646999999998,9.77967000000001,9.693888000000001]","[-7.608074644591212,-13.90683814476159,-10.850201890394517,-7.338770800814476,-11.517729420342725]",54.84966582469496,1.038397976617942,phase29: absolute half drift exceeds10%; candidate: absolute half drift exceeds10%
original-program,test-evening-program-timing,test-evening-program,typescript,/home/ai/bend2/build/publish/bend/selfhost/build/phase30/final-transfer-plan-17/test-evening-program-timing/report.json,4d386f09308ba38342ea05c3509630249a0648413a128ee85a47834959b6030a,0c1d34b107501041c6e5a3bb5b896e91b8ab56b8826c3f616ea6b4e3a3e1d6d0,"{""args"":[],""expected"":81111,""exportName"":""main.out"",""warmupCalls"":3,""warmupMs"":1000,""calibrationMs"":100}",transfer,0.0031608774816669644,0.0031232756636190516,0.0032140327101328825,2.5110930000000025,2.478418000000005,2.650578000000003,-3.3033919379765853,-0.7240348402880015,3.3033919379765853,0,"[0.0032140327101328825,0.0031672745694235494,0.0031608774816669644,0.003151093648405528,0.0031232756636190516]","[2.5243269999999995,2.4821030000000093,2.5110930000000025,2.478418000000005,2.650578000000003]","[-3.3033919379765853,-0.7240348402880015,-1.3282259935171625,-2.442754905245792,-0.9185801101757041]",1.0,109.77147061317237,phase29: absolute half drift exceeds10%; candidate: absolute half drift exceeds10%
original-program,test-evening-program-timing,test-evening-program,phase29,/home/ai/bend2/build/publish/bend/selfhost/build/phase30/final-transfer-plan-17/test-evening-program-timing/report.json,4d386f09308ba38342ea05c3509630249a0648413a128ee85a47834959b6030a,96bf6ad0006eed050ba8213858e4fe72282483622be3dcdc5a6948f9790a4291,"{""args"":[],""expected"":81111,""exportName"":""main.out"",""warmupCalls"":3,""warmupMs"":1000,""calibrationMs"":100}",transfer,0.3469741695906435,0.2593530740740741,0.36631427875243683,12.297319000000002,12.179066000000006,12.587912000000003,136.73235205162,298.53909590803676,298.53909590803676,0,"[0.36631427875243683,0.2593530740740741,0.3469741695906435,0.35291772904483426,0.2668297231968811]","[12.203037999999992,12.587912000000003,12.179066000000006,12.297319000000002,12.360129]","[298.53909590803676,136.73235205162,271.4206140343081,280.82905095372683,142.3400055161665]",109.77147061317237,1.0,phase29: absolute half drift exceeds10%; candidate: absolute half drift exceeds10%
original-program,test-evening-program-timing,test-evening-program,candidate,/home/ai/bend2/build/publish/bend/selfhost/build/phase30/final-transfer-plan-17/test-evening-program-timing/report.json,4d386f09308ba38342ea05c3509630249a0648413a128ee85a47834959b6030a,c9cc745623a99b14e93d23593569f0200fa5989ffcfc317e75796d2051639d5f,"{""args"":[],""expected"":81111,""exportName"":""main.out"",""warmupCalls"":3,""warmupMs"":1000,""calibrationMs"":100}",transfer,0.2034092474074074,0.19823918962962955,0.20565278913580243,12.287997000000004,12.232713000000004,12.46018500000001,-41.64781312860877,-40.10466819235342,41.64781312860877,0,"[0.2034092474074074,0.19929634074074076,0.20565278913580243,0.19823918962962955,0.2043448291358025]","[12.269813,12.304956000000004,12.232713000000004,12.287997000000004,12.46018500000001]","[-41.23110617120809,-41.409160854047386,-40.409218959331085,-41.64781312860877,-40.10466819235342]",64.35214543656866,1.7057934878235432,phase29: absolute half drift exceeds10%; candidate: absolute half drift exceeds10%
original-program,test-rle-roundtrip-timing,test-rle-roundtrip,typescript,/home/ai/bend2/build/publish/bend/selfhost/build/phase30/final-transfer-plan-17/test-rle-roundtrip-timing/report.json,9c90008c8b62c76a8917626c100716e1a2816929a39aa5050acc3cb3bcd236f1,f21a8eb4239ff0db7fbfda6121f24b04b48c5478fe6de5798660ca5b417c80a8,"{""args"":[],""expected"":11,""exportName"":""main.out"",""warmupCalls"":3,""warmupMs"":1000,""calibrationMs"":100}",transfer,0.000592163906744699,0.000588205125203876,0.0005942301851674181,0.5075250000000011,0.5014539999999954,0.5090979999999945,0.39314586699281673,1.6973092457192918,1.6973092457192918,0,"[0.000592163906744699,0.0005934091988870763,0.000588205125203876,0.0005916482682529023,0.0005942301851674181]","[0.508388999999994,0.5014539999999954,0.5052909999999997,0.5090979999999945,0.5075250000000011]","[1.162377012140059,0.39314586699281673,1.236749623532729,1.6141472235311038,1.6973092457192918]",1.0,75.7056103936936,
original-program,test-rle-roundtrip-timing,test-rle-roundtrip,phase29,/home/ai/bend2/build/publish/bend/selfhost/build/phase30/final-transfer-plan-17/test-rle-roundtrip-timing/report.json,9c90008c8b62c76a8917626c100716e1a2816929a39aa5050acc3cb3bcd236f1,ad8657b5b37a6a1fc1cf2054b37cd19a9626e0c26737887a2000bae08d05e483,"{""args"":[],""expected"":11,""exportName"":""main.out"",""warmupCalls"":3,""warmupMs"":1000,""calibrationMs"":100}",transfer,0.0448301300132217,0.04416027824298518,0.0449888400176289,3.1903760000000005,3.1210260000000005,3.2489149999999967,-0.7296368289122501,3.3732484349127345,3.3732484349127345,0,"[0.0449888400176289,0.04425972792713382,0.0448301300132217,0.04416027824298518,0.04497674540913765]","[3.2489149999999967,3.1210260000000005,3.1416889999999995,3.217793999999998,3.1903760000000005]","[3.3732484349127345,-0.7296368289122501,-0.08941301968675708,-0.42619460755297656,-0.2785375860219652]",75.7056103936936,1.0,
original-program,test-rle-roundtrip-timing,test-rle-roundtrip,candidate,/home/ai/bend2/build/publish/bend/selfhost/build/phase30/final-transfer-plan-17/test-rle-roundtrip-timing/report.json,9c90008c8b62c76a8917626c100716e1a2816929a39aa5050acc3cb3bcd236f1,2941abe82d0cd8b06dbe7bbbd0067c92ade9df5fcd3f7fa8b84fbbca07945d69,"{""args"":[],""expected"":11,""exportName"":""main.out"",""warmupCalls"":3,""warmupMs"":1000,""calibrationMs"":100}",transfer,0.04604268616939809,0.04562461142594575,0.0462335155460254,3.1624750000000006,3.1523310000000038,3.211917999999997,-0.8439123385729386,0.36872935073579693,0.8439123385729386,0,"[0.04562461142594575,0.04615950926635014,0.045727774544340634,0.04604268616939809,0.0462335155460254]","[3.1523310000000038,3.1624750000000006,3.211917999999997,3.159378000000004,3.2032689999999917]","[-0.8439123385729386,0.36872935073579693,-0.12868596290253054,-0.16702111573810852,-0.2004687392313298]",77.75328020667187,0.9736645218370793,
original-program,test-map-set-ops-timing,test-map-set-ops,typescript,/home/ai/bend2/build/publish/bend/selfhost/build/phase30/final-transfer-plan-17/test-map-set-ops-timing/report.json,11b2efa3f439a8daedc4586df6f29e168aedf8bb3bb6adb58b2f8dd5ef8a7e6f,91812e3092688bdc609a2f9f21c1280120b8392eab7cd7148586702bf551e9bf,"{""args"":[],""expected"":11111,""exportName"":""main.out"",""warmupCalls"":3,""warmupMs"":1000,""calibrationMs"":100}",transfer,0.022466873047746538,0.022142514874312062,0.02309269872080915,5.3101780000000005,5.230414000000003,5.564940000000007,-1.6900353872447704,-0.28878983512728995,1.6900353872447704,0,"[0.02222020533987802,0.02252730336159453,0.02309269872080915,0.022466873047746538,0.022142514874312062]","[5.230414000000003,5.449066000000002,5.3101780000000005,5.236205999999996,5.564940000000007]","[-0.8917392084949682,-1.4197589007843736,-1.0228411744387045,-1.6900353872447704,-0.28878983512728995]",1.0,99.00507868501128,phase29: absolute half drift exceeds10%; candidate: absolute half drift exceeds10%
original-program,test-map-set-ops-timing,test-map-set-ops,phase29,/home/ai/bend2/build/publish/bend/selfhost/build/phase30/final-transfer-plan-17/test-map-set-ops-timing/report.json,11b2efa3f439a8daedc4586df6f29e168aedf8bb3bb6adb58b2f8dd5ef8a7e6f,a05e0f45be9d5aa3057c296ea767782798df49f582b4b17d80800589184388e5,"{""args"":[],""expected"":11111,""exportName"":""main.out"",""warmupCalls"":3,""warmupMs"":1000,""calibrationMs"":100}",transfer,2.2243345338983054,2.2065963559322026,2.302465838983051,30.985591999999997,30.939800000000005,32.558122,37.50833546240209,42.17239115762936,42.17239115762936,0,"[2.302465838983051,2.2243345338983054,2.2065963559322026,2.2801413220338977,2.2220883050847458]","[32.558122,30.96714700000001,30.985591999999997,31.079684999999998,30.939800000000005]","[38.225222862821106,40.4236780208582,41.797980709542706,37.50833546240209,42.17239115762936]",99.00507868501128,1.0,phase29: absolute half drift exceeds10%; candidate: absolute half drift exceeds10%
original-program,test-map-set-ops-timing,test-map-set-ops,candidate,/home/ai/bend2/build/publish/bend/selfhost/build/phase30/final-transfer-plan-17/test-map-set-ops-timing/report.json,11b2efa3f439a8daedc4586df6f29e168aedf8bb3bb6adb58b2f8dd5ef8a7e6f,a01da66a3ed8e8458d219fc2cece4327811c93647462a6f09f409044e4c631c5,"{""args"":[],""expected"":11111,""exportName"":""main.out"",""warmupCalls"":3,""warmupMs"":1000,""calibrationMs"":100}",transfer,2.1416333125,1.8534175104166668,2.224893854166666,30.963983,30.594247999999993,32.073363,8.719596385719154,49.93895671281274,49.93895671281274,0,"[2.1416333125,1.8534175104166668,2.224893854166666,2.184096312500001,2.1193461041666666]","[30.652762999999993,30.963983,31.109916,32.073363,30.594247999999993]","[34.56117472670537,8.719596385719154,49.93895671281274,36.609154489584064,36.32104735295867]",95.3240492323345,1.038615957697149,phase29: absolute half drift exceeds10%; candidate: absolute half drift exceeds10%
original-program,raytrace-timing,raytrace,typescript,/home/ai/bend2/build/publish/bend/selfhost/build/phase30/final-transfer-plan-17/raytrace-timing/report.json,54261f4b943d62f5402ed7268ab62195271041b14c657e0740e51cf0b754aabf,87bd526f04705416db047a31eb4ccc186f1c90f5c911f57736a3216a7629ddd2,"{""args"":[80,0],""expected"":402971,""exportName"":""bench"",""warmupCalls"":3,""warmupMs"":1000,""calibrationMs"":100}",transfer,34.115671888888905,34.09959500000001,34.70806566666665,125.201645,124.723856,126.918704,-1.3526192017487948,0.6789796983676988,1.3526192017487948,0,"[34.363648999999995,34.115671888888905,34.70806566666665,34.09959500000001,34.106207666666656]","[126.918704,125.201645,124.834114,125.595632,124.723856]","[-1.0220390800680157,-0.8076389771613512,0.6789796983676988,-0.9272244446544176,-1.3526192017487948]",1.0,309.65822752682305,phase29: some timed samples contain only one call; within-sample drift unavailable; candidate: some timed samples contain only one call; within-sample drift unavailable
original-program,raytrace-timing,raytrace,phase29,/home/ai/bend2/build/publish/bend/selfhost/build/phase30/final-transfer-plan-17/raytrace-timing/report.json,54261f4b943d62f5402ed7268ab62195271041b14c657e0740e51cf0b754aabf,52a93a16fe13e01b7e6cbce350d0f22d7fe0c7581ed649482a5002bfa7d3454c,"{""args"":[80,0],""expected"":402971,""exportName"":""bench"",""warmupCalls"":3,""warmupMs"":1000,""calibrationMs"":100}",transfer,10564.198488000002,10451.213431000004,10649.646837,11387.955677,11355.150684999999,11474.719949,,,,5,"[10564.198488000002,10592.132757,10451.213431000004,10649.646837,10469.997079]","[11467.174106,11387.955677,11355.150684999999,11474.719949,11364.726633]",[],309.65822752682305,1.0,phase29: some timed samples contain only one call; within-sample drift unavailable; candidate: some timed samples contain only one call; within-sample drift unavailable
original-program,raytrace-timing,raytrace,candidate,/home/ai/bend2/build/publish/bend/selfhost/build/phase30/final-transfer-plan-17/raytrace-timing/report.json,54261f4b943d62f5402ed7268ab62195271041b14c657e0740e51cf0b754aabf,71b1b2805145aac6831b58b4c1497d1cf824084fcfe59ae24c711c05d182214b,"{""args"":[80,0],""expected"":402971,""exportName"":""bench"",""warmupCalls"":3,""warmupMs"":1000,""calibrationMs"":100}",transfer,10202.864968000002,10175.277896,10237.303265000002,11024.579488000001,10997.266612000001,11160.659139,,,,5,"[10237.303265000002,10202.864968000002,10220.628344000004,10175.277896,10176.938358]","[11024.579488000001,11060.688693,11160.659139,10997.266612000001,11006.316800999999]",[],299.0668042895254,1.0354149075904933,phase29: some timed samples contain only one call; within-sample drift unavailable; candidate: some timed samples contain only one call; within-sample drift unavailable
scalar-helper,scalar-scaling-confirm-17,scalar-region-0,phase29,/home/ai/bend2/build/publish/bend/selfhost/build/phase30/scalar-scaling-confirm-17/report.json,56f270dacba0fca51a645c98c8fbe6c1507facf0e7aaca9e19b6164c8f00f2c7,4f5b099ece772ee85d8f721cb38fa062fdff556f87dc9181b9838450c100c0a4,"{""exportName"":""bench"",""args"":[0,524800],""expected"":0,""warmupCalls"":100,""warmupMs"":3000,""calibrationMs"":50}",confirm,0.00167386903721347,0.0016578854970172414,0.00168290139413937,0.5232750000000124,0.520087999999987,0.5294229999999942,0.912030954371601,1.5691378090991526,1.5691378090991526,0,"[0.00168290139413937,0.00167386903721347,0.0016789172639468585,0.0016578854970172414,0.00167049024867251]","[0.5232750000000124,0.520087999999987,0.5234590000000026,0.5294229999999942,0.5209389999999985]","[1.4748698711374075,1.5691378090991526,1.5319128831020379,0.912030954371601,1.4202711137524693]",17.332594495746577,1.0,
scalar-helper,scalar-scaling-confirm-17,scalar-region-0,typescript,/home/ai/bend2/build/publish/bend/selfhost/build/phase30/scalar-scaling-confirm-17/report.json,56f270dacba0fca51a645c98c8fbe6c1507facf0e7aaca9e19b6164c8f00f2c7,752a5711b92b0ba8b0e146f41e70ac3934e50965f77950d009b5e738320b594a,"{""exportName"":""bench"",""args"":[0,524800],""expected"":0,""warmupCalls"":100,""warmupMs"":3000,""calibrationMs"":50}",confirm,9.6573484e-05,9.614882299999999e-05,9.752325599999995e-05,0.19736299999999574,0.19390699999999583,0.20617900000000589,3.281329009339329,4.881889686903795,4.881889686903795,0,"[9.719525799999974e-05,9.614882299999999e-05,9.6573484e-05,9.646839199999976e-05,9.752325599999995e-05]","[0.19390699999999583,0.1973649999999978,0.19736299999999574,0.19489199999999585,0.20617900000000589]","[4.75741015702118,4.86675938621246,4.881889686903795,3.4494911357811686,3.281329009339329]",1.0,17.332594495746577,
scalar-helper,scalar-scaling-confirm-17,scalar-region-0,candidate,/home/ai/bend2/build/publish/bend/selfhost/build/phase30/scalar-scaling-confirm-17/report.json,56f270dacba0fca51a645c98c8fbe6c1507facf0e7aaca9e19b6164c8f00f2c7,f6f6284972176fe8e03539b07fcb4e39a3ff92dac851833f1574ca3f273737b4,"{""exportName"":""bench"",""args"":[0,524800],""expected"":0,""warmupCalls"":100,""warmupMs"":3000,""calibrationMs"":50}",confirm,0.00452252328023805,0.004518745842814632,0.004560178233852617,0.7933239999999984,0.7888409999999908,0.8272730000000053,1.3022691269765962,2.353598677040014,2.353598677040014,0,"[0.004531073283155381,0.004560178233852617,0.004519394597117691,0.00452252328023805,0.004518745842814632]","[0.7933239999999984,0.8272730000000053,0.7920819999999935,0.7888409999999908,0.796204000000003]","[2.353598677040014,1.8152373589589432,1.3022691269765962,1.4367246500035735,1.6726853718576518]",46.829865641360215,0.3701183904409583,
scalar-helper,scalar-scaling-confirm-17,scalar-region-128,phase29,/home/ai/bend2/build/publish/bend/selfhost/build/phase30/scalar-scaling-confirm-17/report.json,56f270dacba0fca51a645c98c8fbe6c1507facf0e7aaca9e19b6164c8f00f2c7,4f5b099ece772ee85d8f721cb38fa062fdff556f87dc9181b9838450c100c0a4,"{""exportName"":""bench"",""args"":[128,524800],""expected"":128,""warmupCalls"":100,""warmupMs"":3000,""calibrationMs"":50}",confirm,0.40122847663551403,0.3914630400534046,0.40313132576769,6.355788000000004,6.339517999999998,6.415316000000004,-2.799437187720466,0.2631831803791229,2.799437187720466,0,"[0.40122847663551403,0.4019910761014686,0.3945028224299066,0.40313132576769,0.3914630400534046]","[6.415316000000004,6.396889000000002,6.355788000000004,6.339517999999998,6.352471999999992]","[0.2631831803791229,-0.9709504065789964,-0.9053440034884508,-2.799437187720466,-0.14606702782120617]",236.10720649861025,1.0,
scalar-helper,scalar-scaling-confirm-17,scalar-region-128,typescript,/home/ai/bend2/build/publish/bend/selfhost/build/phase30/scalar-scaling-confirm-17/report.json,56f270dacba0fca51a645c98c8fbe6c1507facf0e7aaca9e19b6164c8f00f2c7,752a5711b92b0ba8b0e146f41e70ac3934e50965f77950d009b5e738320b594a,"{""exportName"":""bench"",""args"":[128,524800],""expected"":128,""warmupCalls"":100,""warmupMs"":3000,""calibrationMs"":50}",confirm,0.001699348709366377,0.001697208867633857,0.0017011829940040116,0.7371049999999997,0.7284259999999989,0.7402200000000008,0.3862739669320714,1.4318689898970227,1.4318689898970227,0,"[0.0017011829940040116,0.001699348709366377,0.0016998474625112199,0.001697208867633857,0.0016980316590377597]","[0.7372039999999984,0.7371049999999997,0.7284259999999989,0.7350059999999985,0.7402200000000008]","[0.3862739669320714,1.1305336606342031,1.0177592613223485,1.4318689898970227,1.0343412366695448]",1.0,236.10720649861025,
scalar-helper,scalar-scaling-confirm-17,scalar-region-128,candidate,/home/ai/bend2/build/publish/bend/selfhost/build/phase30/scalar-scaling-confirm-17/report.json,56f270dacba0fca51a645c98c8fbe6c1507facf0e7aaca9e19b6164c8f00f2c7,f6f6284972176fe8e03539b07fcb4e39a3ff92dac851833f1574ca3f273737b4,"{""exportName"":""bench"",""args"":[128,524800],""expected"":128,""warmupCalls"":100,""warmupMs"":3000,""calibrationMs"":50}",confirm,0.00699205982809828,0.006929447731977316,0.007180025830258297,1.4247150000000062,1.3993430000000018,1.4933679999999896,0.839982335390066,2.402357373204156,2.402357373204156,0,"[0.006929447731977316,0.006964918279182791,0.006996886666366662,0.00699205982809828,0.007180025830258297]","[1.4297140000000041,1.408968999999999,1.3993430000000018,1.4247150000000062,1.4933679999999896]","[1.5052969220164636,1.0548618552620903,2.2446784209282367,0.839982335390066,2.402357373204156]",4.114552704550766,57.383444435520694,
scalar-helper,scalar-scaling-confirm-17,scalar-region-1024,phase29,/home/ai/bend2/build/publish/bend/selfhost/build/phase30/scalar-scaling-confirm-17/report.json,56f270dacba0fca51a645c98c8fbe6c1507facf0e7aaca9e19b6164c8f00f2c7,4f5b099ece772ee85d8f721cb38fa062fdff556f87dc9181b9838450c100c0a4,"{""exportName"":""bench"",""args"":[1024,524800],""expected"":1024,""warmupCalls"":100,""warmupMs"":3000,""calibrationMs"":50}",confirm,3.226702956043957,3.2020285494505454,3.2793676263736264,29.867852,29.750256000000007,30.00681999999999,-3.255687425360776,-1.9405941827102646,3.255687425360776,0,"[3.226702956043957,3.2020285494505454,3.2793676263736264,3.2167801648351646,3.250540120879118]","[29.787787999999992,30.00681999999999,29.867852,29.750256000000007,29.940792000000002]","[-2.3067037605754126,-2.003262740944689,-1.9405941827102646,-3.255687425360776,-2.9841149858472416]",249.92282133286312,1.0,
scalar-helper,scalar-scaling-confirm-17,scalar-region-1024,typescript,/home/ai/bend2/build/publish/bend/selfhost/build/phase30/scalar-scaling-confirm-17/report.json,56f270dacba0fca51a645c98c8fbe6c1507facf0e7aaca9e19b6164c8f00f2c7,752a5711b92b0ba8b0e146f41e70ac3934e50965f77950d009b5e738320b594a,"{""exportName"":""bench"",""args"":[1024,524800],""expected"":1024,""warmupCalls"":100,""warmupMs"":3000,""calibrationMs"":50}",confirm,0.012910797576770425,0.012871080050135784,0.01302439991644036,6.6099359999999905,6.562978000000001,6.653989000000003,-1.7046743153361854,1.7341633255162803,1.7341633255162803,0,"[0.012910797576770425,0.012871080050135784,0.012881186379778552,0.01302439991644036,0.012922716607478586]","[6.6099359999999905,6.562978000000001,6.597308000000005,6.639032,6.653989000000003]","[1.7341633255162803,0.3209451553179976,0.13541833886392407,-1.7046743153361854,0.445881952967464]",1.0,249.92282133286312,
scalar-helper,scalar-scaling-confirm-17,scalar-region-1024,candidate,/home/ai/bend2/build/publish/bend/selfhost/build/phase30/scalar-scaling-confirm-17/report.json,56f270dacba0fca51a645c98c8fbe6c1507facf0e7aaca9e19b6164c8f00f2c7,f6f6284972176fe8e03539b07fcb4e39a3ff92dac851833f1574ca3f273737b4,"{""exportName"":""bench"",""args"":[1024,524800],""expected"":1024,""warmupCalls"":100,""warmupMs"":3000,""calibrationMs"":50}",confirm,0.02204205193776112,0.021931844330788076,0.022204770566200818,6.415469000000002,6.321184000000002,6.522976999999997,-1.8416871987169459,-0.09193558224566134,1.8416871987169459,0,"[0.02204205193776112,0.021944509292609146,0.021931844330788076,0.022204770566200818,0.022204082264803353]","[6.518951000000001,6.522976999999997,6.415469000000002,6.407048000000003,6.321184000000002]","[-1.4550399198064778,-1.8416871987169459,-1.065605643873846,-0.5424337783704214,-0.09193558224566134]",1.7072571858318015,146.3885016311101,
scalar-helper,scalar-scaling-confirm-17,scalar-region-8192,phase29,/home/ai/bend2/build/publish/bend/selfhost/build/phase30/scalar-scaling-confirm-17/report.json,56f270dacba0fca51a645c98c8fbe6c1507facf0e7aaca9e19b6164c8f00f2c7,4f5b099ece772ee85d8f721cb38fa062fdff556f87dc9181b9838450c100c0a4,"{""exportName"":""bench"",""args"":[8192,524800],""expected"":8192,""warmupCalls"":100,""warmupMs"":3000,""calibrationMs"":50}",confirm,25.477501428571422,25.287733285714303,25.985082428571463,64.77703899999999,64.259056,65.230564,-1.9714704136230554,0.23148578793157348,1.9714704136230554,0,"[25.287733285714303,25.51645357142856,25.316935714285723,25.985082428571463,25.477501428571422]","[64.259056,65.230564,64.55254800000002,64.82252000000001,64.77703899999999]","[-0.13979836706380366,-1.9714704136230554,0.13952833113497487,0.23148578793157348,-0.05362333498520888]",256.3838401661134,1.0,
scalar-helper,scalar-scaling-confirm-17,scalar-region-8192,typescript,/home/ai/bend2/build/publish/bend/selfhost/build/phase30/scalar-scaling-confirm-17/report.json,56f270dacba0fca51a645c98c8fbe6c1507facf0e7aaca9e19b6164c8f00f2c7,752a5711b92b0ba8b0e146f41e70ac3934e50965f77950d009b5e738320b594a,"{""exportName"":""bench"",""args"":[8192,524800],""expected"":8192,""warmupCalls"":100,""warmupMs"":3000,""calibrationMs"":50}",confirm,0.09937249325879635,0.09917330286090101,0.09955959947385726,6.743213000000004,6.6578679999999935,6.7966869999999915,-0.5216751978185719,0.8013802513399559,0.8013802513399559,0,"[0.09937249325879635,0.09948014995067408,0.09955959947385726,0.09917330286090101,0.09923164189411374]","[6.669027999999997,6.6578679999999935,6.743213000000004,6.7966869999999915,6.780276999999998]","[0.5178918158600609,-0.02267557809401133,0.8013802513399559,0.5414897850244627,-0.5216751978185719]",1.0,256.3838401661134,
scalar-helper,scalar-scaling-confirm-17,scalar-region-8192,candidate,/home/ai/bend2/build/publish/bend/selfhost/build/phase30/scalar-scaling-confirm-17/report.json,56f270dacba0fca51a645c98c8fbe6c1507facf0e7aaca9e19b6164c8f00f2c7,f6f6284972176fe8e03539b07fcb4e39a3ff92dac851833f1574ca3f273737b4,"{""exportName"":""bench"",""args"":[8192,524800],""expected"":8192,""warmupCalls"":100,""warmupMs"":3000,""calibrationMs"":50}",confirm,0.1366888903855086,0.13616988759869955,0.13730263353460279,6.431311999999991,6.402048000000008,7.004056000000006,-4.211818683395285,-3.353780161389275,4.211818683395285,0,"[0.13706968462610308,0.13664899674872266,0.1366888903855086,0.13616988759869955,0.13730263353460279]","[6.430724999999995,6.431311999999991,6.402048000000008,7.004056000000006,6.534107999999989]","[-3.353780161389275,-4.03502206952947,-4.075416794215525,-4.211818683395285,-3.599693311267238]",1.3755203870102055,186.39043273170415,
historical-separate,Held14 transfer: mandelbrot,mandelbrot,typescript,/home/ai/bend2/build/publish/bend/selfhost/build/phase30/final-transfer-plan-14/mandelbrot-timing/report.json,fee9553bc7a10d96bae841c0d4d6ff7a549c3cc7dc5a6c30597c2b1ab15fe39d,037f070e948ab7701364b7413c624bca4327db0bc6171ac4523b906d2ae9e222,"{""args"":[2,0],""expected"":887240761,""exportName"":""bench"",""warmupCalls"":3,""warmupMs"":1000,""calibrationMs"":100}",transfer,0.045686719583898694,0.04530154831901103,0.045967031509121056,5.719616999999992,5.6115469999999945,5.877322000000007,-0.7098268924725315,1.2941554393308463,1.2941554393308463,0,"[0.04581537132519223,0.04530154831901103,0.045967031509121056,0.045686719583898694,0.04535714895220865]","[5.6115469999999945,5.614346999999995,5.740835000000004,5.877322000000007,5.719616999999992]","[-0.7098268924725315,-0.08589824336239227,1.2941554393308463,-0.060891585073019616,0.028695182141014186]",1.0,470.02170705509343,
historical-separate,Held14 transfer: mandelbrot,mandelbrot,phase29,/home/ai/bend2/build/publish/bend/selfhost/build/phase30/final-transfer-plan-14/mandelbrot-timing/report.json,fee9553bc7a10d96bae841c0d4d6ff7a549c3cc7dc5a6c30597c2b1ab15fe39d,11977282d5c364224eb3ac540fe3885345531d5819a68e5facfc72b03a836033,"{""args"":[2,0],""expected"":887240761,""exportName"":""bench"",""warmupCalls"":3,""warmupMs"":1000,""calibrationMs"":100}",transfer,21.473749928571433,21.33789735714286,23.09766557142856,76.30495200000001,75.86185900000001,76.972427,-9.203243498229774,-0.8224178057531173,9.203243498229774,0,"[21.473749928571433,21.358437571428585,21.33789735714286,23.09766557142856,21.511459071428572]","[76.30495200000001,76.972427,76.048442,76.473069,75.86185900000001]","[-1.1156292301539028,-0.8224178057531173,-1.4971124646401601,-9.203243498229774,-2.819106172504837]",470.02170705509343,1.0,
historical-separate,Held14 transfer: mandelbrot,mandelbrot,candidate,/home/ai/bend2/build/publish/bend/selfhost/build/phase30/final-transfer-plan-14/mandelbrot-timing/report.json,fee9553bc7a10d96bae841c0d4d6ff7a549c3cc7dc5a6c30597c2b1ab15fe39d,5beb848e33306470aa9ddd8f160067b3b1ebfbc4181601a27a9d1b8fbfb064c9,"{""args"":[2,0],""expected"":887240761,""exportName"":""bench"",""warmupCalls"":3,""warmupMs"":1000,""calibrationMs"":100}",transfer,0.22059066715542514,0.2191498636363636,0.22609933211143687,10.660350999999991,10.605439000000004,10.858750999999998,-2.1452456452416446,0.039016160142235634,2.1452456452416446,0,"[0.22059066715542514,0.2191498636363636,0.22303885410557187,0.22609933211143687,0.21959820454545467]","[10.607107,10.605439000000004,10.660350999999991,10.858750999999998,10.707131000000004]","[-0.8949797988209163,0.039016160142235634,-2.1452456452416446,-0.20577438218370991,-0.9848111445708296]",4.828332372394003,97.34659315138353,
historical-separate,Held14 transfer: editdist,editdist,typescript,/home/ai/bend2/build/publish/bend/selfhost/build/phase30/final-transfer-plan-14/editdist-timing/report.json,710952a899721a80331973b69fa5c97606835937f74f74ee03faf80312f8d574,33721b7770aa4e367896cf1b842cc8ec309dced3a2608e25c5709217474eabc6,"{""args"":[2,0],""expected"":2065873279,""exportName"":""bench"",""warmupCalls"":3,""warmupMs"":1000,""calibrationMs"":100}",transfer,4.929327377049179,4.912445213114753,4.949878557377051,25.411125999999996,25.372310999999996,25.455540999999997,-1.7039831827299845,0.8263353866466483,1.7039831827299845,0,"[4.941105836065576,4.921688803278689,4.949878557377051,4.929327377049179,4.912445213114753]","[25.407193000000007,25.455540999999997,25.411125999999996,25.454398999999995,25.372310999999996]","[-0.924189086592353,-0.10382743474202094,-1.7039831827299845,0.8263353866466483,0.0675744864550687]",1.0,411.73462214127784,phase29: some timed samples contain only one call; within-sample drift unavailable; candidate: some timed samples contain only one call; within-sample drift unavailable
historical-separate,Held14 transfer: editdist,editdist,phase29,/home/ai/bend2/build/publish/bend/selfhost/build/phase30/final-transfer-plan-14/editdist-timing/report.json,710952a899721a80331973b69fa5c97606835937f74f74ee03faf80312f8d574,b8ef74706cdc0fc6c9205046b34b4a686ca501cee847ea43a2fcd830a0383ac3,"{""args"":[2,0],""expected"":2065873279,""exportName"":""bench"",""warmupCalls"":3,""warmupMs"":1000,""calibrationMs"":100}",transfer,2029.574745,2020.7146869999997,2050.5096810000014,2234.604749,2230.192653,2290.380816,,,,5,"[2047.244956999999,2020.7146869999997,2025.1835530000008,2050.5096810000014,2029.574745]","[2290.380816,2230.192653,2233.629114,2258.724707,2234.604749]",[],411.73462214127784,1.0,phase29: some timed samples contain only one call; within-sample drift unavailable; candidate: some timed samples contain only one call; within-sample drift unavailable
historical-separate,Held14 transfer: editdist,editdist,candidate,/home/ai/bend2/build/publish/bend/selfhost/build/phase30/final-transfer-plan-14/editdist-timing/report.json,710952a899721a80331973b69fa5c97606835937f74f74ee03faf80312f8d574,10c684a5ff9768630848afd3b9ec455cc24fad3a265a37c7d095d1736afe3e32,"{""args"":[2,0],""expected"":2065873279,""exportName"":""bench"",""warmupCalls"":3,""warmupMs"":1000,""calibrationMs"":100}",transfer,2435.4807679999994,2418.8257780000004,2461.217501000001,2654.186679,2635.817716,2700.390365,,,,5,"[2435.4807679999994,2444.7423470000012,2418.8257780000004,2461.217501000001,2430.203708000001]","[2700.390365,2654.186679,2638.071433,2655.463798,2635.817716]",[],494.0797357748108,0.8333363874873351,phase29: some timed samples contain only one call; within-sample drift unavailable; candidate: some timed samples contain only one call; within-sample drift unavailable
historical-separate,Held14 transfer: tree-bitonic,tree-bitonic,typescript,/home/ai/bend2/build/publish/bend/selfhost/build/phase30/final-transfer-plan-14/tree-bitonic-timing/report.json,b8001e18308d196e3b84c80f18f94382064ed0cb9d431438a50ff11d27fc6a09,c24fff66dd20c4579b7912b42450f1574e4c0b7a84e5d8b2d3d1d1345ef2b159,"{""args"":[8,0],""expected"":971629740,""exportName"":""bench"",""warmupCalls"":3,""warmupMs"":1000,""calibrationMs"":100}",transfer,0.280754540719697,0.2789658882575758,0.312280675189394,5.199943999999995,5.1989480000000015,5.334697000000006,1.8577200686273665,7.194984974436114,7.194984974436114,0,"[0.312280675189394,0.2789658882575758,0.280754540719697,0.28679970265151516,0.28002385795454554]","[5.199061999999991,5.199943999999995,5.202356999999992,5.334697000000006,5.1989480000000015]","[5.206634106063057,2.2130666614837757,1.8577200686273665,7.194984974436114,1.9743879094103578]",1.0,92.95416677180411,phase29: absolute half drift exceeds10%
historical-separate,Held14 transfer: tree-bitonic,tree-bitonic,phase29,/home/ai/bend2/build/publish/bend/selfhost/build/phase30/final-transfer-plan-14/tree-bitonic-timing/report.json,b8001e18308d196e3b84c80f18f94382064ed0cb9d431438a50ff11d27fc6a09,c9e05243ea537eaa63fd394ba7e90ae67269045cddebd1a272374ab13552c867,"{""args"":[8,0],""expected"":971629740,""exportName"":""bench"",""warmupCalls"":3,""warmupMs"":1000,""calibrationMs"":100}",transfer,26.097304399999985,26.020736599999985,26.239657599999987,69.46537200000002,68.82970600000002,74.471578,-20.091083156708333,-17.630632078567153,20.091083156708333,0,"[26.020736599999985,26.097304399999985,26.0281285,26.239657599999987,26.205198999999993]","[74.471578,69.14174000000001,70.313991,68.82970600000002,69.46537200000002]","[-20.091083156708333,-17.630632078567153,-17.681342433404467,-20.0837249032194,-20.018151085973745]",92.95416677180411,1.0,phase29: absolute half drift exceeds10%
historical-separate,Held14 transfer: tree-bitonic,tree-bitonic,candidate,/home/ai/bend2/build/publish/bend/selfhost/build/phase30/final-transfer-plan-14/tree-bitonic-timing/report.json,b8001e18308d196e3b84c80f18f94382064ed0cb9d431438a50ff11d27fc6a09,abb50d18f514bd9322084c1193a4e8e7fdd45d01adb8d19e8a3470bdc19bb487,"{""args"":[8,0],""expected"":971629740,""exportName"":""bench"",""warmupCalls"":3,""warmupMs"":1000,""calibrationMs"":100}",transfer,31.86505490000002,31.405050499999994,32.3617117,81.47291,81.39915600000002,82.824474,-2.2323886341103383,0.06807762717242483,2.2323886341103383,0,"[31.405050499999994,31.86505490000002,31.799471500000003,32.35396860000001,32.3617117]","[81.47291,81.39915600000002,82.824474,81.43580899999999,82.05821300000001]","[-0.05030558556095022,-0.8516861263830999,-0.922098421235118,0.06807762717242483,-2.2323886341103383]",113.49791464927301,0.8189944904190317,phase29: absolute half drift exceeds10%
historical-separate,Held14 transfer: lexer,lexer,typescript,/home/ai/bend2/build/publish/bend/selfhost/build/phase30/final-transfer-plan-14/lexer-timing/report.json,3de1e28f69c498e2847ca7fcb3ed47574d6a5bd531e20ca8a11c2f9b4b251830,2d9378dfdcacc5904f4b2ac65fd90ba1dcc4a51d9c68b00f6042c42aaeadbbba,"{""args"":[8,0],""expected"":1822208108,""exportName"":""bench"",""warmupCalls"":3,""warmupMs"":1000,""calibrationMs"":100}",transfer,1.9124805759493662,1.9013225822784823,1.9179196392405062,20.119034,20.022099000000004,21.231537999999993,-1.0712999596035444,-0.011687748752453597,1.0712999596035444,0,"[1.9124805759493662,1.9077405949367086,1.913968943037975,1.9013225822784823,1.9179196392405062]","[21.231537999999993,20.06849400000001,20.239119999999993,20.119034,20.022099000000004]","[-1.0712999596035444,-0.41656560847079804,-0.011687748752453597,-0.4905486224837108,-0.9401354942929707]",1.0,91.54285183424273,
historical-separate,Held14 transfer: lexer,lexer,phase29,/home/ai/bend2/build/publish/bend/selfhost/build/phase30/final-transfer-plan-14/lexer-timing/report.json,3de1e28f69c498e2847ca7fcb3ed47574d6a5bd531e20ca8a11c2f9b4b251830,1f5e140803c8a6f19eadc7dd8880b7a9372f9a70fc80a81dd98b886104d85d7d,"{""args"":[8,0],""expected"":1822208108,""exportName"":""bench"",""warmupCalls"":3,""warmupMs"":1000,""calibrationMs"":100}",transfer,175.07392600000003,174.94487100000003,176.62190800000008,318.761995,318.08588399999996,320.472902,-1.306542759630469,0.07179387850109187,1.306542759630469,0,"[176.62190800000008,175.53635050000003,174.94487100000003,175.07392600000003,174.9903395]","[318.761995,319.59868500000005,318.50316899999996,318.08588399999996,320.472902]","[-0.22231194090303052,-0.43984091270168335,-0.38152358086878113,-1.306542759630469,0.07179387850109187]",91.54285183424273,1.0,
historical-separate,Held14 transfer: lexer,lexer,candidate,/home/ai/bend2/build/publish/bend/selfhost/build/phase30/final-transfer-plan-14/lexer-timing/report.json,3de1e28f69c498e2847ca7fcb3ed47574d6a5bd531e20ca8a11c2f9b4b251830,c1ec72635240e43b605ef97894369631d1d6118c7358f1794fd44192ea8e0982,"{""args"":[8,0],""expected"":1822208108,""exportName"":""bench"",""warmupCalls"":3,""warmupMs"":1000,""calibrationMs"":100}",transfer,210.84746799999994,210.06813499999998,217.61164499999995,349.679347,347.863682,353.712175,-1.5877509411032165,2.9524226172968238,2.9524226172968238,0,"[210.31069550000007,210.06813499999998,210.84746799999994,217.61164499999995,214.375132]","[349.679347,347.863682,348.702452,350.851584,353.712175]","[0.5190349766450719,-0.07170415715775924,-0.20062523682273792,2.9524226172968238,-1.5877509411032165]",110.2481618122234,0.8303344956459239,
historical-separate,Held14 transfer: symreg,symreg,typescript,/home/ai/bend2/build/publish/bend/selfhost/build/phase30/final-transfer-plan-14/symreg-timing/report.json,86a88360edb80baeda1d276895c1de9b1fa47d8f54328283bf29ddcab72fea98,545d6112dbbb0cc66074407a0daf7076b148f9d311e7e9bbffff3376f8e00651,"{""args"":[6,42],""expected"":2490246820,""exportName"":""bench"",""warmupCalls"":3,""warmupMs"":1000,""calibrationMs"":100}",transfer,1.1042088205128198,1.1030985897435899,1.1096291245421241,9.220756000000002,9.184695000000005,14.432893000000007,-0.7367908800950396,0.8372318046920624,0.8372318046920624,0,"[1.1034816996337,1.1050942014652012,1.1030985897435899,1.1042088205128198,1.1096291245421241]","[9.220756000000002,9.280127,9.19193,14.432893000000007,9.184695000000005]","[-0.404242739150551,-0.7367908800950396,-0.14189032668685542,0.8372318046920624,-0.09864914496235944]",1.0,96.20352602387736,candidate: absolute half drift exceeds10%
historical-separate,Held14 transfer: symreg,symreg,phase29,/home/ai/bend2/build/publish/bend/selfhost/build/phase30/final-transfer-plan-14/symreg-timing/report.json,86a88360edb80baeda1d276895c1de9b1fa47d8f54328283bf29ddcab72fea98,d252d573449d06ab88d88243c0a18b237e3643de94b4cbd75141086b9f57661e,"{""args"":[6,42],""expected"":2490246820,""exportName"":""bench"",""warmupCalls"":3,""warmupMs"":1000,""calibrationMs"":100}",transfer,106.22878199999998,105.75848199999996,107.50892466666664,221.747679,221.43461499999998,224.27079699999996,-1.1778759591327348,-0.6806438649549662,1.1778759591327348,0,"[106.45799200000003,105.75848199999996,107.50892466666664,106.22878199999998,105.92071299999998]","[224.01749399999997,221.605299,221.747679,221.43461499999998,224.27079699999996]","[-1.1778759591327348,-0.6806438649549662,-0.7769368890654604,-1.0860645557425164,-1.101381608365093]",96.20352602387736,1.0,candidate: absolute half drift exceeds10%
historical-separate,Held14 transfer: symreg,symreg,candidate,/home/ai/bend2/build/publish/bend/selfhost/build/phase30/final-transfer-plan-14/symreg-timing/report.json,86a88360edb80baeda1d276895c1de9b1fa47d8f54328283bf29ddcab72fea98,c979699da6161e2b184f74308b2e22ae708bb1466eaaf651079ac416f35e1f98,"{""args"":[6,42],""expected"":2490246820,""exportName"":""bench"",""warmupCalls"":3,""warmupMs"":1000,""calibrationMs"":100}",transfer,133.37793299999998,132.56862500000003,185.16439833333334,251.33321999999998,250.61162399999998,253.63671399999998,-26.866715840971466,-0.9164563134564818,26.866715840971466,0,"[134.07992166666668,132.56862500000003,132.85685566666666,185.16439833333334,133.37793299999998]","[253.251291,251.33321999999998,251.019591,253.63671399999998,250.61162399999998]","[-1.679200650568069,-1.8156626378428853,-0.9164563134564818,-26.866715840971466,-1.6520855537549783]",120.79049770500495,0.7964494546485437,candidate: absolute half drift exceeds10%
historical-separate,Held14 transfer: test-morning-program,test-morning-program,typescript,/home/ai/bend2/build/publish/bend/selfhost/build/phase30/final-transfer-plan-14/test-morning-program-timing/report.json,46b553678bd1877efdaa56f5df929ac8acef8e9013c6b3b406d7231f2b01a70e,faff88b122b84d0d18698210c66233cae52493e3cc68c92d95e0c639e20990ad,"{""args"":[],""expected"":""a-bb-ccc 8 1877 42 lo hello 3"",""exportName"":""main.out"",""warmupCalls"":3,""warmupMs"":1000,""calibrationMs"":100}",transfer,0.003684293243275381,0.0036756162151877656,0.0038254431588460535,2.1925600000000003,2.1657259999999923,2.250396000000009,-0.03680974371378376,2.210850988195312,2.210850988195312,0,"[0.003816697421932601,0.0036780963921326133,0.0036756162151877656,0.003684293243275381,0.0038254431588460535]","[2.1657259999999923,2.173611000000001,2.2082090000000036,2.1925600000000003,2.250396000000009]","[1.4515831545212077,2.210850988195312,2.165288838624768,1.2638489324421132,-0.03680974371378376]",1.0,60.95442981937333,phase29: absolute half drift exceeds10%; candidate: absolute half drift exceeds10%
historical-separate,Held14 transfer: test-morning-program,test-morning-program,phase29,/home/ai/bend2/build/publish/bend/selfhost/build/phase30/final-transfer-plan-14/test-morning-program-timing/report.json,46b553678bd1877efdaa56f5df929ac8acef8e9013c6b3b406d7231f2b01a70e,f9431ea138f00f8913c09c9aaca21f599a9a50c7a9ba3ff194f4748ab9f06ac0,"{""args"":[],""expected"":""a-bb-ccc 8 1877 42 lo hello 3"",""exportName"":""main.out"",""warmupCalls"":3,""warmupMs"":1000,""calibrationMs"":100}",transfer,0.22457399393122057,0.21397156574511136,0.22535837963587318,9.942533999999995,9.812027999999998,11.140968,-21.818593958730702,-14.36516797692471,21.818593958730702,0,"[0.22535837963587318,0.2248940438300742,0.22457399393122057,0.22285169318948078,0.21397156574511136]","[9.967262000000005,9.942533999999995,9.940200999999988,11.140968,9.812027999999998]","[-21.818593958730702,-20.59041440799325,-19.745190764419018,-20.2422453903769,-14.36516797692471]",60.95442981937333,1.0,phase29: absolute half drift exceeds10%; candidate: absolute half drift exceeds10%
historical-separate,Held14 transfer: test-morning-program,test-morning-program,candidate,/home/ai/bend2/build/publish/bend/selfhost/build/phase30/final-transfer-plan-14/test-morning-program-timing/report.json,46b553678bd1877efdaa56f5df929ac8acef8e9013c6b3b406d7231f2b01a70e,68420fc6c4a9f457d156a819a7aa6d3e8f5cea50f3599b8bebfb11732c4fc263,"{""args"":[],""expected"":""a-bb-ccc 8 1877 42 lo hello 3"",""exportName"":""main.out"",""warmupCalls"":3,""warmupMs"":1000,""calibrationMs"":100}",transfer,0.29741442969628784,0.2950708098987625,0.3050272823397077,10.223483000000002,10.186768,10.700565000000012,18.204774208338126,25.416184769002914,25.416184769002914,0,"[0.3050272823397077,0.29741442969628784,0.29573250281214825,0.30367280202474684,0.2950708098987625]","[10.253430999999992,10.223483000000002,10.186768,10.700565000000012,10.203575999999998]","[18.204774208338126,25.185383628329582,25.416184769002914,20.02944849835484,25.367889457695682]",80.72496135836431,0.7550877546881296,phase29: absolute half drift exceeds10%; candidate: absolute half drift exceeds10%
historical-separate,Held14 transfer: test-evening-program,test-evening-program,typescript,/home/ai/bend2/build/publish/bend/selfhost/build/phase30/final-transfer-plan-14/test-evening-program-timing/report.json,906ba05d5768d5d5f99d6ef4bf73ad1660892ce6bd985747218ffe7d96e0970d,0c1d34b107501041c6e5a3bb5b896e91b8ab56b8826c3f616ea6b4e3a3e1d6d0,"{""args"":[],""expected"":81111,""exportName"":""main.out"",""warmupCalls"":3,""warmupMs"":1000,""calibrationMs"":100}",transfer,0.00314634665472477,0.0031335827645490393,0.00316639804605866,2.5125420000000034,2.4827860000000044,2.525700999999998,-2.8287933381952457,-0.6124571181165717,2.8287933381952457,0,"[0.00314634665472477,0.003165829385301172,0.0031335827645490393,0.00316639804605866,0.0031416940197864867]","[2.5028760000000005,2.518065,2.4827860000000044,2.5125420000000034,2.525700999999998]","[-0.7107357292313932,-2.8287933381952457,-0.6124571181165717,-1.0222001813591564,-1.0583387977391778]",1.0,96.48631928044587,phase29: absolute half drift exceeds10%
historical-separate,Held14 transfer: test-evening-program,test-evening-program,phase29,/home/ai/bend2/build/publish/bend/selfhost/build/phase30/final-transfer-plan-14/test-evening-program-timing/report.json,906ba05d5768d5d5f99d6ef4bf73ad1660892ce6bd985747218ffe7d96e0970d,96bf6ad0006eed050ba8213858e4fe72282483622be3dcdc5a6948f9790a4291,"{""args"":[],""expected"":81111,""exportName"":""main.out"",""warmupCalls"":3,""warmupMs"":1000,""calibrationMs"":100}",transfer,0.3035794078947369,0.2956179500000001,0.31541929999999996,12.325266999999997,12.294194000000005,12.394507999999988,191.17521854121034,215.23653114165745,215.23653114165745,0,"[0.3111837447368424,0.2956179500000001,0.3035794078947369,0.31541929999999996,0.30036111447368424]","[12.294194000000005,12.324572000000003,12.394507999999988,12.361571999999995,12.325266999999997]","[213.18848133085123,191.17521854121034,200.9067319444418,215.23653114165745,195.61740368108457]",96.48631928044587,1.0,phase29: absolute half drift exceeds10%
historical-separate,Held14 transfer: test-evening-program,test-evening-program,candidate,/home/ai/bend2/build/publish/bend/selfhost/build/phase30/final-transfer-plan-14/test-evening-program-timing/report.json,906ba05d5768d5d5f99d6ef4bf73ad1660892ce6bd985747218ffe7d96e0970d,b658083a83b833157e90a4787a9c531a1095f0f0ef13d8a134679b53ffaf844a,"{""args"":[],""expected"":81111,""exportName"":""main.out"",""warmupCalls"":3,""warmupMs"":1000,""calibrationMs"":100}",transfer,0.18165435377358494,0.17918370283018875,0.18849911415094353,12.636368000000004,12.572320000000005,12.698606999999996,-4.234728078403305,1.7939407136791097,4.234728078403305,0,"[0.18849911415094353,0.18165435377358494,0.1881574292452829,0.17918370283018875,0.18104622735849055]","[12.685513,12.572320000000005,12.631006000000014,12.698606999999996,12.636368000000004]","[1.7939407136791097,-4.234728078403305,-3.742803715344578,-3.668557512470727,-3.6767047026058597]",57.73500942777564,1.6711925785886756,phase29: absolute half drift exceeds10%
historical-separate,Held14 transfer: test-rle-roundtrip,test-rle-roundtrip,typescript,/home/ai/bend2/build/publish/bend/selfhost/build/phase30/final-transfer-plan-14/test-rle-roundtrip-timing/report.json,9c6d5845851b8b91d222412d5859c7af31c39a40f9254e42fc6c4d9e85f35ea4,f21a8eb4239ff0db7fbfda6121f24b04b48c5478fe6de5798660ca5b417c80a8,"{""args"":[],""expected"":11,""exportName"":""main.out"",""warmupCalls"":3,""warmupMs"":1000,""calibrationMs"":100}",transfer,0.0005949647124261665,0.000591189413134016,0.0006094440648307974,0.5071979999999954,0.5048559999999966,0.517832999999996,-1.4068827910919568,1.9476025060184643,1.9476025060184643,0,"[0.0006000577384439972,0.0005949647124261665,0.0005937637512074614,0.0006094440648307974,0.000591189413134016]","[0.5055349999999947,0.5071979999999954,0.517832999999996,0.5075909999999979,0.5048559999999966]","[1.9476025060184643,-0.1326302320048489,1.644184882109645,-1.4068827910919568,1.1494547707885605]",1.0,75.57086640831581,phase29: absolute half drift exceeds10%; candidate: absolute half drift exceeds10%
historical-separate,Held14 transfer: test-rle-roundtrip,test-rle-roundtrip,phase29,/home/ai/bend2/build/publish/bend/selfhost/build/phase30/final-transfer-plan-14/test-rle-roundtrip-timing/report.json,9c6d5845851b8b91d222412d5859c7af31c39a40f9254e42fc6c4d9e85f35ea4,ad8657b5b37a6a1fc1cf2054b37cd19a9626e0c26737887a2000bae08d05e483,"{""args"":[],""expected"":11,""exportName"":""main.out"",""warmupCalls"":3,""warmupMs"":1000,""calibrationMs"":100}",transfer,0.04496199880041986,0.044131164342480135,0.04760188918878393,3.192998000000003,3.138258999999991,3.241829999999993,-0.8535606017970543,11.296733364344114,11.296733364344114,0,"[0.044569090268406074,0.04516675003748687,0.04760188918878393,0.04496199880041986,0.044131164342480135]","[3.200687000000002,3.158242999999999,3.192998000000003,3.241829999999993,3.138258999999991]","[-0.2364405578129225,-0.8535606017970543,11.296733364344114,1.9370765389635336,-0.45988065513433707]",75.57086640831581,1.0,phase29: absolute half drift exceeds10%; candidate: absolute half drift exceeds10%
historical-separate,Held14 transfer: test-rle-roundtrip,test-rle-roundtrip,candidate,/home/ai/bend2/build/publish/bend/selfhost/build/phase30/final-transfer-plan-14/test-rle-roundtrip-timing/report.json,9c6d5845851b8b91d222412d5859c7af31c39a40f9254e42fc6c4d9e85f35ea4,15f0597e68c8feeba7dcb502d8f7d2f241d470da98936f167825896549004f03,"{""args"":[],""expected"":11,""exportName"":""main.out"",""warmupCalls"":3,""warmupMs"":1000,""calibrationMs"":100}",transfer,0.07505278512003803,0.07022199477062042,0.07981669812217733,3.559018999999992,3.5464780000000076,3.7089280000000002,-17.923664881715084,-2.9128286412125726,17.923664881715084,0,"[0.07981669812217733,0.07563695887806038,0.07505278512003803,0.0730932331827906,0.07022199477062042]","[3.5893119999999925,3.559018999999992,3.7089280000000002,3.5464780000000076,3.5478399999999937]","[-17.923664881715084,-7.026711906510153,-6.552523180300451,-4.735564604219899,-2.9128286412125726]",126.14661601355371,0.5990716897248846,phase29: absolute half drift exceeds10%; candidate: absolute half drift exceeds10%
historical-separate,Held14 transfer: test-map-set-ops,test-map-set-ops,typescript,/home/ai/bend2/build/publish/bend/selfhost/build/phase30/final-transfer-plan-14/test-map-set-ops-timing/report.json,ac7e87255a6d86010876d2f712a00f7490f2f81a00832164f65d1795b749c6ad,91812e3092688bdc609a2f9f21c1280120b8392eab7cd7148586702bf551e9bf,"{""args"":[],""expected"":11111,""exportName"":""main.out"",""warmupCalls"":3,""warmupMs"":1000,""calibrationMs"":100}",transfer,0.022081825570776252,0.021950529071537286,0.0226191199391172,5.290478999999998,5.211376999999992,5.493190000000006,-0.9308468577559514,-0.6897093240502139,0.9308468577559514,0,"[0.022081825570776252,0.0226191199391172,0.022165119025875202,0.022070256849315056,0.021950529071537286]","[5.290478999999998,5.211376999999992,5.371651999999997,5.24072799999999,5.493190000000006]","[-0.8440468254293232,-0.8080690972570359,-0.9308468577559514,-0.9212878317525153,-0.6897093240502139]",1.0,100.75180383988179,phase29: absolute half drift exceeds10%; candidate: absolute half drift exceeds10%
historical-separate,Held14 transfer: test-map-set-ops,test-map-set-ops,phase29,/home/ai/bend2/build/publish/bend/selfhost/build/phase30/final-transfer-plan-14/test-map-set-ops-timing/report.json,ac7e87255a6d86010876d2f712a00f7490f2f81a00832164f65d1795b749c6ad,a05e0f45be9d5aa3057c296ea767782798df49f582b4b17d80800589184388e5,"{""args"":[],""expected"":11111,""exportName"":""main.out"",""warmupCalls"":3,""warmupMs"":1000,""calibrationMs"":100}",transfer,2.2247837583333347,2.1930443583333346,2.2405640249999994,31.056275,30.804339999999996,32.86016000000001,39.31147347106296,42.380377874765564,42.380377874765564,0,"[2.2221877833333337,2.2247837583333347,2.2405640249999994,2.1930443583333346,2.2266007]","[31.283408999999992,32.86016000000001,30.963653000000008,31.056275,30.804339999999996]","[42.380377874765564,40.79512873336386,41.10673775968037,40.400634268121415,39.31147347106296]",100.75180383988179,1.0,phase29: absolute half drift exceeds10%; candidate: absolute half drift exceeds10%
historical-separate,Held14 transfer: test-map-set-ops,test-map-set-ops,candidate,/home/ai/bend2/build/publish/bend/selfhost/build/phase30/final-transfer-plan-14/test-map-set-ops-timing/report.json,ac7e87255a6d86010876d2f712a00f7490f2f81a00832164f65d1795b749c6ad,847762cf5644d003fc941585bf0c8e98aaa05bc538ce29ed82f259a1bdd3eb5b,"{""args"":[],""expected"":11111,""exportName"":""main.out"",""warmupCalls"":3,""warmupMs"":1000,""calibrationMs"":100}",transfer,2.046543375000001,2.0115091249999995,2.2312745535714282,32.338049999999996,32.14841,32.736591000000004,-13.40897810876891,14.512988365770063,14.512988365770063,0,"[2.2312745535714282,2.0160431964285714,2.046543375000001,2.0115091249999995,2.2257420982142855]","[32.736591000000004,32.338049999999996,32.32498700000001,32.14841,32.65925]","[14.512988365770063,-2.114188248864879,5.560741781470768,1.4529179342008591,-13.40897810876891]",92.67999008689108,1.0870933817043256,phase29: absolute half drift exceeds10%; candidate: absolute half drift exceeds10%
historical-separate,Held14 transfer: raytrace,raytrace,typescript,/home/ai/bend2/build/publish/bend/selfhost/build/phase30/final-transfer-plan-14/raytrace-timing/report.json,7c17fb85f7849b579c567df87b344d7574eedfd162c646496f87322d25572a10,87bd526f04705416db047a31eb4ccc186f1c90f5c911f57736a3216a7629ddd2,"{""args"":[80,0],""expected"":402971,""exportName"":""bench"",""warmupCalls"":3,""warmupMs"":1000,""calibrationMs"":100}",transfer,34.14644577777777,34.12015588888888,34.205018777777774,126.15760399999999,123.55844900000001,126.709454,-1.4670290511693773,-0.5139755404895641,1.4670290511693773,0,"[34.205018777777774,34.14644577777777,34.172230333333346,34.14066077777779,34.12015588888888]","[124.81577199999998,126.709454,126.15760399999999,126.22253599999999,123.55844900000001]","[-1.2937911464357632,-0.5139755404895641,-1.4670290511693773,-0.8555004689798751,-1.227163086412586]",1.0,308.31516836377284,phase29: some timed samples contain only one call; within-sample drift unavailable; candidate: some timed samples contain only one call; within-sample drift unavailable
historical-separate,Held14 transfer: raytrace,raytrace,phase29,/home/ai/bend2/build/publish/bend/selfhost/build/phase30/final-transfer-plan-14/raytrace-timing/report.json,7c17fb85f7849b579c567df87b344d7574eedfd162c646496f87322d25572a10,52a93a16fe13e01b7e6cbce350d0f22d7fe0c7581ed649482a5002bfa7d3454c,"{""args"":[80,0],""expected"":402971,""exportName"":""bench"",""warmupCalls"":3,""warmupMs"":1000,""calibrationMs"":100}",transfer,10527.867178999993,10451.736467000002,10624.052227,11524.51282,11461.273829,11552.737577,,,,5,"[10503.224102,10451.736467000002,10527.867178999993,10572.715087000004,10624.052227]","[11526.917171,11524.51282,11466.925921,11461.273829,11552.737577]",[],308.31516836377284,1.0,phase29: some timed samples contain only one call; within-sample drift unavailable; candidate: some timed samples contain only one call; within-sample drift unavailable
historical-separate,Held14 transfer: raytrace,raytrace,candidate,/home/ai/bend2/build/publish/bend/selfhost/build/phase30/final-transfer-plan-14/raytrace-timing/report.json,7c17fb85f7849b579c567df87b344d7574eedfd162c646496f87322d25572a10,fc22762988a5f28ffced35a47abc124d5716061e8a737caeabc8d10fe8b360a5,"{""args"":[80,0],""expected"":402971,""exportName"":""bench"",""warmupCalls"":3,""warmupMs"":1000,""calibrationMs"":100}",transfer,13027.829827999994,12716.265580000007,13355.019947,13839.580625,13515.504366,13921.072193999998,,,,5,"[13042.129339,12716.265580000007,13027.829827999994,12817.295412,13355.019947]","[13903.494162,13515.504366,13839.580625,13542.430389000001,13921.072193999998]",[],381.528136567537,0.8081059791227109,phase29: some timed samples contain only one call; within-sample drift unavailable; candidate: some timed samples contain only one call; within-sample drift unavailable
historical-separate,Seven-way isolated row mechanism,runtime-row32,phase29,/home/ai/bend2/build/publish/bend/selfhost/build/phase30/runtime-row-confirm-01/report.json,d77640af138d08940ff3b8b98e8fd7bcb2627321a0181b91544fafeb9fbdb9b3,a1eb7eb33c942c719547d3954f25801d4543d10f06baccf25bf1a32e38009dc0,"{""args"":[32,17],""expected"":""[[0,2,1,1,0,0,0,1,1,0,0,2,3,1,3,1,0,1,0,0,2,1,0,0,0,2,0,2,1,0,2,1,0,0,0,0,0,0,0,0,0,0,0,0,0,0,0,0,0,0,0,0,0,0,0,0,0,0,0,0,0,0,0,0,0,0,0,0,0,0,0,0,0,0,0,0,0,0,0,0,0,0,0,0,0,0,0,0,0,0,0,0,0,0,0,0,0,0,0,0,0,0,0,0,0,0,0,0,0,0,0,0,0,0,0,0,0,0,0,0,0,0,0,0,0,0,0,0],[0,1,2,0,1,0,1,2,0,0,0,0,2,0,0,3,0,1,2,0,1,2,0,0,1,3,3,0,0,3,0,3,0,0,0,0,0,0,0,0,0,0,0,0,0,0,0,0,0,0,0,0,0,0,0,0,0,0,0,0,0,0,0,0,0,0,0,0,0,0,0,0,0,0,0,0,0,0,0,0,0,0,0,0,0,0,0,0,0,0,0,0,0,0,0,0,0,0,0,0,0,0,0,0,0,0,0,0,0,0,0,0,0,0,0,0,0,0,0,0,0,0,0,0,0,0,0,0],[0,1,1,2,3,4,5,6,7,8,9,10,11,12,13,14,15,16,17,18,19,20,21,22,23,24,25,26,27,28,29,30,31,0,0,0,0,0,0,0,0,0,0,0,0,0,0,0,0,0,0,0,0,0,0,0,0,0,0,0,0,0,0,0,0,0,0,0,0,0,0,0,0,0,0,0,0,0,0,0,0,0,0,0,0,0,0,0,0,0,0,0,0,0,0,0,0,0,0,0,0,0,0,0,0,0,0,0,0,0,0,0,0,0,0,0,0,0,0,0,0,0,0,0,0,0,0,0],[0,1,2,3,4,5,6,7,8,9,10,11,12,13,14,15,16,17,18,19,20,21,22,23,24,25,26,27,28,29,30,31,32,0,0,0,0,0,0,0,0,0,0,0,0,0,0,0,0,0,0,0,0,0,0,0,0,0,0,0,0,0,0,0,0,0,0,0,0,0,0,0,0,0,0,0,0,0,0,0,0,0,0,0,0,0,0,0,0,0,0,0,0,0,0,0,0,0,0,0,0,0,0,0,0,0,0,0,0,0,0,0,0,0,0,0,0,0,0,0,0,0,0,0,0,0,0,0]]"",""warmupCalls"":100,""warmupMs"":3000,""calibrationMs"":50,""exportName"":""bench""}",confirm,0.45068220183486263,0.4478204816513765,0.45717869571865494,7.644981999999999,7.5476249999999965,8.865902000000006,1.1009356861573227,3.1116682104299853,3.1116682104299853,0,"[0.45717869571865494,0.44886833944954124,0.4556573012232423,0.45068220183486263,0.4478204816513765]","[8.865902000000006,7.644981999999999,7.5476249999999965,7.572725999999989,7.646640000000005]","[1.1009356861573227,2.239375379776587,3.1116682104299853,2.1174240945790235,1.4700996748600703]",53.60157120752457,1.0,
historical-separate,Seven-way isolated row mechanism,runtime-row32,baseline,/home/ai/bend2/build/publish/bend/selfhost/build/phase30/runtime-row-confirm-01/report.json,d77640af138d08940ff3b8b98e8fd7bcb2627321a0181b91544fafeb9fbdb9b3,ab397dd04feab368aff46d7cf2af1930167d0df5d3c850380fef2a9465ef06b9,"{""args"":[32,17],""expected"":""[[0,2,1,1,0,0,0,1,1,0,0,2,3,1,3,1,0,1,0,0,2,1,0,0,0,2,0,2,1,0,2,1,0,0,0,0,0,0,0,0,0,0,0,0,0,0,0,0,0,0,0,0,0,0,0,0,0,0,0,0,0,0,0,0,0,0,0,0,0,0,0,0,0,0,0,0,0,0,0,0,0,0,0,0,0,0,0,0,0,0,0,0,0,0,0,0,0,0,0,0,0,0,0,0,0,0,0,0,0,0,0,0,0,0,0,0,0,0,0,0,0,0,0,0,0,0,0,0],[0,1,2,0,1,0,1,2,0,0,0,0,2,0,0,3,0,1,2,0,1,2,0,0,1,3,3,0,0,3,0,3,0,0,0,0,0,0,0,0,0,0,0,0,0,0,0,0,0,0,0,0,0,0,0,0,0,0,0,0,0,0,0,0,0,0,0,0,0,0,0,0,0,0,0,0,0,0,0,0,0,0,0,0,0,0,0,0,0,0,0,0,0,0,0,0,0,0,0,0,0,0,0,0,0,0,0,0,0,0,0,0,0,0,0,0,0,0,0,0,0,0,0,0,0,0,0,0],[0,1,1,2,3,4,5,6,7,8,9,10,11,12,13,14,15,16,17,18,19,20,21,22,23,24,25,26,27,28,29,30,31,0,0,0,0,0,0,0,0,0,0,0,0,0,0,0,0,0,0,0,0,0,0,0,0,0,0,0,0,0,0,0,0,0,0,0,0,0,0,0,0,0,0,0,0,0,0,0,0,0,0,0,0,0,0,0,0,0,0,0,0,0,0,0,0,0,0,0,0,0,0,0,0,0,0,0,0,0,0,0,0,0,0,0,0,0,0,0,0,0,0,0,0,0,0,0],[0,1,2,3,4,5,6,7,8,9,10,11,12,13,14,15,16,17,18,19,20,21,22,23,24,25,26,27,28,29,30,31,32,0,0,0,0,0,0,0,0,0,0,0,0,0,0,0,0,0,0,0,0,0,0,0,0,0,0,0,0,0,0,0,0,0,0,0,0,0,0,0,0,0,0,0,0,0,0,0,0,0,0,0,0,0,0,0,0,0,0,0,0,0,0,0,0,0,0,0,0,0,0,0,0,0,0,0,0,0,0,0,0,0,0,0,0,0,0,0,0,0,0,0,0,0,0,0]]"",""warmupCalls"":100,""warmupMs"":3000,""calibrationMs"":50,""exportName"":""bench""}",confirm,0.6062653669354837,0.5896931572580647,0.614175649193548,8.497084000000001,8.458399999999997,8.615993000000003,-4.0278518355152615,1.288994719111769,4.0278518355152615,0,"[0.6136385564516129,0.614175649193548,0.6062391310483873,0.6062653669354837,0.5896931572580647]","[8.458399999999997,8.592775000000003,8.615993000000003,8.486588999999995,8.497084000000001]","[-4.0278518355152615,-2.9386252376460975,-0.7989095631270593,1.288994719111769,-0.22414876863516842]",72.10574569873006,0.74337447991289,
historical-separate,Seven-way isolated row mechanism,runtime-row32,inline,/home/ai/bend2/build/publish/bend/selfhost/build/phase30/runtime-row-confirm-01/report.json,d77640af138d08940ff3b8b98e8fd7bcb2627321a0181b91544fafeb9fbdb9b3,cbb875b46e319a20afcccfe085db8b668b5856ad20419ba67586ae7940597a55,"{""args"":[32,17],""expected"":""[[0,2,1,1,0,0,0,1,1,0,0,2,3,1,3,1,0,1,0,0,2,1,0,0,0,2,0,2,1,0,2,1,0,0,0,0,0,0,0,0,0,0,0,0,0,0,0,0,0,0,0,0,0,0,0,0,0,0,0,0,0,0,0,0,0,0,0,0,0,0,0,0,0,0,0,0,0,0,0,0,0,0,0,0,0,0,0,0,0,0,0,0,0,0,0,0,0,0,0,0,0,0,0,0,0,0,0,0,0,0,0,0,0,0,0,0,0,0,0,0,0,0,0,0,0,0,0,0],[0,1,2,0,1,0,1,2,0,0,0,0,2,0,0,3,0,1,2,0,1,2,0,0,1,3,3,0,0,3,0,3,0,0,0,0,0,0,0,0,0,0,0,0,0,0,0,0,0,0,0,0,0,0,0,0,0,0,0,0,0,0,0,0,0,0,0,0,0,0,0,0,0,0,0,0,0,0,0,0,0,0,0,0,0,0,0,0,0,0,0,0,0,0,0,0,0,0,0,0,0,0,0,0,0,0,0,0,0,0,0,0,0,0,0,0,0,0,0,0,0,0,0,0,0,0,0,0],[0,1,1,2,3,4,5,6,7,8,9,10,11,12,13,14,15,16,17,18,19,20,21,22,23,24,25,26,27,28,29,30,31,0,0,0,0,0,0,0,0,0,0,0,0,0,0,0,0,0,0,0,0,0,0,0,0,0,0,0,0,0,0,0,0,0,0,0,0,0,0,0,0,0,0,0,0,0,0,0,0,0,0,0,0,0,0,0,0,0,0,0,0,0,0,0,0,0,0,0,0,0,0,0,0,0,0,0,0,0,0,0,0,0,0,0,0,0,0,0,0,0,0,0,0,0,0,0],[0,1,2,3,4,5,6,7,8,9,10,11,12,13,14,15,16,17,18,19,20,21,22,23,24,25,26,27,28,29,30,31,32,0,0,0,0,0,0,0,0,0,0,0,0,0,0,0,0,0,0,0,0,0,0,0,0,0,0,0,0,0,0,0,0,0,0,0,0,0,0,0,0,0,0,0,0,0,0,0,0,0,0,0,0,0,0,0,0,0,0,0,0,0,0,0,0,0,0,0,0,0,0,0,0,0,0,0,0,0,0,0,0,0,0,0,0,0,0,0,0,0,0,0,0,0,0,0]]"",""warmupCalls"":100,""warmupMs"":3000,""calibrationMs"":50,""exportName"":""bench""}",confirm,0.6103214939759032,0.6054812690763055,0.6445702670682731,8.098341000000005,8.063682999999997,8.177891000000002,-1.2978094725682898,0.4463800477076285,1.2978094725682898,0,"[0.61238243373494,0.6103214939759032,0.6054812690763055,0.6445702670682731,0.6075379718875494]","[8.063682999999997,8.177891000000002,8.098341000000005,8.070971999999998,8.130989999999997]","[-1.2978094725682898,-0.5216328482968824,0.38839785823645556,0.4463800477076285,-0.20007236090732183]",72.58815832008199,0.7384340979029268,
historical-separate,Seven-way isolated row mechanism,runtime-row32,generic,/home/ai/bend2/build/publish/bend/selfhost/build/phase30/runtime-row-confirm-01/report.json,d77640af138d08940ff3b8b98e8fd7bcb2627321a0181b91544fafeb9fbdb9b3,48ba7fc43ea2e20cc42a73b998a60de12cc3d62327905a3129b0285b5add9d22,"{""args"":[32,17],""expected"":""[[0,2,1,1,0,0,0,1,1,0,0,2,3,1,3,1,0,1,0,0,2,1,0,0,0,2,0,2,1,0,2,1,0,0,0,0,0,0,0,0,0,0,0,0,0,0,0,0,0,0,0,0,0,0,0,0,0,0,0,0,0,0,0,0,0,0,0,0,0,0,0,0,0,0,0,0,0,0,0,0,0,0,0,0,0,0,0,0,0,0,0,0,0,0,0,0,0,0,0,0,0,0,0,0,0,0,0,0,0,0,0,0,0,0,0,0,0,0,0,0,0,0,0,0,0,0,0,0],[0,1,2,0,1,0,1,2,0,0,0,0,2,0,0,3,0,1,2,0,1,2,0,0,1,3,3,0,0,3,0,3,0,0,0,0,0,0,0,0,0,0,0,0,0,0,0,0,0,0,0,0,0,0,0,0,0,0,0,0,0,0,0,0,0,0,0,0,0,0,0,0,0,0,0,0,0,0,0,0,0,0,0,0,0,0,0,0,0,0,0,0,0,0,0,0,0,0,0,0,0,0,0,0,0,0,0,0,0,0,0,0,0,0,0,0,0,0,0,0,0,0,0,0,0,0,0,0],[0,1,1,2,3,4,5,6,7,8,9,10,11,12,13,14,15,16,17,18,19,20,21,22,23,24,25,26,27,28,29,30,31,0,0,0,0,0,0,0,0,0,0,0,0,0,0,0,0,0,0,0,0,0,0,0,0,0,0,0,0,0,0,0,0,0,0,0,0,0,0,0,0,0,0,0,0,0,0,0,0,0,0,0,0,0,0,0,0,0,0,0,0,0,0,0,0,0,0,0,0,0,0,0,0,0,0,0,0,0,0,0,0,0,0,0,0,0,0,0,0,0,0,0,0,0,0,0],[0,1,2,3,4,5,6,7,8,9,10,11,12,13,14,15,16,17,18,19,20,21,22,23,24,25,26,27,28,29,30,31,32,0,0,0,0,0,0,0,0,0,0,0,0,0,0,0,0,0,0,0,0,0,0,0,0,0,0,0,0,0,0,0,0,0,0,0,0,0,0,0,0,0,0,0,0,0,0,0,0,0,0,0,0,0,0,0,0,0,0,0,0,0,0,0,0,0,0,0,0,0,0,0,0,0,0,0,0,0,0,0,0,0,0,0,0,0,0,0,0,0,0,0,0,0,0,0]]"",""warmupCalls"":100,""warmupMs"":3000,""calibrationMs"":50,""exportName"":""bench""}",confirm,0.4468501305732483,0.44517737579617805,0.45565619745222974,7.3583909999999975,7.311022000000008,7.519778000000002,-1.0366251162080786,3.757202837888318,3.757202837888318,0,"[0.44517737579617805,0.4468501305732483,0.44646783757961767,0.4498832691082799,0.45565619745222974]","[7.370913999999999,7.311022000000008,7.519778000000002,7.3583909999999975,7.334078000000005]","[0.03595882155673635,-0.20740594592894013,-0.19173331572963637,-1.0366251162080786,3.757202837888318]",53.145806502893535,1.0085757416176613,
historical-separate,Seven-way isolated row mechanism,runtime-row32,fused,/home/ai/bend2/build/publish/bend/selfhost/build/phase30/runtime-row-confirm-01/report.json,d77640af138d08940ff3b8b98e8fd7bcb2627321a0181b91544fafeb9fbdb9b3,42a67d80ad56a489f1f6675154c893d4caebdc2f51933026758d327dc3fcc485,"{""args"":[32,17],""expected"":""[[0,2,1,1,0,0,0,1,1,0,0,2,3,1,3,1,0,1,0,0,2,1,0,0,0,2,0,2,1,0,2,1,0,0,0,0,0,0,0,0,0,0,0,0,0,0,0,0,0,0,0,0,0,0,0,0,0,0,0,0,0,0,0,0,0,0,0,0,0,0,0,0,0,0,0,0,0,0,0,0,0,0,0,0,0,0,0,0,0,0,0,0,0,0,0,0,0,0,0,0,0,0,0,0,0,0,0,0,0,0,0,0,0,0,0,0,0,0,0,0,0,0,0,0,0,0,0,0],[0,1,2,0,1,0,1,2,0,0,0,0,2,0,0,3,0,1,2,0,1,2,0,0,1,3,3,0,0,3,0,3,0,0,0,0,0,0,0,0,0,0,0,0,0,0,0,0,0,0,0,0,0,0,0,0,0,0,0,0,0,0,0,0,0,0,0,0,0,0,0,0,0,0,0,0,0,0,0,0,0,0,0,0,0,0,0,0,0,0,0,0,0,0,0,0,0,0,0,0,0,0,0,0,0,0,0,0,0,0,0,0,0,0,0,0,0,0,0,0,0,0,0,0,0,0,0,0],[0,1,1,2,3,4,5,6,7,8,9,10,11,12,13,14,15,16,17,18,19,20,21,22,23,24,25,26,27,28,29,30,31,0,0,0,0,0,0,0,0,0,0,0,0,0,0,0,0,0,0,0,0,0,0,0,0,0,0,0,0,0,0,0,0,0,0,0,0,0,0,0,0,0,0,0,0,0,0,0,0,0,0,0,0,0,0,0,0,0,0,0,0,0,0,0,0,0,0,0,0,0,0,0,0,0,0,0,0,0,0,0,0,0,0,0,0,0,0,0,0,0,0,0,0,0,0,0],[0,1,2,3,4,5,6,7,8,9,10,11,12,13,14,15,16,17,18,19,20,21,22,23,24,25,26,27,28,29,30,31,32,0,0,0,0,0,0,0,0,0,0,0,0,0,0,0,0,0,0,0,0,0,0,0,0,0,0,0,0,0,0,0,0,0,0,0,0,0,0,0,0,0,0,0,0,0,0,0,0,0,0,0,0,0,0,0,0,0,0,0,0,0,0,0,0,0,0,0,0,0,0,0,0,0,0,0,0,0,0,0,0,0,0,0,0,0,0,0,0,0,0,0,0,0,0,0]]"",""warmupCalls"":100,""warmupMs"":3000,""calibrationMs"":50,""exportName"":""bench""}",confirm,0.5922244536290321,0.5878209959677426,0.5961392499999996,8.504615000000001,8.31639700000001,9.295621999999995,-0.682333063148477,0.9341923875960223,0.9341923875960223,0,"[0.5961392499999996,0.5926132641129028,0.59026364516129,0.5878209959677426,0.5922244536290321]","[8.504615000000001,9.295621999999995,8.347406000000007,8.31639700000001,8.580325000000002]","[0.9341923875960223,-0.682333063148477,0.11809306706629386,-0.2414092441935578,0.25958435029829197]",70.4357995341149,0.760998974414469,
historical-separate,Seven-way isolated row mechanism,runtime-row32,actual_call,/home/ai/bend2/build/publish/bend/selfhost/build/phase30/runtime-row-confirm-01/report.json,d77640af138d08940ff3b8b98e8fd7bcb2627321a0181b91544fafeb9fbdb9b3,c013160d43e07995ed740972c7d3112f8b339f785184619427394d7bf2bb2ad8,"{""args"":[32,17],""expected"":""[[0,2,1,1,0,0,0,1,1,0,0,2,3,1,3,1,0,1,0,0,2,1,0,0,0,2,0,2,1,0,2,1,0,0,0,0,0,0,0,0,0,0,0,0,0,0,0,0,0,0,0,0,0,0,0,0,0,0,0,0,0,0,0,0,0,0,0,0,0,0,0,0,0,0,0,0,0,0,0,0,0,0,0,0,0,0,0,0,0,0,0,0,0,0,0,0,0,0,0,0,0,0,0,0,0,0,0,0,0,0,0,0,0,0,0,0,0,0,0,0,0,0,0,0,0,0,0,0],[0,1,2,0,1,0,1,2,0,0,0,0,2,0,0,3,0,1,2,0,1,2,0,0,1,3,3,0,0,3,0,3,0,0,0,0,0,0,0,0,0,0,0,0,0,0,0,0,0,0,0,0,0,0,0,0,0,0,0,0,0,0,0,0,0,0,0,0,0,0,0,0,0,0,0,0,0,0,0,0,0,0,0,0,0,0,0,0,0,0,0,0,0,0,0,0,0,0,0,0,0,0,0,0,0,0,0,0,0,0,0,0,0,0,0,0,0,0,0,0,0,0,0,0,0,0,0,0],[0,1,1,2,3,4,5,6,7,8,9,10,11,12,13,14,15,16,17,18,19,20,21,22,23,24,25,26,27,28,29,30,31,0,0,0,0,0,0,0,0,0,0,0,0,0,0,0,0,0,0,0,0,0,0,0,0,0,0,0,0,0,0,0,0,0,0,0,0,0,0,0,0,0,0,0,0,0,0,0,0,0,0,0,0,0,0,0,0,0,0,0,0,0,0,0,0,0,0,0,0,0,0,0,0,0,0,0,0,0,0,0,0,0,0,0,0,0,0,0,0,0,0,0,0,0,0,0],[0,1,2,3,4,5,6,7,8,9,10,11,12,13,14,15,16,17,18,19,20,21,22,23,24,25,26,27,28,29,30,31,32,0,0,0,0,0,0,0,0,0,0,0,0,0,0,0,0,0,0,0,0,0,0,0,0,0,0,0,0,0,0,0,0,0,0,0,0,0,0,0,0,0,0,0,0,0,0,0,0,0,0,0,0,0,0,0,0,0,0,0,0,0,0,0,0,0,0,0,0,0,0,0,0,0,0,0,0,0,0,0,0,0,0,0,0,0,0,0,0,0,0,0,0,0,0,0]]"",""warmupCalls"":100,""warmupMs"":3000,""calibrationMs"":50,""exportName"":""bench""}",confirm,0.5475757379679151,0.5399893868092697,0.5491758342245987,8.037309000000008,8.023828999999992,8.073358999999996,0.8589428328128701,1.384884781712259,1.384884781712259,0,"[0.5399893868092697,0.5435076434937611,0.5475757379679151,0.5491758342245987,0.548976575757576]","[8.037309000000008,8.065408999999988,8.023828999999992,8.030829999999995,8.073358999999996]","[0.9914095637496789,0.8589428328128701,1.1562015096190814,1.384884781712259,1.2387627284985658]",65.12553588915561,0.8230499830167239,
historical-separate,Seven-way isolated row mechanism,runtime-row32,typescript,/home/ai/bend2/build/publish/bend/selfhost/build/phase30/runtime-row-confirm-01/report.json,d77640af138d08940ff3b8b98e8fd7bcb2627321a0181b91544fafeb9fbdb9b3,34116f36cf0eb5089e5041abb10f2d0786051e8bd3f9afe350d97aad8303ae10,"{""args"":[32,17],""expected"":""[[0,2,1,1,0,0,0,1,1,0,0,2,3,1,3,1,0,1,0,0,2,1,0,0,0,2,0,2,1,0,2,1,0,0,0,0,0,0,0,0,0,0,0,0,0,0,0,0,0,0,0,0,0,0,0,0,0,0,0,0,0,0,0,0,0,0,0,0,0,0,0,0,0,0,0,0,0,0,0,0,0,0,0,0,0,0,0,0,0,0,0,0,0,0,0,0,0,0,0,0,0,0,0,0,0,0,0,0,0,0,0,0,0,0,0,0,0,0,0,0,0,0,0,0,0,0,0,0],[0,1,2,0,1,0,1,2,0,0,0,0,2,0,0,3,0,1,2,0,1,2,0,0,1,3,3,0,0,3,0,3,0,0,0,0,0,0,0,0,0,0,0,0,0,0,0,0,0,0,0,0,0,0,0,0,0,0,0,0,0,0,0,0,0,0,0,0,0,0,0,0,0,0,0,0,0,0,0,0,0,0,0,0,0,0,0,0,0,0,0,0,0,0,0,0,0,0,0,0,0,0,0,0,0,0,0,0,0,0,0,0,0,0,0,0,0,0,0,0,0,0,0,0,0,0,0,0],[0,1,1,2,3,4,5,6,7,8,9,10,11,12,13,14,15,16,17,18,19,20,21,22,23,24,25,26,27,28,29,30,31,0,0,0,0,0,0,0,0,0,0,0,0,0,0,0,0,0,0,0,0,0,0,0,0,0,0,0,0,0,0,0,0,0,0,0,0,0,0,0,0,0,0,0,0,0,0,0,0,0,0,0,0,0,0,0,0,0,0,0,0,0,0,0,0,0,0,0,0,0,0,0,0,0,0,0,0,0,0,0,0,0,0,0,0,0,0,0,0,0,0,0,0,0,0,0],[0,1,2,3,4,5,6,7,8,9,10,11,12,13,14,15,16,17,18,19,20,21,22,23,24,25,26,27,28,29,30,31,32,0,0,0,0,0,0,0,0,0,0,0,0,0,0,0,0,0,0,0,0,0,0,0,0,0,0,0,0,0,0,0,0,0,0,0,0,0,0,0,0,0,0,0,0,0,0,0,0,0,0,0,0,0,0,0,0,0,0,0,0,0,0,0,0,0,0,0,0,0,0,0,0,0,0,0,0,0,0,0,0,0,0,0,0,0,0,0,0,0,0,0,0,0,0,0]]"",""warmupCalls"":100,""warmupMs"":3000,""calibrationMs"":50,""exportName"":""bench""}",confirm,0.008408003565604361,0.008366823157080068,0.00845696611293845,1.775433999999997,1.7048269999999945,2.070563,1.1733705108669001,2.1234705610585713,2.1234705610585713,0,"[0.008366823157080068,0.008409603637469258,0.00845696611293845,0.008408003565604361,0.00837236982780066]","[1.775433999999997,1.7048269999999945,1.9985260000000054,2.070563,1.7485849999999985]","[1.2589243169968345,2.092552570978623,2.1234705610585713,1.1733705108669001,1.3616822624961777]",1.0,53.60157120752457,
historical-separate,Actual15/16 cleanup confirmation,checked-runtime-row32,phase29,/home/ai/bend2/build/publish/bend/selfhost/build/phase30/runtime-cleanup-confirm-16/report.json,5e14ef8e57f0d7ccd1b879b2aae8ecdf4c51d5d6b21180afa015c262c68abd4f,a1eb7eb33c942c719547d3954f25801d4543d10f06baccf25bf1a32e38009dc0,"{""args"":[32,17],""expected"":""[[0,2,1,1,0,0,0,1,1,0,0,2,3,1,3,1,0,1,0,0,2,1,0,0,0,2,0,2,1,0,2,1,0,0,0,0,0,0,0,0,0,0,0,0,0,0,0,0,0,0,0,0,0,0,0,0,0,0,0,0,0,0,0,0,0,0,0,0,0,0,0,0,0,0,0,0,0,0,0,0,0,0,0,0,0,0,0,0,0,0,0,0,0,0,0,0,0,0,0,0,0,0,0,0,0,0,0,0,0,0,0,0,0,0,0,0,0,0,0,0,0,0,0,0,0,0,0,0],[0,1,2,0,1,0,1,2,0,0,0,0,2,0,0,3,0,1,2,0,1,2,0,0,1,3,3,0,0,3,0,3,0,0,0,0,0,0,0,0,0,0,0,0,0,0,0,0,0,0,0,0,0,0,0,0,0,0,0,0,0,0,0,0,0,0,0,0,0,0,0,0,0,0,0,0,0,0,0,0,0,0,0,0,0,0,0,0,0,0,0,0,0,0,0,0,0,0,0,0,0,0,0,0,0,0,0,0,0,0,0,0,0,0,0,0,0,0,0,0,0,0,0,0,0,0,0,0],[0,1,1,2,3,4,5,6,7,8,9,10,11,12,13,14,15,16,17,18,19,20,21,22,23,24,25,26,27,28,29,30,31,0,0,0,0,0,0,0,0,0,0,0,0,0,0,0,0,0,0,0,0,0,0,0,0,0,0,0,0,0,0,0,0,0,0,0,0,0,0,0,0,0,0,0,0,0,0,0,0,0,0,0,0,0,0,0,0,0,0,0,0,0,0,0,0,0,0,0,0,0,0,0,0,0,0,0,0,0,0,0,0,0,0,0,0,0,0,0,0,0,0,0,0,0,0,0],[0,1,2,3,4,5,6,7,8,9,10,11,12,13,14,15,16,17,18,19,20,21,22,23,24,25,26,27,28,29,30,31,32,0,0,0,0,0,0,0,0,0,0,0,0,0,0,0,0,0,0,0,0,0,0,0,0,0,0,0,0,0,0,0,0,0,0,0,0,0,0,0,0,0,0,0,0,0,0,0,0,0,0,0,0,0,0,0,0,0,0,0,0,0,0,0,0,0,0,0,0,0,0,0,0,0,0,0,0,0,0,0,0,0,0,0,0,0,0,0,0,0,0,0,0,0,0,0]]"",""warmupCalls"":100,""warmupMs"":3000,""calibrationMs"":50,""exportName"":""bench""}",confirm,0.4481734506627399,0.4444219248895434,0.4515382017673048,7.566580999999999,7.531281000000007,7.597055999999995,-3.112696638415069,1.8878457521465553,3.112696638415069,0,"[0.44601035051546367,0.44856658910161973,0.4515382017673048,0.4481734506627399,0.4444219248895434]","[7.566580999999999,7.55536699999999,7.597055999999995,7.531281000000007,7.594351000000003]","[-3.112696638415069,-1.1493987464543776,1.455198044275141,1.8878457521465553,-2.7071578116513395]",53.223028046719755,1.0,
historical-separate,Actual15/16 cleanup confirmation,checked-runtime-row32,held14,/home/ai/bend2/build/publish/bend/selfhost/build/phase30/runtime-cleanup-confirm-16/report.json,5e14ef8e57f0d7ccd1b879b2aae8ecdf4c51d5d6b21180afa015c262c68abd4f,ab397dd04feab368aff46d7cf2af1930167d0df5d3c850380fef2a9465ef06b9,"{""args"":[32,17],""expected"":""[[0,2,1,1,0,0,0,1,1,0,0,2,3,1,3,1,0,1,0,0,2,1,0,0,0,2,0,2,1,0,2,1,0,0,0,0,0,0,0,0,0,0,0,0,0,0,0,0,0,0,0,0,0,0,0,0,0,0,0,0,0,0,0,0,0,0,0,0,0,0,0,0,0,0,0,0,0,0,0,0,0,0,0,0,0,0,0,0,0,0,0,0,0,0,0,0,0,0,0,0,0,0,0,0,0,0,0,0,0,0,0,0,0,0,0,0,0,0,0,0,0,0,0,0,0,0,0,0],[0,1,2,0,1,0,1,2,0,0,0,0,2,0,0,3,0,1,2,0,1,2,0,0,1,3,3,0,0,3,0,3,0,0,0,0,0,0,0,0,0,0,0,0,0,0,0,0,0,0,0,0,0,0,0,0,0,0,0,0,0,0,0,0,0,0,0,0,0,0,0,0,0,0,0,0,0,0,0,0,0,0,0,0,0,0,0,0,0,0,0,0,0,0,0,0,0,0,0,0,0,0,0,0,0,0,0,0,0,0,0,0,0,0,0,0,0,0,0,0,0,0,0,0,0,0,0,0],[0,1,1,2,3,4,5,6,7,8,9,10,11,12,13,14,15,16,17,18,19,20,21,22,23,24,25,26,27,28,29,30,31,0,0,0,0,0,0,0,0,0,0,0,0,0,0,0,0,0,0,0,0,0,0,0,0,0,0,0,0,0,0,0,0,0,0,0,0,0,0,0,0,0,0,0,0,0,0,0,0,0,0,0,0,0,0,0,0,0,0,0,0,0,0,0,0,0,0,0,0,0,0,0,0,0,0,0,0,0,0,0,0,0,0,0,0,0,0,0,0,0,0,0,0,0,0,0],[0,1,2,3,4,5,6,7,8,9,10,11,12,13,14,15,16,17,18,19,20,21,22,23,24,25,26,27,28,29,30,31,32,0,0,0,0,0,0,0,0,0,0,0,0,0,0,0,0,0,0,0,0,0,0,0,0,0,0,0,0,0,0,0,0,0,0,0,0,0,0,0,0,0,0,0,0,0,0,0,0,0,0,0,0,0,0,0,0,0,0,0,0,0,0,0,0,0,0,0,0,0,0,0,0,0,0,0,0,0,0,0,0,0,0,0,0,0,0,0,0,0,0,0,0,0,0,0]]"",""warmupCalls"":100,""warmupMs"":3000,""calibrationMs"":50,""exportName"":""bench""}",confirm,0.6019826592292088,0.5922783164300205,0.6096339817444225,8.442432999999994,8.397979000000007,9.136664999999994,-0.4586516973156818,0.9080428417914677,0.9080428417914677,0,"[0.5922783164300205,0.6073516166328603,0.6007340689655174,0.6019826592292088,0.6096339817444225]","[8.397979000000007,8.442432999999994,9.136664999999994,8.523987000000005,8.432018]","[0.24796541389620064,0.9080428417914677,-0.4586516973156818,-0.2926322769123191,0.3447904479493058]",71.48870578660272,0.7444956159311807,
historical-separate,Actual15/16 cleanup confirmation,checked-runtime-row32,repair15,/home/ai/bend2/build/publish/bend/selfhost/build/phase30/runtime-cleanup-confirm-16/report.json,5e14ef8e57f0d7ccd1b879b2aae8ecdf4c51d5d6b21180afa015c262c68abd4f,0d35397fb1b5af8069604e305941ce532723eb7253e4c89ecfd045aa46c3b2c1,"{""args"":[32,17],""expected"":""[[0,2,1,1,0,0,0,1,1,0,0,2,3,1,3,1,0,1,0,0,2,1,0,0,0,2,0,2,1,0,2,1,0,0,0,0,0,0,0,0,0,0,0,0,0,0,0,0,0,0,0,0,0,0,0,0,0,0,0,0,0,0,0,0,0,0,0,0,0,0,0,0,0,0,0,0,0,0,0,0,0,0,0,0,0,0,0,0,0,0,0,0,0,0,0,0,0,0,0,0,0,0,0,0,0,0,0,0,0,0,0,0,0,0,0,0,0,0,0,0,0,0,0,0,0,0,0,0],[0,1,2,0,1,0,1,2,0,0,0,0,2,0,0,3,0,1,2,0,1,2,0,0,1,3,3,0,0,3,0,3,0,0,0,0,0,0,0,0,0,0,0,0,0,0,0,0,0,0,0,0,0,0,0,0,0,0,0,0,0,0,0,0,0,0,0,0,0,0,0,0,0,0,0,0,0,0,0,0,0,0,0,0,0,0,0,0,0,0,0,0,0,0,0,0,0,0,0,0,0,0,0,0,0,0,0,0,0,0,0,0,0,0,0,0,0,0,0,0,0,0,0,0,0,0,0,0],[0,1,1,2,3,4,5,6,7,8,9,10,11,12,13,14,15,16,17,18,19,20,21,22,23,24,25,26,27,28,29,30,31,0,0,0,0,0,0,0,0,0,0,0,0,0,0,0,0,0,0,0,0,0,0,0,0,0,0,0,0,0,0,0,0,0,0,0,0,0,0,0,0,0,0,0,0,0,0,0,0,0,0,0,0,0,0,0,0,0,0,0,0,0,0,0,0,0,0,0,0,0,0,0,0,0,0,0,0,0,0,0,0,0,0,0,0,0,0,0,0,0,0,0,0,0,0,0],[0,1,2,3,4,5,6,7,8,9,10,11,12,13,14,15,16,17,18,19,20,21,22,23,24,25,26,27,28,29,30,31,32,0,0,0,0,0,0,0,0,0,0,0,0,0,0,0,0,0,0,0,0,0,0,0,0,0,0,0,0,0,0,0,0,0,0,0,0,0,0,0,0,0,0,0,0,0,0,0,0,0,0,0,0,0,0,0,0,0,0,0,0,0,0,0,0,0,0,0,0,0,0,0,0,0,0,0,0,0,0,0,0,0,0,0,0,0,0,0,0,0,0,0,0,0,0,0]]"",""warmupCalls"":100,""warmupMs"":3000,""calibrationMs"":50,""exportName"":""bench""}",confirm,0.4481208318318322,0.44723065465465506,0.451253665165165,7.38847100000001,7.338406000000006,7.600335999999999,-0.5532000142115301,-0.019543295703927654,0.5532000142115301,0,"[0.44723065465465506,0.451253665165165,0.44839209909909944,0.4481208318318322,0.44807023723723766]","[7.600335999999999,7.38847100000001,7.384800999999996,7.338406000000006,7.522750000000002]","[-0.17030697467161904,-0.5532000142115301,-0.019543295703927654,-0.07611048546788401,-0.07581082956391594]",53.21677927515811,1.000117421077464,
historical-separate,Actual15/16 cleanup confirmation,checked-runtime-row32,candidate,/home/ai/bend2/build/publish/bend/selfhost/build/phase30/runtime-cleanup-confirm-16/report.json,5e14ef8e57f0d7ccd1b879b2aae8ecdf4c51d5d6b21180afa015c262c68abd4f,52826ba56cf48f11766ea643dafbdd43ee1d5690bb2b088d0740ceba5f9d6041,"{""args"":[32,17],""expected"":""[[0,2,1,1,0,0,0,1,1,0,0,2,3,1,3,1,0,1,0,0,2,1,0,0,0,2,0,2,1,0,2,1,0,0,0,0,0,0,0,0,0,0,0,0,0,0,0,0,0,0,0,0,0,0,0,0,0,0,0,0,0,0,0,0,0,0,0,0,0,0,0,0,0,0,0,0,0,0,0,0,0,0,0,0,0,0,0,0,0,0,0,0,0,0,0,0,0,0,0,0,0,0,0,0,0,0,0,0,0,0,0,0,0,0,0,0,0,0,0,0,0,0,0,0,0,0,0,0],[0,1,2,0,1,0,1,2,0,0,0,0,2,0,0,3,0,1,2,0,1,2,0,0,1,3,3,0,0,3,0,3,0,0,0,0,0,0,0,0,0,0,0,0,0,0,0,0,0,0,0,0,0,0,0,0,0,0,0,0,0,0,0,0,0,0,0,0,0,0,0,0,0,0,0,0,0,0,0,0,0,0,0,0,0,0,0,0,0,0,0,0,0,0,0,0,0,0,0,0,0,0,0,0,0,0,0,0,0,0,0,0,0,0,0,0,0,0,0,0,0,0,0,0,0,0,0,0],[0,1,1,2,3,4,5,6,7,8,9,10,11,12,13,14,15,16,17,18,19,20,21,22,23,24,25,26,27,28,29,30,31,0,0,0,0,0,0,0,0,0,0,0,0,0,0,0,0,0,0,0,0,0,0,0,0,0,0,0,0,0,0,0,0,0,0,0,0,0,0,0,0,0,0,0,0,0,0,0,0,0,0,0,0,0,0,0,0,0,0,0,0,0,0,0,0,0,0,0,0,0,0,0,0,0,0,0,0,0,0,0,0,0,0,0,0,0,0,0,0,0,0,0,0,0,0,0],[0,1,2,3,4,5,6,7,8,9,10,11,12,13,14,15,16,17,18,19,20,21,22,23,24,25,26,27,28,29,30,31,32,0,0,0,0,0,0,0,0,0,0,0,0,0,0,0,0,0,0,0,0,0,0,0,0,0,0,0,0,0,0,0,0,0,0,0,0,0,0,0,0,0,0,0,0,0,0,0,0,0,0,0,0,0,0,0,0,0,0,0,0,0,0,0,0,0,0,0,0,0,0,0,0,0,0,0,0,0,0,0,0,0,0,0,0,0,0,0,0,0,0,0,0,0,0,0]]"",""warmupCalls"":100,""warmupMs"":3000,""calibrationMs"":50,""exportName"":""bench""}",confirm,0.4445850534351147,0.4428944442748095,0.45892772213740407,7.298743000000002,7.23666399999999,7.550308999999999,-0.16270207154065464,2.3095123125145056,2.3095123125145056,0,"[0.4428944442748095,0.4501276167938929,0.4439669435114508,0.4445850534351147,0.45892772213740407]","[7.23666399999999,7.3072890000000115,7.550308999999999,7.256302999999988,7.298743000000002]","[-0.16270207154065464,0.5916107598594955,0.09676247560863604,0.08996829308356435,2.3095123125145056]",52.796886413371666,1.0080713402303996,
historical-separate,Actual15/16 cleanup confirmation,checked-runtime-row32,typescript,/home/ai/bend2/build/publish/bend/selfhost/build/phase30/runtime-cleanup-confirm-16/report.json,5e14ef8e57f0d7ccd1b879b2aae8ecdf4c51d5d6b21180afa015c262c68abd4f,34116f36cf0eb5089e5041abb10f2d0786051e8bd3f9afe350d97aad8303ae10,"{""args"":[32,17],""expected"":""[[0,2,1,1,0,0,0,1,1,0,0,2,3,1,3,1,0,1,0,0,2,1,0,0,0,2,0,2,1,0,2,1,0,0,0,0,0,0,0,0,0,0,0,0,0,0,0,0,0,0,0,0,0,0,0,0,0,0,0,0,0,0,0,0,0,0,0,0,0,0,0,0,0,0,0,0,0,0,0,0,0,0,0,0,0,0,0,0,0,0,0,0,0,0,0,0,0,0,0,0,0,0,0,0,0,0,0,0,0,0,0,0,0,0,0,0,0,0,0,0,0,0,0,0,0,0,0,0],[0,1,2,0,1,0,1,2,0,0,0,0,2,0,0,3,0,1,2,0,1,2,0,0,1,3,3,0,0,3,0,3,0,0,0,0,0,0,0,0,0,0,0,0,0,0,0,0,0,0,0,0,0,0,0,0,0,0,0,0,0,0,0,0,0,0,0,0,0,0,0,0,0,0,0,0,0,0,0,0,0,0,0,0,0,0,0,0,0,0,0,0,0,0,0,0,0,0,0,0,0,0,0,0,0,0,0,0,0,0,0,0,0,0,0,0,0,0,0,0,0,0,0,0,0,0,0,0],[0,1,1,2,3,4,5,6,7,8,9,10,11,12,13,14,15,16,17,18,19,20,21,22,23,24,25,26,27,28,29,30,31,0,0,0,0,0,0,0,0,0,0,0,0,0,0,0,0,0,0,0,0,0,0,0,0,0,0,0,0,0,0,0,0,0,0,0,0,0,0,0,0,0,0,0,0,0,0,0,0,0,0,0,0,0,0,0,0,0,0,0,0,0,0,0,0,0,0,0,0,0,0,0,0,0,0,0,0,0,0,0,0,0,0,0,0,0,0,0,0,0,0,0,0,0,0,0],[0,1,2,3,4,5,6,7,8,9,10,11,12,13,14,15,16,17,18,19,20,21,22,23,24,25,26,27,28,29,30,31,32,0,0,0,0,0,0,0,0,0,0,0,0,0,0,0,0,0,0,0,0,0,0,0,0,0,0,0,0,0,0,0,0,0,0,0,0,0,0,0,0,0,0,0,0,0,0,0,0,0,0,0,0,0,0,0,0,0,0,0,0,0,0,0,0,0,0,0,0,0,0,0,0,0,0,0,0,0,0,0,0,0,0,0,0,0,0,0,0,0,0,0,0,0,0,0]]"",""warmupCalls"":100,""warmupMs"":3000,""calibrationMs"":50,""exportName"":""bench""}",confirm,0.00842066802868353,0.008378943904749022,0.008449463130834799,1.6991170000000082,1.6635860000000022,1.7063759999999988,1.164376832033187,2.531379605169759,2.531379605169759,0,"[0.008449463130834799,0.008378943904749022,0.00842066802868353,0.00843918319577865,0.008415375646056022]","[1.7063759999999988,1.689585000000001,1.6991170000000082,1.7046509999999984,1.6635860000000022]","[1.3483069312972829,1.3760392176017433,1.164376832033187,2.531379605169759,1.8427036940396047]",1.0,53.223028046719755,
historical-separate,Actual15/16 cleanup confirmation,checked-runtime-scalar128,phase29,/home/ai/bend2/build/publish/bend/selfhost/build/phase30/runtime-cleanup-confirm-16/report.json,5e14ef8e57f0d7ccd1b879b2aae8ecdf4c51d5d6b21180afa015c262c68abd4f,4f5b099ece772ee85d8f721cb38fa062fdff556f87dc9181b9838450c100c0a4,"{""exportName"":""bench"",""args"":[128,524800],""expected"":128,""warmupCalls"":100,""warmupMs"":3000,""calibrationMs"":50}",confirm,0.3964102172131146,0.39011407240437107,0.42329546311475436,6.411873,6.350753000000012,6.545262000000008,-0.21198193671334575,1.2179910250622372,1.2179910250622372,0,"[0.3964102172131146,0.406255204918033,0.3953120204918032,0.39011407240437107,0.42329546311475436]","[6.411873,6.427310999999989,6.383521999999999,6.350753000000012,6.545262000000008]","[0.13459938580537845,1.2179910250622372,-0.21198193671334575,-0.029356976456418327,0.5695819163234139]",232.77579413699394,1.0,
historical-separate,Actual15/16 cleanup confirmation,checked-runtime-scalar128,held14,/home/ai/bend2/build/publish/bend/selfhost/build/phase30/runtime-cleanup-confirm-16/report.json,5e14ef8e57f0d7ccd1b879b2aae8ecdf4c51d5d6b21180afa015c262c68abd4f,990a2a7568cdb40541883237b97e008ee785a8d8e890400b9890fe21274204f5,"{""exportName"":""bench"",""args"":[128,524800],""expected"":128,""warmupCalls"":100,""warmupMs"":3000,""calibrationMs"":50}",confirm,0.006965362439253798,0.006933745795355299,0.006996780865787292,1.4330420000000004,1.4047769999999957,1.5216449999999924,0.5678593463312342,2.9985940233042685,2.9985940233042685,0,"[0.006996780865787292,0.006933745795355299,0.006973433184780419,0.00694005226972431,0.006965362439253798]","[1.4047769999999957,1.4330420000000004,1.5216449999999924,1.419267000000005,1.4801089999999988]","[0.6002574138745276,0.5678593463312342,2.9985940233042685,1.63921846565378,1.8296661735937247]",4.090126093741995,56.91164252690089,
historical-separate,Actual15/16 cleanup confirmation,checked-runtime-scalar128,repair15,/home/ai/bend2/build/publish/bend/selfhost/build/phase30/runtime-cleanup-confirm-16/report.json,5e14ef8e57f0d7ccd1b879b2aae8ecdf4c51d5d6b21180afa015c262c68abd4f,da01f422be36e8fa4c5618fafd7311531b395498288a56d02fd600bc75f11035,"{""exportName"":""bench"",""args"":[128,524800],""expected"":128,""warmupCalls"":100,""warmupMs"":3000,""calibrationMs"":50}",confirm,0.006971682767917323,0.006927793507077059,0.00700932624129409,1.4137719999999945,1.4103120000000047,1.4431040000000053,0.9059723031426437,2.066728931422568,2.066728931422568,0,"[0.006948564974163111,0.006927793507077059,0.007009078903617157,0.006971682767917323,0.00700932624129409]","[1.4103120000000047,1.4137719999999945,1.4274159999999938,1.4110790000000009,1.4431040000000053]","[1.750881882878974,1.7012467940974219,2.066728931422568,1.3460269073258146,0.9059723031426437]",4.093837449958295,56.860048055734424,
historical-separate,Actual15/16 cleanup confirmation,checked-runtime-scalar128,candidate,/home/ai/bend2/build/publish/bend/selfhost/build/phase30/runtime-cleanup-confirm-16/report.json,5e14ef8e57f0d7ccd1b879b2aae8ecdf4c51d5d6b21180afa015c262c68abd4f,1ee14607b87871419efa1067250e8ff8b7fcea3a0e1f0000067fe7ec24f1d866,"{""exportName"":""bench"",""args"":[128,524800],""expected"":128,""warmupCalls"":100,""warmupMs"":3000,""calibrationMs"":50}",confirm,0.006975062529479148,0.0069550758933584885,0.0070504632212564245,1.4214279999999917,1.3977730000000008,1.5119820000000033,0.6825326667166065,2.3802493566847938,2.3802493566847938,0,"[0.0070504632212564245,0.0069830318037868095,0.006975062529479148,0.006974308290097252,0.0069550758933584885]","[1.4214279999999917,1.4520239999999944,1.3977730000000008,1.5119820000000033,1.3991910000000018]","[0.6825326667166065,0.6835449265822691,2.3802493566847938,1.4205343368690615,0.9825834648274023]",4.095822077617689,56.83249656010122,
historical-separate,Actual15/16 cleanup confirmation,checked-runtime-scalar128,typescript,/home/ai/bend2/build/publish/bend/selfhost/build/phase30/runtime-cleanup-confirm-16/report.json,5e14ef8e57f0d7ccd1b879b2aae8ecdf4c51d5d6b21180afa015c262c68abd4f,752a5711b92b0ba8b0e146f41e70ac3934e50965f77950d009b5e738320b594a,"{""exportName"":""bench"",""args"":[128,524800],""expected"":128,""warmupCalls"":100,""warmupMs"":3000,""calibrationMs"":50}",confirm,0.00170297009911528,0.0016956495099669602,0.0017308751857025657,0.7374360000000024,0.7361599999999981,0.7415360000000035,1.0019588114953848,2.411299562174829,2.411299562174829,0,"[0.001705563659948113,0.0016956495099669602,0.0017308751857025657,0.00170297009911528,0.0017026113661056785]","[0.7361599999999981,0.7374360000000024,0.7415360000000035,0.736187000000001,0.7404770000000056]","[1.3984663907510075,1.0019588114953848,2.411299562174829,1.6155742282939922,1.1168480884683918]",1.0,232.77579413699394,
historical-separate,Actual15/16 separate15-second warmup,final-runtime-cleanup-original-mandelbrot,repair15,/home/ai/bend2/build/publish/bend/selfhost/build/phase30/runtime-cleanup-long-confirm-16/report.json,85d78d8800dad999de38fa52b9bd075b1f89e3c3cd8369c7a343493fee14dd3f,6bf4e4978af75692ccccd93b840a20d99d0a8e0327e2b2391e069b0bd8a64d51,"{""args"":[2,0],""expected"":887240761,""exportName"":""bench"",""warmupCalls"":3,""warmupMs"":15000,""calibrationMs"":100}",long_warmup,0.21121576239280496,0.20824523948964638,0.21125158314160203,10.575652000000005,10.562639999999988,10.64538300000001,-2.875377677930746,0.23481354098098262,2.875377677930746,0,"[0.21125158314160203,0.21121576239280496,0.20824523948964638]","[10.575652000000005,10.64538300000001,10.562639999999988]","[-2.875377677930746,-0.5846314247415552,0.23481354098098262]",4.633902026623749,,
historical-separate,Actual15/16 separate15-second warmup,final-runtime-cleanup-original-mandelbrot,candidate16,/home/ai/bend2/build/publish/bend/selfhost/build/phase30/runtime-cleanup-long-confirm-16/report.json,85d78d8800dad999de38fa52b9bd075b1f89e3c3cd8369c7a343493fee14dd3f,3005054c9c00215306c17c80a9df76ed50819928ce3607cc27ab97f454ea57cb,"{""args"":[2,0],""expected"":887240761,""exportName"":""bench"",""warmupCalls"":3,""warmupMs"":15000,""calibrationMs"":100}",long_warmup,0.20936286512118008,0.20900681622760817,0.21054432434141201,10.617565999999997,10.614546000000004,10.68714,-0.3896641103012244,-0.025318133238649843,0.3896641103012244,0,"[0.21054432434141201,0.20900681622760817,0.20936286512118008]","[10.68714,10.617565999999997,10.614546000000004]","[-0.3896641103012244,-0.10490125511348758,-0.025318133238649843]",4.593250967607897,,
historical-separate,Actual15/16 separate15-second warmup,final-runtime-cleanup-original-mandelbrot,typescript,/home/ai/bend2/build/publish/bend/selfhost/build/phase30/runtime-cleanup-long-confirm-16/report.json,85d78d8800dad999de38fa52b9bd075b1f89e3c3cd8369c7a343493fee14dd3f,037f070e948ab7701364b7413c624bca4327db0bc6171ac4523b906d2ae9e222,"{""args"":[2,0],""expected"":887240761,""exportName"":""bench"",""warmupCalls"":3,""warmupMs"":15000,""calibrationMs"":100}",long_warmup,0.04558054123269764,0.04558035172911315,0.045639315749132034,5.723963000000005,5.695468000000005,5.798991000000001,-0.37250768831922354,0.5822703951554153,0.5822703951554153,0,"[0.04558054123269764,0.045639315749132034,0.04558035172911315]","[5.798991000000001,5.695468000000005,5.723963000000005]","[-0.37250768831922354,0.3815357347907167,0.5822703951554153]",1.0,,
historical-separate,Actual29/16 separate 15-second tree-bitonic follow-up,final16-tree-bitonic-long-warmup,typescript,/home/ai/bend2/build/publish/bend/selfhost/build/phase30/final-tree-bitonic-long-confirm-16/report.json,0a91c5b04fc8b2daee13166c2f54e7de56810a842c24996bbb80916911fe72b0,c24fff66dd20c4579b7912b42450f1574e4c0b7a84e5d8b2d3d1d1345ef2b159,"{""args"":[8,0],""expected"":971629740,""exportName"":""bench"",""warmupCalls"":3,""warmupMs"":15000,""calibrationMs"":100}",long_warmup,0.2593406804871727,0.25870268178284533,0.261328542368489,5.185842000000008,5.164303000000004,5.317431999999997,-0.255461944014157,-0.01033182996390547,0.255461944014157,0,"[0.25870268178284533,0.2593406804871727,0.261328542368489]","[5.185842000000008,5.317431999999997,5.164303000000004]","[-0.01033182996390547,-0.016711871162733427,-0.255461944014157]",1.0,89.7434615450344,
historical-separate,Actual29/16 separate 15-second tree-bitonic follow-up,final16-tree-bitonic-long-warmup,phase29,/home/ai/bend2/build/publish/bend/selfhost/build/phase30/final-tree-bitonic-long-confirm-16/report.json,0a91c5b04fc8b2daee13166c2f54e7de56810a842c24996bbb80916911fe72b0,c9e05243ea537eaa63fd394ba7e90ae67269045cddebd1a272374ab13552c867,"{""args"":[8,0],""expected"":971629740,""exportName"":""bench"",""warmupCalls"":3,""warmupMs"":15000,""calibrationMs"":100}",long_warmup,23.274130386363638,23.017738681818216,23.508582045454535,70.68331500000001,69.04622199999999,72.283766,-6.9653100398257894,4.898723503393154,6.9653100398257894,0,"[23.508582045454535,23.274130386363638,23.017738681818216]","[69.04622199999999,72.283766,70.68331500000001]","[-6.9653100398257894,4.898723503393154,0.24660093387625093]",89.7434615450344,1.0,
historical-separate,Actual29/16 separate 15-second tree-bitonic follow-up,final16-tree-bitonic-long-warmup,candidate,/home/ai/bend2/build/publish/bend/selfhost/build/phase30/final-tree-bitonic-long-confirm-16/report.json,0a91c5b04fc8b2daee13166c2f54e7de56810a842c24996bbb80916911fe72b0,e99c37bada9b4c0ce24ec1aca62a8333bcf75f8d8520a888e598029df69bb3f1,"{""args"":[8,0],""expected"":971629740,""exportName"":""bench"",""warmupCalls"":3,""warmupMs"":15000,""calibrationMs"":100}",long_warmup,24.240725476190466,24.1562103095238,24.74806354761906,72.883022,72.79489000000001,73.137864,-0.0291706436074346,2.7162559290640376,2.7162559290640376,0,"[24.240725476190466,24.74806354761906,24.1562103095238]","[72.883022,73.137864,72.79489000000001]","[0.28686651777141137,2.7162559290640376,-0.0291706436074346]",93.47058637562819,0.9601251583507173,
historical-separate,Prior checked16 transfer: mandelbrot,mandelbrot,typescript,/home/ai/bend2/build/publish/bend/selfhost/build/phase30/final-transfer-plan-16/mandelbrot-timing/report.json,a2ce036f5e2b142d9292cb80ea47ea7996c3c61b969493600d303e89cae3da4b,037f070e948ab7701364b7413c624bca4327db0bc6171ac4523b906d2ae9e222,"{""args"":[2,0],""expected"":887240761,""exportName"":""bench"",""warmupCalls"":3,""warmupMs"":1000,""calibrationMs"":100}",transfer,0.04545158814566509,0.04525990735943926,0.047824326527502674,5.657664999999994,5.634219999999999,6.176847999999993,-0.9015896047469663,1.038058356725835,1.038058356725835,0,"[0.04545158814566509,0.04525990735943926,0.045403634923053486,0.047824326527502674,0.04682824257199451]","[5.657664999999994,5.729509,5.634219999999999,6.176847999999993,5.637611]","[0.6955011294587088,-0.046134816819609625,-0.859143575490684,-0.9015896047469663,1.038058356725835]",1.0,471.1973026046161,
historical-separate,Prior checked16 transfer: mandelbrot,mandelbrot,phase29,/home/ai/bend2/build/publish/bend/selfhost/build/phase30/final-transfer-plan-16/mandelbrot-timing/report.json,a2ce036f5e2b142d9292cb80ea47ea7996c3c61b969493600d303e89cae3da4b,11977282d5c364224eb3ac540fe3885345531d5819a68e5facfc72b03a836033,"{""args"":[2,0],""expected"":887240761,""exportName"":""bench"",""warmupCalls"":3,""warmupMs"":1000,""calibrationMs"":100}",transfer,21.416665733333335,21.18292173333334,22.261221733333333,76.10189000000001,75.910352,76.940161,-7.2101897222525135,0.6877255629258894,7.2101897222525135,0,"[21.416665733333335,22.112688399999993,22.261221733333333,21.18292173333334,21.293545800000008]","[75.95387800000002,76.488308,76.10189000000001,76.940161,75.910352]","[0.6877255629258894,-7.2101897222525135,-1.3906375782720026,-1.6566544375231973,-1.3822513438538908]",471.1973026046161,1.0,
historical-separate,Prior checked16 transfer: mandelbrot,mandelbrot,candidate,/home/ai/bend2/build/publish/bend/selfhost/build/phase30/final-transfer-plan-16/mandelbrot-timing/report.json,a2ce036f5e2b142d9292cb80ea47ea7996c3c61b969493600d303e89cae3da4b,3005054c9c00215306c17c80a9df76ed50819928ce3607cc27ab97f454ea57cb,"{""args"":[2,0],""expected"":887240761,""exportName"":""bench"",""warmupCalls"":3,""warmupMs"":1000,""calibrationMs"":100}",transfer,0.21418115195369036,0.21243790882778593,0.2145282452966714,10.68262200000001,10.574567000000002,10.759809999999987,-1.2953040622687984,0.780754818184004,1.2953040622687984,0,"[0.21446911287988427,0.21418115195369036,0.21253892908827793,0.21243790882778593,0.2145282452966714]","[10.759809999999987,10.58959800000001,10.748491000000001,10.68262200000001,10.574567000000002]","[0.780754818184004,-1.2953040622687984,-0.07443593784648428,-0.8807320869767654,-0.9043490899164675]",4.712291928442059,99.99323254160097,
historical-separate,Prior checked16 transfer: editdist,editdist,typescript,/home/ai/bend2/build/publish/bend/selfhost/build/phase30/final-transfer-plan-16/editdist-timing/report.json,0c8bad60fa376d757ca806bc913f3f12e156641d2e2c042a77215e8c65e4bdaa,33721b7770aa4e367896cf1b842cc8ec309dced3a2608e25c5709217474eabc6,"{""args"":[2,0],""expected"":2065873279,""exportName"":""bench"",""warmupCalls"":3,""warmupMs"":1000,""calibrationMs"":100}",transfer,4.957824852459017,4.922820180327868,4.961241868852458,25.327350000000003,25.05541199999999,28.174449999999993,-0.3408681230613775,0.9850119005168967,0.9850119005168967,0,"[4.957824852459017,4.961241868852458,4.922820180327868,4.925713393442623,4.958414]","[25.127919999999996,26.613793,28.174449999999993,25.05541199999999,25.327350000000003]","[-0.3408681230613775,0.0732053193813087,-0.19454688259006314,0.008775794727133857,0.9850119005168967]",1.0,410.27389259044315,phase29: some timed samples contain only one call; within-sample drift unavailable; candidate: some timed samples contain only one call; within-sample drift unavailable
historical-separate,Prior checked16 transfer: editdist,editdist,phase29,/home/ai/bend2/build/publish/bend/selfhost/build/phase30/final-transfer-plan-16/editdist-timing/report.json,0c8bad60fa376d757ca806bc913f3f12e156641d2e2c042a77215e8c65e4bdaa,b8ef74706cdc0fc6c9205046b34b4a686ca501cee847ea43a2fcd830a0383ac3,"{""args"":[2,0],""expected"":2065873279,""exportName"":""bench"",""warmupCalls"":3,""warmupMs"":1000,""calibrationMs"":100}",transfer,2034.0661010000003,2013.8686669999988,2047.0518350000002,2236.485623,2235.415897,2267.0638559999998,,,,5,"[2034.0661010000003,2013.8686669999988,2038.3866560000006,2047.0518350000002,2027.0065479999994]","[2267.0638559999998,2235.415897,2235.434879,2253.866399,2236.485623]",[],410.27389259044315,1.0,phase29: some timed samples contain only one call; within-sample drift unavailable; candidate: some timed samples contain only one call; within-sample drift unavailable
historical-separate,Prior checked16 transfer: editdist,editdist,candidate,/home/ai/bend2/build/publish/bend/selfhost/build/phase30/final-transfer-plan-16/editdist-timing/report.json,0c8bad60fa376d757ca806bc913f3f12e156641d2e2c042a77215e8c65e4bdaa,8b479d5091961d94eb81a0423f67b390a8ee2f7e2a90d906dc299b4c54336f5c,"{""args"":[2,0],""expected"":2065873279,""exportName"":""bench"",""warmupCalls"":3,""warmupMs"":1000,""calibrationMs"":100}",transfer,2026.2265509999997,2019.643813999999,2040.376703,2241.719888,2230.046301,2274.7774679999998,,,,5,"[2040.376703,2026.2265509999997,2025.089781999999,2028.2161199999991,2019.643813999999]","[2230.046301,2247.51964,2239.501,2274.7774679999998,2241.719888]",[],408.692644717979,1.003869039222752,phase29: some timed samples contain only one call; within-sample drift unavailable; candidate: some timed samples contain only one call; within-sample drift unavailable
historical-separate,Prior checked16 transfer: tree-bitonic,tree-bitonic,typescript,/home/ai/bend2/build/publish/bend/selfhost/build/phase30/final-transfer-plan-16/tree-bitonic-timing/report.json,c9e37a3d4beda81b7f29043ca9ff85d4b6365ac2f5be2e505ae1dec4baff3f26,c24fff66dd20c4579b7912b42450f1574e4c0b7a84e5d8b2d3d1d1345ef2b159,"{""args"":[8,0],""expected"":971629740,""exportName"":""bench"",""warmupCalls"":3,""warmupMs"":1000,""calibrationMs"":100}",transfer,0.27325283120437954,0.2713425739051094,0.2747054461678831,5.190742999999998,5.159842999999995,5.328189999999999,0.9560086834227377,2.1483466823265296,2.1483466823265296,0,"[0.2713425739051094,0.27325283120437954,0.27414642700729935,0.27187443156934304,0.2747054461678831]","[5.233228999999994,5.190742999999998,5.159842999999995,5.328189999999999,5.159851000000003]","[1.9903793197320052,1.9803545088852736,1.9963958242307234,2.1483466823265296,0.9560086834227377]",1.0,95.32358909217592,phase29: absolute half drift exceeds10%; candidate: absolute half drift exceeds10%
historical-separate,Prior checked16 transfer: tree-bitonic,tree-bitonic,phase29,/home/ai/bend2/build/publish/bend/selfhost/build/phase30/final-transfer-plan-16/tree-bitonic-timing/report.json,c9e37a3d4beda81b7f29043ca9ff85d4b6365ac2f5be2e505ae1dec4baff3f26,c9e05243ea537eaa63fd394ba7e90ae67269045cddebd1a272374ab13552c867,"{""args"":[8,0],""expected"":971629740,""exportName"":""bench"",""warmupCalls"":3,""warmupMs"":1000,""calibrationMs"":100}",transfer,26.04744059999998,25.876330500000016,26.268455000000017,69.334023,69.031628,77.103202,-20.584596541795364,-19.457533282085127,20.584596541795364,0,"[26.102275499999998,25.876330500000016,26.04744059999998,26.268455000000017,26.040267100000005]","[69.17472,69.031628,77.103202,69.77302599999999,69.334023]","[-20.449654994370725,-20.584596541795364,-19.577781751729752,-19.457533282085127,-19.956921201435517]",95.32358909217592,1.0,phase29: absolute half drift exceeds10%; candidate: absolute half drift exceeds10%
historical-separate,Prior checked16 transfer: tree-bitonic,tree-bitonic,candidate,/home/ai/bend2/build/publish/bend/selfhost/build/phase30/final-transfer-plan-16/tree-bitonic-timing/report.json,c9e37a3d4beda81b7f29043ca9ff85d4b6365ac2f5be2e505ae1dec4baff3f26,e99c37bada9b4c0ce24ec1aca62a8333bcf75f8d8520a888e598029df69bb3f1,"{""args"":[8,0],""expected"":971629740,""exportName"":""bench"",""warmupCalls"":3,""warmupMs"":1000,""calibrationMs"":100}",transfer,26.938267600000017,26.9156518,27.104498999999986,73.13075900000001,72.891317,73.65006400000001,-17.80192112222413,-17.29482917872296,17.80192112222413,0,"[26.9156518,26.938267600000017,27.104498999999986,26.919272799999998,26.971300300000006]","[73.238725,73.13075900000001,73.65006400000001,72.891317,72.98071999999999]","[-17.535711969762325,-17.80148311801205,-17.29482917872296,-17.80192112222413,-17.44889388169042]",98.583672422598,0.9669307984749533,phase29: absolute half drift exceeds10%; candidate: absolute half drift exceeds10%
historical-separate,Prior checked16 transfer: lexer,lexer,typescript,/home/ai/bend2/build/publish/bend/selfhost/build/phase30/final-transfer-plan-16/lexer-timing/report.json,5ad152db5b00f3ad480b6c4f6501c927183086c7d0f08b89d17b90a28ceab34a,2d9378dfdcacc5904f4b2ac65fd90ba1dcc4a51d9c68b00f6042c42aaeadbbba,"{""args"":[8,0],""expected"":1822208108,""exportName"":""bench"",""warmupCalls"":3,""warmupMs"":1000,""calibrationMs"":100}",transfer,1.9195492929936298,1.910421082802547,2.0188250636942677,20.238928,20.008947999999997,20.641849,-0.6688136463670613,6.783958594426331,6.783958594426331,0,"[1.9195492929936298,1.9330533821656042,1.910421082802547,1.915327127388535,2.0188250636942677]","[20.641849,20.185534000000004,20.238928,20.008947999999997,20.262709]","[-0.5006070254377382,0.28388129183958277,-0.6688136463670613,0.34667224353068793,6.783958594426331]",1.0,91.7166968009632,
historical-separate,Prior checked16 transfer: lexer,lexer,phase29,/home/ai/bend2/build/publish/bend/selfhost/build/phase30/final-transfer-plan-16/lexer-timing/report.json,5ad152db5b00f3ad480b6c4f6501c927183086c7d0f08b89d17b90a28ceab34a,1f5e140803c8a6f19eadc7dd8880b7a9372f9a70fc80a81dd98b886104d85d7d,"{""args"":[8,0],""expected"":1822208108,""exportName"":""bench"",""warmupCalls"":3,""warmupMs"":1000,""calibrationMs"":100}",transfer,176.05472050000003,174.51859250000007,178.02724349999994,320.795435,318.037734,323.30427199999997,-0.5725066524779776,1.538492264865643,1.538492264865643,0,"[176.3610910000001,176.05472050000003,174.51859250000007,175.19857450000006,178.02724349999994]","[320.795435,318.037734,322.62030000000004,318.444526,323.30427199999997]","[0.8214599943590306,-0.4018347644154985,-0.33385041006495086,-0.5725066524779776,1.538492264865643]",91.7166968009632,1.0,
historical-separate,Prior checked16 transfer: lexer,lexer,candidate,/home/ai/bend2/build/publish/bend/selfhost/build/phase30/final-transfer-plan-16/lexer-timing/report.json,5ad152db5b00f3ad480b6c4f6501c927183086c7d0f08b89d17b90a28ceab34a,28fb317b8c264fd4b71abecfdd7615fb4f7a8c5a1822bb6b74d64bd5b1d50c8c,"{""args"":[8,0],""expected"":1822208108,""exportName"":""bench"",""warmupCalls"":3,""warmupMs"":1000,""calibrationMs"":100}",transfer,176.1591095,175.159401,178.378777,302.71538000000004,301.390416,305.431898,-4.191086579693836,-0.21596353971999882,4.191086579693836,0,"[176.1591095,177.576867,178.378777,175.69048249999992,175.159401]","[302.71538000000004,305.431898,301.390416,304.677468,302.59864100000004]","[-0.7109547960521878,-0.21596353971999882,-4.191086579693836,-0.5374568363522458,-0.4037147268511676]",91.7710788376116,0.9994074163959147,
historical-separate,Prior checked16 transfer: symreg,symreg,typescript,/home/ai/bend2/build/publish/bend/selfhost/build/phase30/final-transfer-plan-16/symreg-timing/report.json,9eaa9f4a34c5256eea830c66ac3af6f0a04f778a4006b91848587c6146eb78c0,545d6112dbbb0cc66074407a0daf7076b148f9d311e7e9bbffff3376f8e00651,"{""args"":[6,42],""expected"":2490246820,""exportName"":""bench"",""warmupCalls"":3,""warmupMs"":1000,""calibrationMs"":100}",transfer,1.106571724264706,1.0992997058823533,1.1091956066176474,9.361525,9.259105999999996,9.371369999999999,-0.7226342586303058,0.09018432895997464,0.7226342586303058,0,"[1.0992997058823533,1.1091956066176474,1.1078893455882355,1.1020631617647065,1.106571724264706]","[9.361525,9.371369999999999,9.361667000000004,9.259105999999996,9.284560999999997]","[-0.10045405142993236,0.09018432895997464,-0.11704933462094447,-0.0506327374357296,-0.7226342586303058]",1.0,96.68408140263831,
historical-separate,Prior checked16 transfer: symreg,symreg,phase29,/home/ai/bend2/build/publish/bend/selfhost/build/phase30/final-transfer-plan-16/symreg-timing/report.json,9eaa9f4a34c5256eea830c66ac3af6f0a04f778a4006b91848587c6146eb78c0,d252d573449d06ab88d88243c0a18b237e3643de94b4cbd75141086b9f57661e,"{""args"":[6,42],""expected"":2490246820,""exportName"":""bench"",""warmupCalls"":3,""warmupMs"":1000,""calibrationMs"":100}",transfer,106.98787066666667,106.32494633333333,107.40189866666667,222.05854500000004,221.12299399999998,241.711655,-3.1480489924912147,-0.2626005236025075,3.1480489924912147,0,"[107.023388,106.32494633333333,106.98787066666667,106.83786700000003,107.40189866666667]","[221.12299399999998,222.05854500000004,241.711655,223.752224,221.31672100000003]","[-1.7734711287891392,-0.9964869267532706,-0.2626005236025075,-1.097558277284072,-3.1480489924912147]",96.68408140263831,1.0,
historical-separate,Prior checked16 transfer: symreg,symreg,candidate,/home/ai/bend2/build/publish/bend/selfhost/build/phase30/final-transfer-plan-16/symreg-timing/report.json,9eaa9f4a34c5256eea830c66ac3af6f0a04f778a4006b91848587c6146eb78c0,bdeb71be928e33843086edeb4a694b37dfb0326aa3b53b630966c8b27b1c6e40,"{""args"":[6,42],""expected"":2490246820,""exportName"":""bench"",""warmupCalls"":3,""warmupMs"":1000,""calibrationMs"":100}",transfer,109.77912733333339,109.42294066666666,110.44110266666674,226.174937,224.114207,227.44551,-0.6243504794361976,0.3833659993011107,0.6243504794361976,0,"[110.44110266666674,109.42294066666666,109.76418233333334,110.14283866666665,109.77912733333339]","[224.114207,226.174937,224.37755400000003,226.29850800000003,227.44551]","[0.08516990347853248,-0.3879965495332094,-0.6243504794361976,0.3833659993011107,0.12410290342450558]",99.20651768531259,0.9745738854509988,
historical-separate,Prior checked16 transfer: test-morning-program,test-morning-program,typescript,/home/ai/bend2/build/publish/bend/selfhost/build/phase30/final-transfer-plan-16/test-morning-program-timing/report.json,5e4d620dceb9dece897a081252df95cce6a6e27795d9ec322a8243610c3c695c,faff88b122b84d0d18698210c66233cae52493e3cc68c92d95e0c639e20990ad,"{""args"":[],""expected"":""a-bb-ccc 8 1877 42 lo hello 3"",""exportName"":""main.out"",""warmupCalls"":3,""warmupMs"":1000,""calibrationMs"":100}",transfer,0.0037231579252699387,0.003639227173707143,0.0038229228073498756,2.1796870000000013,2.176726000000002,2.200122999999998,0.9573218947763973,1.9459036198018032,1.9459036198018032,0,"[0.0037231579252699387,0.003639227173707143,0.0038229228073498756,0.0037979970756772106,0.003688673529551051]","[2.187531000000007,2.178206000000003,2.176726000000002,2.1796870000000013,2.200122999999998]","[1.2560682244588506,1.7242322094471296,1.1911808211149566,0.9573218947763973,1.9459036198018032]",1.0,61.092437780976994,phase29: absolute half drift exceeds10%; candidate: absolute half drift exceeds10%
historical-separate,Prior checked16 transfer: test-morning-program,test-morning-program,phase29,/home/ai/bend2/build/publish/bend/selfhost/build/phase30/final-transfer-plan-16/test-morning-program-timing/report.json,5e4d620dceb9dece897a081252df95cce6a6e27795d9ec322a8243610c3c695c,f9431ea138f00f8913c09c9aaca21f599a9a50c7a9ba3ff194f4748ab9f06ac0,"{""args"":[],""expected"":""a-bb-ccc 8 1877 42 lo hello 3"",""exportName"":""main.out"",""warmupCalls"":3,""warmupMs"":1000,""calibrationMs"":100}",transfer,0.22745679389830512,0.2256622596610169,0.2290535084745762,9.849124000000003,9.736018000000001,9.907904000000002,-21.760238773558804,-18.76272209282788,21.760238773558804,0,"[0.2256622596610169,0.22608443661016958,0.22770280745762708,0.2290535084745762,0.22745679389830512]","[9.885947000000002,9.849124000000003,9.736018000000001,9.764981000000006,9.907904000000002]","[-20.344290544926512,-20.340151798633478,-21.760238773558804,-18.76272209282788,-21.307008875389776]",61.092437780976994,1.0,phase29: absolute half drift exceeds10%; candidate: absolute half drift exceeds10%
historical-separate,Prior checked16 transfer: test-morning-program,test-morning-program,candidate,/home/ai/bend2/build/publish/bend/selfhost/build/phase30/final-transfer-plan-16/test-morning-program-timing/report.json,5e4d620dceb9dece897a081252df95cce6a6e27795d9ec322a8243610c3c695c,22b4efffc4e549548619a863872e7a933005a256405ae1dc3ec0a67d17cf6db5,"{""args"":[],""expected"":""a-bb-ccc 8 1877 42 lo hello 3"",""exportName"":""main.out"",""warmupCalls"":3,""warmupMs"":1000,""calibrationMs"":100}",transfer,0.22201927049180326,0.22007469808743174,0.23456807855191253,9.801597000000001,9.719469000000004,10.012571000000008,-20.19655104148943,-5.397176598743226,20.19655104148943,0,"[0.23456807855191253,0.22201927049180326,0.23097376434426242,0.22074626434426226,0.22007469808743174]","[9.801597000000001,9.762241000000003,9.719469000000004,9.889549000000002,10.012571000000008]","[-5.397176598743226,-15.261234402248757,-20.19655104148943,-14.85665023398518,-14.454481256310192]",59.63197773183534,1.0244912227414178,phase29: absolute half drift exceeds10%; candidate: absolute half drift exceeds10%
historical-separate,Prior checked16 transfer: test-evening-program,test-evening-program,typescript,/home/ai/bend2/build/publish/bend/selfhost/build/phase30/final-transfer-plan-16/test-evening-program-timing/report.json,9646bc66d27c8c51aedf587e7d57a3e076ed6ca037d2e42167555507ff0388b8,0c1d34b107501041c6e5a3bb5b896e91b8ab56b8826c3f616ea6b4e3a3e1d6d0,"{""args"":[],""expected"":81111,""exportName"":""main.out"",""warmupCalls"":3,""warmupMs"":1000,""calibrationMs"":100}",transfer,0.0031522498125301753,0.003134997668183547,0.0032115205908637996,2.5162149999999954,2.483091999999999,2.519398999999993,-2.00882889119125,-0.010680577869170982,2.00882889119125,0,"[0.0032115205908637996,0.0031533276458926133,0.003134997668183547,0.0031522498125301753,0.0031413016261081245]","[2.516347000000003,2.519398999999993,2.483091999999999,2.4927370000000053,2.5162149999999954]","[-1.1900242028304642,-2.00882889119125,-1.8589045739258458,-0.010680577869170982,-0.8984842205509547]",1.0,90.91465762486081,phase29: absolute half drift exceeds10%; candidate: absolute half drift exceeds10%
historical-separate,Prior checked16 transfer: test-evening-program,test-evening-program,phase29,/home/ai/bend2/build/publish/bend/selfhost/build/phase30/final-transfer-plan-16/test-evening-program-timing/report.json,9646bc66d27c8c51aedf587e7d57a3e076ed6ca037d2e42167555507ff0388b8,96bf6ad0006eed050ba8213858e4fe72282483622be3dcdc5a6948f9790a4291,"{""args"":[],""expected"":81111,""exportName"":""main.out"",""warmupCalls"":3,""warmupMs"":1000,""calibrationMs"":100}",transfer,0.28658571245421255,0.26762478754578783,0.359491075091575,12.335881,12.214021000000002,13.128625999999997,149.57180258287428,280.91046195937747,280.91046195937747,0,"[0.28658571245421255,0.2690259926739929,0.3137559304029302,0.26762478754578783,0.359491075091575]","[12.335881,12.304197000000002,12.359897000000004,12.214021000000002,13.128625999999997]","[178.23784400324158,151.2463865927965,217.32952428572534,149.57180258287428,280.91046195937747]",90.91465762486081,1.0,phase29: absolute half drift exceeds10%; candidate: absolute half drift exceeds10%
historical-separate,Prior checked16 transfer: test-evening-program,test-evening-program,candidate,/home/ai/bend2/build/publish/bend/selfhost/build/phase30/final-transfer-plan-16/test-evening-program-timing/report.json,9646bc66d27c8c51aedf587e7d57a3e076ed6ca037d2e42167555507ff0388b8,d1a28beec0fc808552729503814f15cd7a090f4ab27ef69f03ad5b99b4c7e7a8,"{""args"":[],""expected"":81111,""exportName"":""main.out"",""warmupCalls"":3,""warmupMs"":1000,""calibrationMs"":100}",transfer,0.2710410403726708,0.2472290155279504,0.305515195652174,12.354341000000005,12.280805,13.172968999999995,111.89919137193782,207.24825682076613,207.24825682076613,0,"[0.2710410403726708,0.2472290155279504,0.27400064906832294,0.305515195652174,0.2636333913043478]","[12.354341000000005,13.172968999999995,12.31413599999999,12.280805,12.369910000000004]","[148.10738397961853,111.89919137193782,150.59739132579475,207.24825682076613,138.22268748900495]",85.98336315075163,1.0573517282112275,phase29: absolute half drift exceeds10%; candidate: absolute half drift exceeds10%
historical-separate,Prior checked16 transfer: test-rle-roundtrip,test-rle-roundtrip,typescript,/home/ai/bend2/build/publish/bend/selfhost/build/phase30/final-transfer-plan-16/test-rle-roundtrip-timing/report.json,48b97156009d0a5b2e851257bd7e16c35f9eef7753460fac4851bf3c0bb30319,f21a8eb4239ff0db7fbfda6121f24b04b48c5478fe6de5798660ca5b417c80a8,"{""args"":[],""expected"":11,""exportName"":""main.out"",""warmupCalls"":3,""warmupMs"":1000,""calibrationMs"":100}",transfer,0.0005932840616385739,0.0005908772494090971,0.0005991079814604874,0.5071119999999922,0.5039450000000016,0.5085709999999963,1.152864061179093,3.7265668304568456,3.7265668304568456,0,"[0.0005991079814604874,0.0005921100542864271,0.0005937334817385015,0.0005932840616385739,0.0005908772494090971]","[0.5071119999999922,0.5062689999999961,0.5085709999999963,0.5039450000000016,0.5083249999999992]","[3.7265668304568456,1.21018666173216,1.6636573076177052,1.152864061179093,2.123135387321784]",1.0,75.45674795213989,
historical-separate,Prior checked16 transfer: test-rle-roundtrip,test-rle-roundtrip,phase29,/home/ai/bend2/build/publish/bend/selfhost/build/phase30/final-transfer-plan-16/test-rle-roundtrip-timing/report.json,48b97156009d0a5b2e851257bd7e16c35f9eef7753460fac4851bf3c0bb30319,ad8657b5b37a6a1fc1cf2054b37cd19a9626e0c26737887a2000bae08d05e483,"{""args"":[],""expected"":11,""exportName"":""main.out"",""warmupCalls"":3,""warmupMs"":1000,""calibrationMs"":100}",transfer,0.0447672859030837,0.044630914831130686,0.0451719684287812,3.1693700000000007,3.159830999999997,3.200068999999999,-1.267365351648464,0.4545680333823965,1.267365351648464,0,"[0.04491192276064609,0.0447672859030837,0.044630914831130686,0.0451719684287812,0.044635758590308355]","[3.160209000000009,3.196715999999995,3.1693700000000007,3.159830999999997,3.200068999999999]","[-1.1099531047419897,-1.267365351648464,-1.0157167022258107,0.4545680333823965,0.03326893949511245]",75.45674795213989,1.0,
historical-separate,Prior checked16 transfer: test-rle-roundtrip,test-rle-roundtrip,candidate,/home/ai/bend2/build/publish/bend/selfhost/build/phase30/final-transfer-plan-16/test-rle-roundtrip-timing/report.json,48b97156009d0a5b2e851257bd7e16c35f9eef7753460fac4851bf3c0bb30319,2ac708214d34a4a77058a4b54901a50be550e6e94df481335f10867e836accda,"{""args"":[],""expected"":11,""exportName"":""main.out"",""warmupCalls"":3,""warmupMs"":1000,""calibrationMs"":100}",transfer,0.04937625290364795,0.04821967740880093,0.04992665090790119,3.178658999999996,3.153922999999992,3.2233379999999983,-0.16790359113988407,1.4031818398081874,1.4031818398081874,0,"[0.04974569458530999,0.04869293113037787,0.04821967740880093,0.04992665090790119,0.04937625290364795]","[3.2233379999999983,3.1764500000000027,3.153922999999992,3.178658999999996,3.181039999999996]","[1.014012640277162,0.9281060165607036,0.3392516273292179,1.4031818398081874,-0.16790359113988407]",83.22531498196179,0.9066562015234709,
historical-separate,Prior checked16 transfer: test-map-set-ops,test-map-set-ops,typescript,/home/ai/bend2/build/publish/bend/selfhost/build/phase30/final-transfer-plan-16/test-map-set-ops-timing/report.json,c1b1b1fa58c05ed4b92518d00175f54353e9e6cf2430e2bf7c8d91d69ba0683b,91812e3092688bdc609a2f9f21c1280120b8392eab7cd7148586702bf551e9bf,"{""args"":[],""expected"":11111,""exportName"":""main.out"",""warmupCalls"":3,""warmupMs"":1000,""calibrationMs"":100}",transfer,0.023200174312601084,0.02253123430377886,0.023423165343331862,5.284129,5.229678999999997,5.343016000000006,-1.8492498411552538,0.817761724093824,1.8492498411552538,0,"[0.022584906925452126,0.023313200485222757,0.023423165343331862,0.02253123430377886,0.023200174312601084]","[5.229678999999997,5.23731200000001,5.343016000000006,5.294933,5.284129]","[-1.8492498411552538,-1.7302126380747684,-0.9000402804549945,0.37939101975652534,0.817761724093824]",1.0,100.36816610846736,phase29: absolute half drift exceeds10%; candidate: absolute half drift exceeds10%
historical-separate,Prior checked16 transfer: test-map-set-ops,test-map-set-ops,phase29,/home/ai/bend2/build/publish/bend/selfhost/build/phase30/final-transfer-plan-16/test-map-set-ops-timing/report.json,c1b1b1fa58c05ed4b92518d00175f54353e9e6cf2430e2bf7c8d91d69ba0683b,a05e0f45be9d5aa3057c296ea767782798df49f582b4b17d80800589184388e5,"{""args"":[],""expected"":11111,""exportName"":""main.out"",""warmupCalls"":3,""warmupMs"":1000,""calibrationMs"":100}",transfer,2.3285589491525434,2.2841082372881356,3.484179220338984,31.077156000000002,30.96099199999999,31.267130999999992,38.51930442083906,70.36227456907005,70.36227456907005,0,"[2.3285589491525434,2.3431051694915253,3.484179220338984,2.2841082372881356,2.3092709152542374]","[31.267130999999992,31.163185999999996,31.077156000000002,30.96099199999999,30.967888000000002]","[38.51930442083906,44.3188982943967,70.36227456907005,39.34166282978826,39.59007319576908]",100.36816610846736,1.0,phase29: absolute half drift exceeds10%; candidate: absolute half drift exceeds10%
historical-separate,Prior checked16 transfer: test-map-set-ops,test-map-set-ops,candidate,/home/ai/bend2/build/publish/bend/selfhost/build/phase30/final-transfer-plan-16/test-map-set-ops-timing/report.json,c1b1b1fa58c05ed4b92518d00175f54353e9e6cf2430e2bf7c8d91d69ba0683b,0c48976e7e9d27787bf0cdbcaa8d9ae5f01cc4c4494ccc91ddf6e1da980a88dd,"{""args"":[],""expected"":11111,""exportName"":""main.out"",""warmupCalls"":3,""warmupMs"":1000,""calibrationMs"":100}",transfer,2.1106989516129033,2.0927908951612904,2.115985112903225,31.156789999999987,31.047503000000006,33.355227,35.299176411381204,37.317888908611096,37.317888908611096,0,"[2.115985112903225,2.1125755564516124,2.0927908951612904,2.1106989516129033,2.096768669354839]","[33.355227,31.047503000000006,31.138696999999993,31.156789999999987,31.20509899999999]","[36.20106818882183,37.317888908611096,35.299176411381204,35.31406178669905,35.619277841340406]",90.97771952801602,1.1032169923489852,phase29: absolute half drift exceeds10%; candidate: absolute half drift exceeds10%
historical-separate,Prior checked16 transfer: raytrace,raytrace,typescript,/home/ai/bend2/build/publish/bend/selfhost/build/phase30/final-transfer-plan-16/raytrace-timing/report.json,15bf45558cbc4a93c069600ac50085608d05c8dc9e69ed6058807158141aa066,87bd526f04705416db047a31eb4ccc186f1c90f5c911f57736a3216a7629ddd2,"{""args"":[80,0],""expected"":402971,""exportName"":""bench"",""warmupCalls"":3,""warmupMs"":1000,""calibrationMs"":100}",transfer,34.22580333333334,34.03249044444445,34.273827999999995,125.171514,124.427497,128.354886,-1.62282705257224,-0.20900576751248234,1.62282705257224,0,"[34.09695100000002,34.273827999999995,34.03249044444445,34.22580333333334,34.23339555555554]","[128.354886,124.85944200000002,124.427497,125.171514,126.788622]","[-0.7534068513410985,-1.62282705257224,-0.8606338574171812,-0.46497506910263553,-0.20900576751248234]",1.0,309.98678051968767,phase29: some timed samples contain only one call; within-sample drift unavailable; candidate: some timed samples contain only one call; within-sample drift unavailable
historical-separate,Prior checked16 transfer: raytrace,raytrace,phase29,/home/ai/bend2/build/publish/bend/selfhost/build/phase30/final-transfer-plan-16/raytrace-timing/report.json,15bf45558cbc4a93c069600ac50085608d05c8dc9e69ed6058807158141aa066,52a93a16fe13e01b7e6cbce350d0f22d7fe0c7581ed649482a5002bfa7d3454c,"{""args"":[80,0],""expected"":402971,""exportName"":""bench"",""warmupCalls"":3,""warmupMs"":1000,""calibrationMs"":100}",transfer,10609.546585999997,10477.826405,11033.455134999997,11460.674636,11373.888832999999,11591.398822,,,,5,"[10660.504097999998,10609.546585999997,11033.455134999997,10478.489168,10477.826405]","[11516.437434000001,11460.674636,11591.398822,11373.888832999999,11420.425510000001]",[],309.98678051968767,1.0,phase29: some timed samples contain only one call; within-sample drift unavailable; candidate: some timed samples contain only one call; within-sample drift unavailable
historical-separate,Prior checked16 transfer: raytrace,raytrace,candidate,/home/ai/bend2/build/publish/bend/selfhost/build/phase30/final-transfer-plan-16/raytrace-timing/report.json,15bf45558cbc4a93c069600ac50085608d05c8dc9e69ed6058807158141aa066,20ce5769136718880c32761d8d79cb63847512918903e4a0e0b33f221166d307,"{""args"":[80,0],""expected"":402971,""exportName"":""bench"",""warmupCalls"":3,""warmupMs"":1000,""calibrationMs"":100}",transfer,10789.490797999999,10741.81613,10931.432371000003,11700.390304,11589.422483,11749.510213,,,,5,"[10931.432371000003,10741.81613,10789.490797999999,10805.684143999999,10746.629752999994]","[11749.510213,11611.883706999999,11708.092105,11700.390304,11589.422483]",[],315.2443404445047,0.9833222702193363,phase29: some timed samples contain only one call; within-sample drift unavailable; candidate: some timed samples contain only one call; within-sample drift unavailable
historical-separate,P30-030 isolated RLE confirmation,registration-rle,phase29,/home/ai/bend2/build/publish/bend/selfhost/build/phase30/registration-confirm-rle16/report.json,7f076ef8627605a318e6bb76cc0b6f3f5ccdf3d9464ac6a433288ebe49207ba1,ad8657b5b37a6a1fc1cf2054b37cd19a9626e0c26737887a2000bae08d05e483,"{""args"":[],""expected"":11,""exportName"":""main.out"",""warmupCalls"":100,""warmupMs"":3000,""calibrationMs"":50}",confirm,0.04427851547759432,0.043977195312499995,0.044525474646226436,3.164340999999993,3.1345839999999896,3.3905710000000084,-0.9184776650865145,0.8001129434819232,0.9184776650865145,0,"[0.04427851547759432,0.043977195312499995,0.044525474646226436,0.04442524086084906,0.04422447700471693]","[3.1345839999999896,3.149321999999998,3.181079000000011,3.164340999999993,3.3905710000000084]","[0.43643458859012885,-0.9184776650865145,-0.8848620306059707,0.08959541132118609,0.8001129434819232]",78.67387660638757,1.0,
historical-separate,P30-030 isolated RLE confirmation,registration-rle,unchanged16,/home/ai/bend2/build/publish/bend/selfhost/build/phase30/registration-confirm-rle16/report.json,7f076ef8627605a318e6bb76cc0b6f3f5ccdf3d9464ac6a433288ebe49207ba1,2ac708214d34a4a77058a4b54901a50be550e6e94df481335f10867e836accda,"{""args"":[],""expected"":11,""exportName"":""main.out"",""warmupCalls"":100,""warmupMs"":3000,""calibrationMs"":50}",confirm,0.04850821229230523,0.04827164429746729,0.048718867720600086,3.1973019999999934,3.155185000000003,3.2074690000000032,-1.808681854570826,0.4643464159345134,1.808681854570826,0,"[0.04850821229230523,0.04827164429746729,0.048718867720600086,0.04853590901758348,0.048415282303597415]","[3.155185000000003,3.2074690000000032,3.1973019999999934,3.1583510000000103,3.200293000000002]","[-0.36474388573531913,-0.626427841400401,-1.808681854570826,-0.2426480055989444,0.4643464159345134]",86.18918378626314,0.9128045208258095,
historical-separate,P30-030 isolated RLE confirmation,registration-rle,direct,/home/ai/bend2/build/publish/bend/selfhost/build/phase30/registration-confirm-rle16/report.json,7f076ef8627605a318e6bb76cc0b6f3f5ccdf3d9464ac6a433288ebe49207ba1,b9f8c1e410c093f21745ba687fafd1b5c2b336794f0793763c643c40a6c5b570,"{""args"":[],""expected"":11,""exportName"":""main.out"",""warmupCalls"":100,""warmupMs"":3000,""calibrationMs"":50}",confirm,0.04661181248975575,0.04630890067202101,0.04690307277495493,3.0989759999999933,3.071413000000007,3.1569330000000093,-2.21400243830272,0.04409029445506807,2.21400243830272,0,"[0.04661181248975575,0.046590873299459136,0.04690307277495493,0.0467443655138502,0.04630890067202101]","[3.124842000000001,3.0815819999999974,3.0989759999999933,3.1569330000000093,3.071413000000007]","[-0.43617789592611533,0.04409029445506807,-2.21400243830272,-0.3604688931526212,-0.01701048519137105]",82.81966874148593,0.9499419377293205,
historical-separate,P30-030 isolated RLE confirmation,registration-rle,flag,/home/ai/bend2/build/publish/bend/selfhost/build/phase30/registration-confirm-rle16/report.json,7f076ef8627605a318e6bb76cc0b6f3f5ccdf3d9464ac6a433288ebe49207ba1,2941abe82d0cd8b06dbe7bbbd0067c92ade9df5fcd3f7fa8b84fbbca07945d69,"{""args"":[],""expected"":11,""exportName"":""main.out"",""warmupCalls"":100,""warmupMs"":3000,""calibrationMs"":50}",confirm,0.04580811593533488,0.04574567251732097,0.04628917090069285,3.193993000000006,3.163088000000002,3.568494000000001,-0.9750957887604939,-0.43132065800844943,0.9750957887604939,0,"[0.046091725635103914,0.04575312856043108,0.04580811593533488,0.04628917090069285,0.04574567251732097]","[3.193993000000006,3.2016129999999947,3.163088000000002,3.568494000000001,3.1809089999999998]","[-0.43132065800844943,-0.5512720826742257,-0.4494896746130128,-0.719350357635351,-0.9750957887604939]",81.39166414671847,0.9666085271898145,
historical-separate,P30-030 isolated RLE confirmation,registration-rle,typescript,/home/ai/bend2/build/publish/bend/selfhost/build/phase30/registration-confirm-rle16/report.json,7f076ef8627605a318e6bb76cc0b6f3f5ccdf3d9464ac6a433288ebe49207ba1,f21a8eb4239ff0db7fbfda6121f24b04b48c5478fe6de5798660ca5b417c80a8,"{""args"":[],""expected"":11,""exportName"":""main.out"",""warmupCalls"":100,""warmupMs"":3000,""calibrationMs"":50}",confirm,0.0005628109022658651,0.0005575845442428531,0.0005810133594465445,0.5461500000000044,0.5105659999999972,0.5657569999999978,0.036390566872523955,4.446415527357672,4.446415527357672,0,"[0.0005705322416560133,0.0005604232480120411,0.0005628109022658651,0.0005575845442428531,0.0005810133594465445]","[0.5461500000000044,0.5657569999999978,0.5472400000000022,0.5105659999999972,0.5178259999999995]","[0.7432734176229472,1.2827047267345293,0.036390566872523955,1.2489156796313239,4.446415527357672]",1.0,78.67387660638757,
historical-separate,P30-030 registered helper negative control,registration-helper128,unchanged16,/home/ai/bend2/build/publish/bend/selfhost/build/phase30/registration-confirm-helper16/report.json,a25bdf346f88992052645b9277e43dfc47e04c389a10f2bbc0168b65bf440bb9,1ee14607b87871419efa1067250e8ff8b7fcea3a0e1f0000067fe7ec24f1d866,"{""args"":[128,524800],""expected"":128,""exportName"":""bench"",""warmupCalls"":100,""warmupMs"":3000,""calibrationMs"":50}",confirm,0.00696507319294251,0.006942706431417189,0.007214057985202048,1.4159819999999996,1.3979369999999989,1.434898000000004,0.015592812317910543,2.2823232435952967,2.2823232435952967,0,"[0.006942706431417189,0.006981319180421175,0.00696507319294251,0.0069562456232214005,0.007214057985202048]","[1.3979369999999989,1.4084479999999928,1.4159819999999996,1.434898000000004,1.4187700000000092]","[1.6876861000194587,1.938528211531132,1.9216883955003983,2.2823232435952967,0.015592812317910543]",,,
historical-separate,P30-030 registered helper negative control,registration-helper128,flag,/home/ai/bend2/build/publish/bend/selfhost/build/phase30/registration-confirm-helper16/report.json,a25bdf346f88992052645b9277e43dfc47e04c389a10f2bbc0168b65bf440bb9,f6f6284972176fe8e03539b07fcb4e39a3ff92dac851833f1574ca3f273737b4,"{""args"":[128,524800],""expected"":128,""exportName"":""bench"",""warmupCalls"":100,""warmupMs"":3000,""calibrationMs"":50}",confirm,0.00696485757271816,0.006942807578290429,0.00700475178869943,1.4125599999999991,1.3888479999999959,1.4938510000000065,0.08368915926961762,2.5228434089396456,2.5228434089396456,0,"[0.00696485757271816,0.006961972004903595,0.006942807578290429,0.007000001738548978,0.00700475178869943]","[1.4125599999999991,1.415097000000003,1.4081290000000024,1.3888479999999959,1.4938510000000065]","[0.9638344337044691,2.1845417569251957,2.5228434089396456,0.08368915926961762,1.7260069470518502]",,,
historical-separate,P30-030 complete-state row negative control,registration-row32,unchanged16,/home/ai/bend2/build/publish/bend/selfhost/build/phase30/registration-confirm-row16/report.json,a9376432f47874c4b4cd196cb76db2ed24523cb3f1326f77a578a2226fa2891a,52826ba56cf48f11766ea643dafbdd43ee1d5690bb2b088d0740ceba5f9d6041,"{""args"":[32,17],""expected"":""[[0,2,1,1,0,0,0,1,1,0,0,2,3,1,3,1,0,1,0,0,2,1,0,0,0,2,0,2,1,0,2,1,0,0,0,0,0,0,0,0,0,0,0,0,0,0,0,0,0,0,0,0,0,0,0,0,0,0,0,0,0,0,0,0,0,0,0,0,0,0,0,0,0,0,0,0,0,0,0,0,0,0,0,0,0,0,0,0,0,0,0,0,0,0,0,0,0,0,0,0,0,0,0,0,0,0,0,0,0,0,0,0,0,0,0,0,0,0,0,0,0,0,0,0,0,0,0,0],[0,1,2,0,1,0,1,2,0,0,0,0,2,0,0,3,0,1,2,0,1,2,0,0,1,3,3,0,0,3,0,3,0,0,0,0,0,0,0,0,0,0,0,0,0,0,0,0,0,0,0,0,0,0,0,0,0,0,0,0,0,0,0,0,0,0,0,0,0,0,0,0,0,0,0,0,0,0,0,0,0,0,0,0,0,0,0,0,0,0,0,0,0,0,0,0,0,0,0,0,0,0,0,0,0,0,0,0,0,0,0,0,0,0,0,0,0,0,0,0,0,0,0,0,0,0,0,0],[0,1,1,2,3,4,5,6,7,8,9,10,11,12,13,14,15,16,17,18,19,20,21,22,23,24,25,26,27,28,29,30,31,0,0,0,0,0,0,0,0,0,0,0,0,0,0,0,0,0,0,0,0,0,0,0,0,0,0,0,0,0,0,0,0,0,0,0,0,0,0,0,0,0,0,0,0,0,0,0,0,0,0,0,0,0,0,0,0,0,0,0,0,0,0,0,0,0,0,0,0,0,0,0,0,0,0,0,0,0,0,0,0,0,0,0,0,0,0,0,0,0,0,0,0,0,0,0],[0,1,2,3,4,5,6,7,8,9,10,11,12,13,14,15,16,17,18,19,20,21,22,23,24,25,26,27,28,29,30,31,32,0,0,0,0,0,0,0,0,0,0,0,0,0,0,0,0,0,0,0,0,0,0,0,0,0,0,0,0,0,0,0,0,0,0,0,0,0,0,0,0,0,0,0,0,0,0,0,0,0,0,0,0,0,0,0,0,0,0,0,0,0,0,0,0,0,0,0,0,0,0,0,0,0,0,0,0,0,0,0,0,0,0,0,0,0,0,0,0,0,0,0,0,0,0,0]]"",""warmupCalls"":100,""warmupMs"":3000,""calibrationMs"":50,""exportName"":""bench""}",confirm,0.4460979465081719,0.4431044115898959,0.45951288410104024,7.300474000000008,7.2175980000000095,7.434410999999997,0.021504589285292752,4.320347335177721,4.320347335177721,0,"[0.4496068900445761,0.4431044115898959,0.45951288410104024,0.4460979465081719,0.44489220653789024]","[7.434410999999997,7.422121000000004,7.300474000000008,7.2175980000000095,7.279257999999999]","[0.4413687617179862,0.1524998026890101,4.320347335177721,0.021504589285292752,0.8867130322298467]",,,
historical-separate,P30-030 complete-state row negative control,registration-row32,flag,/home/ai/bend2/build/publish/bend/selfhost/build/phase30/registration-confirm-row16/report.json,a9376432f47874c4b4cd196cb76db2ed24523cb3f1326f77a578a2226fa2891a,fc31165c8fbc5ac6c595ca12e9c57e18960ff2e3cef2f9d20c71220ee3b52475,"{""args"":[32,17],""expected"":""[[0,2,1,1,0,0,0,1,1,0,0,2,3,1,3,1,0,1,0,0,2,1,0,0,0,2,0,2,1,0,2,1,0,0,0,0,0,0,0,0,0,0,0,0,0,0,0,0,0,0,0,0,0,0,0,0,0,0,0,0,0,0,0,0,0,0,0,0,0,0,0,0,0,0,0,0,0,0,0,0,0,0,0,0,0,0,0,0,0,0,0,0,0,0,0,0,0,0,0,0,0,0,0,0,0,0,0,0,0,0,0,0,0,0,0,0,0,0,0,0,0,0,0,0,0,0,0,0],[0,1,2,0,1,0,1,2,0,0,0,0,2,0,0,3,0,1,2,0,1,2,0,0,1,3,3,0,0,3,0,3,0,0,0,0,0,0,0,0,0,0,0,0,0,0,0,0,0,0,0,0,0,0,0,0,0,0,0,0,0,0,0,0,0,0,0,0,0,0,0,0,0,0,0,0,0,0,0,0,0,0,0,0,0,0,0,0,0,0,0,0,0,0,0,0,0,0,0,0,0,0,0,0,0,0,0,0,0,0,0,0,0,0,0,0,0,0,0,0,0,0,0,0,0,0,0,0],[0,1,1,2,3,4,5,6,7,8,9,10,11,12,13,14,15,16,17,18,19,20,21,22,23,24,25,26,27,28,29,30,31,0,0,0,0,0,0,0,0,0,0,0,0,0,0,0,0,0,0,0,0,0,0,0,0,0,0,0,0,0,0,0,0,0,0,0,0,0,0,0,0,0,0,0,0,0,0,0,0,0,0,0,0,0,0,0,0,0,0,0,0,0,0,0,0,0,0,0,0,0,0,0,0,0,0,0,0,0,0,0,0,0,0,0,0,0,0,0,0,0,0,0,0,0,0,0],[0,1,2,3,4,5,6,7,8,9,10,11,12,13,14,15,16,17,18,19,20,21,22,23,24,25,26,27,28,29,30,31,32,0,0,0,0,0,0,0,0,0,0,0,0,0,0,0,0,0,0,0,0,0,0,0,0,0,0,0,0,0,0,0,0,0,0,0,0,0,0,0,0,0,0,0,0,0,0,0,0,0,0,0,0,0,0,0,0,0,0,0,0,0,0,0,0,0,0,0,0,0,0,0,0,0,0,0,0,0,0,0,0,0,0,0,0,0,0,0,0,0,0,0,0,0,0,0]]"",""warmupCalls"":100,""warmupMs"":3000,""calibrationMs"":50,""exportName"":""bench""}",confirm,0.42210630209790184,0.4169716839160835,0.42368533706293693,7.185030999999995,7.120867000000004,7.396290000000008,-1.2767174376258184,2.577966637468254,2.577966637468254,0,"[0.42368533706293693,0.4221719020979022,0.4169716839160835,0.42210630209790184,0.4184552461538464]","[7.130415999999997,7.396290000000008,7.201508999999987,7.185030999999995,7.120867000000004]","[-1.2767174376258184,0.407144597052822,0.0011453199904698508,2.577966637468254,-0.11338590809690796]",,,
historical-separate,P30-030 separate15-second Mandelbrot negative control,registration-original-mandelbrot,unchanged16,/home/ai/bend2/build/publish/bend/selfhost/build/phase30/registration-long-mandelbrot16/report.json,d335843c48bb72f92e64621f1346b94440edf3ee298607db5aa206cecd7fd13c,3005054c9c00215306c17c80a9df76ed50819928ce3607cc27ab97f454ea57cb,"{""args"":[2,0],""expected"":887240761,""exportName"":""bench"",""warmupCalls"":3,""warmupMs"":15000,""calibrationMs"":100}",long_warmup,0.21230985750156933,0.2084150776313039,0.21593912638627358,10.940788999999995,10.507598000000002,17.828295999999995,-0.3879201547022926,0.8496909138381081,0.8496909138381081,0,"[0.21593912638627358,0.21230985750156933,0.2084150776313039]","[10.507598000000002,10.940788999999995,17.828295999999995]","[-0.17356138403499255,0.8496909138381081,-0.3879201547022926]",,,
historical-separate,P30-030 separate15-second Mandelbrot negative control,registration-original-mandelbrot,flag,/home/ai/bend2/build/publish/bend/selfhost/build/phase30/registration-long-mandelbrot16/report.json,d335843c48bb72f92e64621f1346b94440edf3ee298607db5aa206cecd7fd13c,d805dab8d75dcf89c56c1e5252f8a76beddf916691c57290ca3200486e4db3dc,"{""args"":[2,0],""expected"":887240761,""exportName"":""bench"",""warmupCalls"":3,""warmupMs"":15000,""calibrationMs"":100}",long_warmup,0.21102937051876872,0.2080174148038802,0.2119227872205822,10.658486999999994,10.55671000000001,10.689155999999997,-1.8304180481799603,0.6946878862802652,1.8304180481799603,0,"[0.2080174148038802,0.21102937051876872,0.2119227872205822]","[10.55671000000001,10.689155999999997,10.658486999999994]","[0.18188922336366264,0.6946878862802652,-1.8304180481799603]",,,
historical-separate,Checked17 separate15-second-warm tree-bitonic diagnostic,final17-tree-bitonic-long-warmup,typescript,/home/ai/bend2/build/publish/bend/selfhost/build/phase30/final-tree-bitonic-long-confirm-17/report.json,ca7a6314a135d7c91b993fb56c280163794d940fbce14e96a2a8765e6db6baaa,c24fff66dd20c4579b7912b42450f1574e4c0b7a84e5d8b2d3d1d1345ef2b159,"{""args"":[8,0],""expected"":971629740,""exportName"":""bench"",""warmupCalls"":3,""warmupMs"":15000,""calibrationMs"":100}",long_warmup,0.2587045242290746,0.25857684400103637,0.26025764083959546,5.219385000000003,5.181502000000002,5.428635,-1.6016248673652256,-0.2665931424533974,1.6016248673652256,0,"[0.2587045242290746,0.26025764083959546,0.25857684400103637]","[5.428635,5.181502000000002,5.219385000000003]","[-0.2665931424533974,-1.6016248673652256,-0.5063566438240463]",1.0,88.46554885529387,
historical-separate,Checked17 separate15-second-warm tree-bitonic diagnostic,final17-tree-bitonic-long-warmup,phase29,/home/ai/bend2/build/publish/bend/selfhost/build/phase30/final-tree-bitonic-long-confirm-17/report.json,ca7a6314a135d7c91b993fb56c280163794d940fbce14e96a2a8765e6db6baaa,c9e05243ea537eaa63fd394ba7e90ae67269045cddebd1a272374ab13552c867,"{""args"":[8,0],""expected"":971629740,""exportName"":""bench"",""warmupCalls"":3,""warmupMs"":15000,""calibrationMs"":100}",long_warmup,22.886437727272757,22.838760386363614,22.992992500000003,69.06898999999999,68.877721,69.977072,-0.36747404861482424,0.12150649823161608,0.36747404861482424,0,"[22.838760386363614,22.992992500000003,22.886437727272757]","[69.06898999999999,69.977072,68.877721]","[0.12150649823161608,-0.36747404861482424,-0.31300942244019136]",88.46554885529387,1.0,
historical-separate,Checked17 separate15-second-warm tree-bitonic diagnostic,final17-tree-bitonic-long-warmup,candidate,/home/ai/bend2/build/publish/bend/selfhost/build/phase30/final-tree-bitonic-long-confirm-17/report.json,ca7a6314a135d7c91b993fb56c280163794d940fbce14e96a2a8765e6db6baaa,42c9a14f9f4dcd46c38bf22ea66961296f94a2220eded932c43d19f9c2e91d80,"{""args"":[8,0],""expected"":971629740,""exportName"":""bench"",""warmupCalls"":3,""warmupMs"":15000,""calibrationMs"":100}",long_warmup,22.78361086956521,22.662343934782612,22.844761282608687,72.088316,72.00827600000001,72.327003,-1.4001522873369754,1.3181671451363286,1.4001522873369754,0,"[22.844761282608687,22.662343934782612,22.78361086956521]","[72.327003,72.088316,72.00827600000001]","[1.0526320180068494,-1.4001522873369754,1.3181671451363286]",88.06808051563509,1.004513194080439,
